feature,activation_frequency
0,0.000766577257309109
1,0.0
2,0.0
3,0.0
4,0.0003832886286545545
5,0.000574932899326086
6,0.0003832886286545545
7,0.00019164431432727724
8,0.0
9,0.0
10,0.0
11,0.0003832886286545545
12,0.03698735311627388
13,0.00019164431432727724
14,0.0003832886286545545
15,0.000958221557084471
16,0.006707550957798958
17,0.0003832886286545545
18,0.000574932899326086
19,0.001533154514618218
20,0.0003832886286545545
21,0.0
22,0.009965503588318825
23,0.0003832886286545545
24,0.0
25,0.008432349190115929
26,0.16730548441410065
27,0.14833270013332367
28,0.001149865798652172
29,0.000574932899326086
30,0.0
31,0.11307014524936676
32,0.006132618058472872
33,0.000574932899326086
34,0.000958221557084471
35,0.0003832886286545545
36,0.003066309029236436
37,0.0003832886286545545
38,0.0003832886286545545
39,0.000574932899326086
40,0.000766577257309109
41,0.0
42,0.0
43,0.00019164431432727724
44,0.0
45,0.025297049432992935
46,0.0
47,0.000574932899326086
48,0.0
49,0.0
50,0.0
51,0.0003832886286545545
52,0.0
53,0.18225373327732086
54,0.0
55,0.00019164431432727724
56,0.000766577257309109
57,0.025680337101221085
58,0.0
59,0.000766577257309109
60,0.0
61,0.002299731597304344
62,0.0
63,0.0
64,0.0
65,0.000574932899326086
66,0.00344959762878716
67,0.0003832886286545545
68,0.00019164431432727724
69,0.0
70,0.0003832886286545545
71,0.00019164431432727724
72,0.000574932899326086
73,0.002108087297528982
74,0.00019164431432727724
75,0.0
76,0.000574932899326086
77,0.0
78,0.0
79,0.004024530295282602
80,0.0003832886286545545
81,0.0
82,0.000766577257309109
83,0.0
84,0.0
85,0.000766577257309109
86,0.001149865798652172
87,0.0
88,0.00172479881439358
89,0.003832886228337884
90,0.0003832886286545545
91,0.04197010397911072
92,0.001533154514618218
93,0.0003832886286545545
94,0.0
95,0.0
96,0.0003832886286545545
97,0.0003832886286545545
98,0.001341510214842856
99,0.0
100,0.0
101,0.00172479881439358
102,0.003257953329011798
103,0.0003832886286545545
104,0.000958221557084471
105,0.001149865798652172
106,0.00019164431432727724
107,0.001149865798652172
108,0.00019164431432727724
109,0.0
110,0.002108087297528982
111,0.0003832886286545545
112,0.002108087297528982
113,0.001341510214842856
114,0.0003832886286545545
115,0.002683020429685712
116,0.0003832886286545545
117,0.01360674574971199
118,0.004599463194608688
119,0.0
120,0.0
121,0.000766577257309109
122,0.0
123,0.0
124,0.000574932899326086
125,0.006707550957798958
126,0.004599463194608688
127,0.0
128,0.0003832886286545545
129,0.0003832886286545545
130,0.00172479881439358
131,0.00019164431432727724
132,0.011307014152407646
133,0.004599463194608688
134,0.000958221557084471
135,0.12897661328315735
136,0.0
137,0.0
138,0.0
139,0.000766577257309109
140,0.0
141,0.0003832886286545545
142,0.001149865798652172
143,0.0
144,0.0
145,0.17803756892681122
146,0.0003832886286545545
147,0.000766577257309109
148,0.00019164431432727724
149,0.001149865798652172
150,0.0
151,0.001533154514618218
152,0.0003832886286545545
153,0.001149865798652172
154,0.00019164431432727724
155,0.0003832886286545545
156,0.00019164431432727724
157,0.0
158,0.0003832886286545545
159,0.018972786143422127
160,0.5981218814849854
161,0.0
162,0.0
163,0.001149865798652172
164,0.000574932899326086
165,0.000766577257309109
166,0.00479110749438405
167,0.0
168,0.00019164431432727724
169,0.023955538868904114
170,0.003257953329011798
171,0.0003832886286545545
172,0.0
173,0.0003832886286545545
174,0.2592947483062744
175,0.0003832886286545545
176,0.0
177,0.000766577257309109
178,0.001341510214842856
179,0.0
180,0.00019164431432727724
181,0.0
182,0.00019164431432727724
183,0.0
184,0.00019164431432727724
185,0.0003832886286545545
186,0.0
187,0.000958221557084471
188,0.00019164431432727724
189,0.0
190,0.005174396093934774
191,0.0
192,0.0
193,0.00019164431432727724
194,0.00019164431432727724
195,0.00019164431432727724
196,0.0
197,0.0
198,0.15983135998249054
199,0.0
200,0.0003832886286545545
201,0.0
202,0.000574932899326086
203,0.000766577257309109
204,0.003066309029236436
205,0.00019164431432727724
206,0.0003832886286545545
207,0.002874664729461074
208,0.0003832886286545545
209,0.8838635683059692
210,0.0
211,0.000574932899326086
212,0.0
213,0.0003832886286545545
214,0.0
215,0.0
216,0.0
217,0.000574932899326086
218,0.0
219,0.000958221557084471
220,0.000766577257309109
221,0.0
222,0.0
223,0.000574932899326086
224,0.0
225,0.000574932899326086
226,0.000574932899326086
227,0.000574932899326086
228,0.0
229,0.00019164431432727724
230,0.00019164431432727724
231,0.0
232,0.0
233,0.25584515929222107
234,0.002491375897079706
235,0.0
236,0.0
237,0.00019164431432727724
238,0.00019164431432727724
239,0.0
240,0.806439220905304
241,0.007282483857125044
242,0.0
243,0.003257953329011798
244,0.035454198718070984
245,0.028363358229398727
246,0.0003832886286545545
247,0.000958221557084471
248,0.0003832886286545545
249,0.450172483921051
250,0.00019164431432727724
251,0.0
252,0.0003832886286545545
253,0.001916443114168942
254,0.0
255,0.005749329458922148
256,0.000766577257309109
257,0.00019164431432727724
258,0.000766577257309109
259,0.001149865798652172
260,0.00019164431432727724
261,0.0
262,0.0
263,0.0
264,0.001533154514618218
265,0.003832886228337884
266,0.0
267,0.001149865798652172
268,0.00019164431432727724
269,0.0
270,0.0003832886286545545
271,0.00479110749438405
272,0.0003832886286545545
273,0.00019164431432727724
274,0.00019164431432727724
275,0.0003832886286545545
276,0.000766577257309109
277,0.000766577257309109
278,0.009390571154654026
279,0.0
280,0.0003832886286545545
281,0.00019164431432727724
282,0.003066309029236436
283,0.0003832886286545545
284,0.0003832886286545545
285,0.0003832886286545545
286,0.0003832886286545545
287,0.000766577257309109
288,0.0
289,0.000766577257309109
290,0.00019164431432727724
291,0.004599463194608688
292,0.000574932899326086
293,0.0
294,0.0
295,0.002491375897079706
296,0.0003832886286545545
297,0.005174396093934774
298,0.0
299,0.000958221557084471
300,0.000574932899326086
301,0.0003832886286545545
302,0.02759678103029728
303,0.000766577257309109
304,0.0
305,0.0
306,0.0
307,0.0
308,0.0
309,0.001341510214842856
310,0.0
311,0.000574932899326086
312,0.000574932899326086
313,0.0003832886286545545
314,0.2757761478424072
315,0.00019164431432727724
316,0.06285933405160904
317,0.00019164431432727724
318,0.0
319,0.001916443114168942
320,0.0
321,0.0
322,0.00019164431432727724
323,0.0
324,0.00172479881439358
325,0.001149865798652172
326,0.00019164431432727724
327,0.000766577257309109
328,0.32215407490730286
329,0.0
330,0.005557685159146786
331,0.000958221557084471
332,0.0
333,0.0
334,0.0
335,0.050785742700099945
336,0.0003832886286545545
337,0.0
338,0.013031813316047192
339,0.00019164431432727724
340,0.0
341,0.0003832886286545545
342,0.000766577257309109
343,0.0003832886286545545
344,0.0
345,0.0
346,0.02203909493982792
347,0.001916443114168942
348,0.00019164431432727724
349,0.16117286682128906
350,0.0
351,0.00019164431432727724
352,0.000574932899326086
353,0.0
354,0.0
355,0.0
356,0.0
357,0.0003832886286545545
358,0.000574932899326086
359,0.000574932899326086
360,0.0
361,0.0
362,0.000574932899326086
363,0.001341510214842856
364,0.00019164431432727724
365,0.0
366,0.0
367,0.001149865798652172
368,0.0003832886286545545
369,0.0
370,0.0
371,0.0
372,0.00019164431432727724
373,0.0003832886286545545
374,0.000958221557084471
375,0.000766577257309109
376,0.0
377,0.00019164431432727724
378,0.0
379,0.0003832886286545545
380,0.0
381,0.00019164431432727724
382,0.000574932899326086
383,0.000766577257309109
384,0.0
385,0.26657724380493164
386,0.00019164431432727724
387,0.5728248357772827
388,0.0
389,0.016289766877889633
390,0.0
391,0.0
392,0.0
393,0.0003832886286545545
394,0.000766577257309109
395,0.00019164431432727724
396,0.000574932899326086
397,0.0003832886286545545
398,0.0
399,0.0003832886286545545
400,0.000958221557084471
401,0.0
402,0.0
403,0.001149865798652172
404,0.005174396093934774
405,0.000574932899326086
406,0.11862782388925552
407,0.00019164431432727724
408,0.17133000493049622
409,0.004982751794159412
410,0.0668838620185852
411,0.0
412,0.05960138142108917
413,0.0
414,0.0
415,0.00019164431432727724
416,0.003257953329011798
417,0.00019164431432727724
418,0.0003832886286545545
419,0.00019164431432727724
420,0.0003832886286545545
421,0.05404369533061981
422,0.0
423,0.000766577257309109
424,0.000574932899326086
425,0.0003832886286545545
426,0.0
427,0.0003832886286545545
428,0.0003832886286545545
429,0.00019164431432727724
430,0.0003832886286545545
431,0.0
432,0.0
433,0.035070907324552536
434,0.003832886228337884
435,0.00977385975420475
436,0.0003832886286545545
437,0.0
438,0.0
439,0.002299731597304344
440,0.0
441,0.00019164431432727724
442,0.0
443,0.0
444,0.01993100717663765
445,0.04292832687497139
446,0.0003832886286545545
447,0.0003832886286545545
448,0.001149865798652172
449,0.0003832886286545545
450,0.00019164431432727724
451,0.00019164431432727724
452,0.0
453,0.0
454,0.033346109092235565
455,0.000766577257309109
456,0.003066309029236436
457,0.0
458,0.0003832886286545545
459,0.00019164431432727724
460,0.000574932899326086
461,0.0
462,0.000574932899326086
463,0.000766577257309109
464,0.0
465,0.0
466,0.05979302525520325
467,0.001341510214842856
468,0.004599463194608688
469,0.0
470,0.000766577257309109
471,0.001533154514618218
472,0.07052510231733322
473,0.00019164431432727724
474,0.00019164431432727724
475,0.0
476,0.000574932899326086
477,0.00019164431432727724
478,0.00019164431432727724
479,0.0
480,0.000766577257309109
481,0.012456879951059818
482,0.0003832886286545545
483,0.0003832886286545545
484,0.00019164431432727724
485,0.0003832886286545545
486,0.000958221557084471
487,0.0
488,0.0
489,0.009965503588318825
490,0.000574932899326086
491,0.0
492,0.00019164431432727724
493,0.0
494,0.000574932899326086
495,0.0
496,0.0
497,0.0
498,0.005174396093934774
499,0.000574932899326086
500,0.0003832886286545545
501,0.0
502,0.000766577257309109
503,0.0
504,0.0
505,0.0003832886286545545
506,0.0
507,0.014564967714250088
508,0.0
509,0.0
510,0.0
511,0.06420084089040756
512,0.0
513,0.0003832886286545545
514,0.0003832886286545545
515,0.0003832886286545545
516,0.00019164431432727724
517,0.0
518,0.004407818894833326
519,0.001149865798652172
520,0.0
521,0.00172479881439358
522,0.0
523,0.0
524,0.0
525,0.0003832886286545545
526,0.0
527,0.0
528,0.0003832886286545545
529,0.0003832886286545545
530,0.0
531,0.0
532,0.0
533,0.000574932899326086
534,0.0
535,0.001341510214842856
536,0.0003832886286545545
537,0.000574932899326086
538,0.0
539,0.0
540,0.0
541,0.004599463194608688
542,0.000766577257309109
543,0.0003832886286545545
544,0.0
545,0.000574932899326086
546,0.017247987911105156
547,0.0
548,0.0
549,0.0
550,0.000574932899326086
551,0.00019164431432727724
552,0.00019164431432727724
553,0.00019164431432727724
554,0.00019164431432727724
555,0.0
556,0.00019164431432727724
557,0.1270601749420166
558,0.0003832886286545545
559,0.0
560,0.0
561,0.028363358229398727
562,0.0
563,0.001916443114168942
564,0.00019164431432727724
565,0.000958221557084471
566,0.0
567,0.0003832886286545545
568,0.0774243026971817
569,0.07090839743614197
570,0.0003832886286545545
571,0.0003832886286545545
572,0.0
573,0.00019164431432727724
574,0.00019164431432727724
575,0.0
576,0.001916443114168942
577,0.0003832886286545545
578,0.00019164431432727724
579,0.08853966742753983
580,0.00019164431432727724
581,0.0095822149887681
582,0.001149865798652172
583,0.0
584,0.0
585,0.002299731597304344
586,0.03487926349043846
587,0.0
588,0.029129935428500175
589,0.002108087297528982
590,0.00689919525757432
591,0.0
592,0.00019164431432727724
593,0.0
594,0.1067458763718605
595,0.0
596,0.000958221557084471
597,0.0
598,0.0003832886286545545
599,0.0
600,0.000574932899326086
601,0.000766577257309109
602,0.0
603,0.0
604,0.00019164431432727724
605,0.0003832886286545545
606,0.0
607,0.00019164431432727724
608,0.00172479881439358
609,0.00019164431432727724
610,0.00019164431432727724
611,0.0
612,0.000574932899326086
613,0.0
614,0.013223457150161266
615,0.0
616,0.00019164431432727724
617,0.029129935428500175
618,0.001341510214842856
619,0.0
620,0.001149865798652172
621,0.000574932899326086
622,0.001533154514618218
623,0.008049060590565205
624,0.0003832886286545545
625,0.0
626,0.00019164431432727724
627,0.0
628,0.0
629,0.05730164796113968
630,0.0003832886286545545
631,0.001149865798652172
632,0.0003832886286545545
633,0.001916443114168942
634,0.007474128156900406
635,0.00019164431432727724
636,0.0
637,0.0003832886286545545
638,0.001341510214842856
639,0.000766577257309109
640,0.00019164431432727724
641,0.0
642,0.0985051766037941
643,0.000766577257309109
644,0.005174396093934774
645,0.0
646,0.00019164431432727724
647,0.00019164431432727724
648,0.0
649,0.0
650,0.000766577257309109
651,0.0
652,0.0
653,0.0
654,0.00019164431432727724
655,0.00019164431432727724
656,0.0003832886286545545
657,0.0
658,0.00019164431432727724
659,0.000766577257309109
660,0.0003832886286545545
661,0.000766577257309109
662,0.00019164431432727724
663,0.00172479881439358
664,0.00019164431432727724
665,0.0
666,0.000574932899326086
667,0.0
668,0.0
669,0.001533154514618218
670,0.000574932899326086
671,0.0003832886286545545
672,0.000958221557084471
673,0.00019164431432727724
674,0.0
675,0.002299731597304344
676,0.0
677,0.000958221557084471
678,0.0003832886286545545
679,0.0
680,0.0
681,0.0
682,0.000574932899326086
683,0.008049060590565205
684,0.18781141936779022
685,0.0
686,0.0
687,0.00172479881439358
688,0.0
689,0.01169030275195837
690,0.0
691,0.0
692,0.0
693,0.0
694,0.0003832886286545545
695,0.0003832886286545545
696,0.000574932899326086
697,0.0
698,0.0
699,0.0
700,0.0
701,0.00019164431432727724
702,0.000766577257309109
703,0.000958221557084471
704,0.000958221557084471
705,0.004216174595057964
706,0.0
707,0.1473744660615921
708,0.00019164431432727724
709,0.000574932899326086
710,0.0
711,0.000766577257309109
712,0.001149865798652172
713,0.0
714,0.0
715,0.0
716,0.000958221557084471
717,0.0003832886286545545
718,0.00019164431432727724
719,0.0003832886286545545
720,0.001149865798652172
721,0.002683020429685712
722,0.0
723,0.00019164431432727724
724,0.0003832886286545545
725,0.0
726,0.000574932899326086
727,0.0
728,0.0003832886286545545
729,0.000958221557084471
730,0.0
731,0.001149865798652172
732,0.00019164431432727724
733,0.0
734,0.0003832886286545545
735,0.04177846014499664
736,0.0
737,0.04331161454319954
738,0.0
739,0.005557685159146786
740,0.000574932899326086
741,0.000574932899326086
742,0.000574932899326086
743,0.018589498475193977
744,0.0
745,0.001149865798652172
746,0.0
747,0.0003832886286545545
748,0.0003832886286545545
749,0.0
750,0.3633576035499573
751,0.0
752,0.00019164431432727724
753,0.005366040859371424
754,0.00019164431432727724
755,0.002299731597304344
756,0.0
757,0.00019164431432727724
758,0.4336910545825958
759,0.0003832886286545545
760,0.008815637789666653
761,0.0
762,0.0
763,0.0
764,0.00019164431432727724
765,0.00019164431432727724
766,0.03277117758989334
767,0.5352625250816345
768,0.17133000493049622
769,0.0
770,0.03564584255218506
771,0.0
772,0.000766577257309109
773,0.004216174595057964
774,0.0
775,0.000574932899326086
776,0.0003832886286545545
777,0.06860866397619247
778,0.001149865798652172
779,0.0
780,0.0
781,0.0
782,0.0
783,0.0003832886286545545
784,0.001916443114168942
785,0.00344959762878716
786,0.0
787,0.010348792187869549
788,0.0
789,0.0
790,0.00172479881439358
791,0.000574932899326086
792,0.000574932899326086
793,0.00019164431432727724
794,0.0003832886286545545
795,0.001149865798652172
796,0.00019164431432727724
797,0.003641241928562522
798,0.0
799,0.000574932899326086
800,0.0
801,0.0
802,0.000574932899326086
803,0.02127251774072647
804,0.0003832886286545545
805,0.0
806,0.0
807,0.19643542170524597
808,0.000766577257309109
809,0.0003832886286545545
810,0.0
811,0.0003832886286545545
812,0.0
813,0.0003832886286545545
814,0.0
815,0.003066309029236436
816,0.0
817,0.000574932899326086
818,0.0
819,0.0003832886286545545
820,0.0
821,0.26638558506965637
822,0.0
823,0.09984668344259262
824,0.10463779419660568
825,0.001533154514618218
826,0.0
827,0.0003832886286545545
828,0.0003832886286545545
829,0.00019164431432727724
830,0.0
831,0.007090839557349682
832,0.000574932899326086
833,0.00479110749438405
834,0.0
835,0.0
836,0.000574932899326086
837,0.0
838,0.0
839,0.00019164431432727724
840,0.001341510214842856
841,0.0003832886286545545
842,0.019739363342523575
843,0.0
844,0.0
845,0.0003832886286545545
846,0.0003832886286545545
847,0.013031813316047192
848,0.0
849,0.30279800295829773
850,0.001533154514618218
851,0.00689919525757432
852,0.0
853,0.0
854,0.0
855,0.00019164431432727724
856,0.0
857,0.000766577257309109
858,0.0
859,0.000958221557084471
860,0.00019164431432727724
861,0.0
862,0.0
863,0.001341510214842856
864,0.1519739329814911
865,0.0
866,0.0003832886286545545
867,0.000958221557084471
868,0.001341510214842856
869,0.00019164431432727724
870,0.0003832886286545545
871,0.13185128569602966
872,0.0
873,0.000574932899326086
874,0.002108087297528982
875,0.0003832886286545545
876,0.000766577257309109
877,0.0
878,0.0
879,0.001149865798652172
880,0.000574932899326086
881,0.00019164431432727724
882,0.0
883,0.0003832886286545545
884,0.0
885,0.07531621307134628
886,0.010348792187869549
887,0.018972786143422127
888,0.0
889,0.24070525169372559
890,0.0
891,0.0
892,0.00019164431432727724
893,0.0
894,0.0
895,0.0
896,0.000574932899326086
897,0.002108087297528982
898,0.002683020429685712
899,0.6653890609741211
900,0.00019164431432727724
901,0.000766577257309109
902,0.001149865798652172
903,0.0003832886286545545
904,0.003641241928562522
905,0.00019164431432727724
906,0.0
907,0.00019164431432727724
908,0.000574932899326086
909,0.00019164431432727724
910,0.0
911,0.009390571154654026
912,0.0
913,0.002108087297528982
914,0.0
915,0.01379839051514864
916,0.00019164431432727724
917,0.002683020429685712
918,0.00019164431432727724
919,0.000766577257309109
920,0.0003832886286545545
921,0.002108087297528982
922,0.000574932899326086
923,0.000574932899326086
924,0.0
925,0.3742813467979431
926,0.000958221557084471
927,0.0
928,0.003066309029236436
929,0.0
930,0.00785741675645113
931,0.012456879951059818
932,0.00019164431432727724
933,0.000958221557084471
934,0.0
935,0.0
936,0.0
937,0.0003832886286545545
938,0.005557685159146786
939,0.0
940,0.00019164431432727724
941,0.0
942,0.000574932899326086
943,0.00172479881439358
944,0.000958221557084471
945,0.000574932899326086
946,0.0095822149887681
947,0.000574932899326086
948,0.0003832886286545545
949,0.0003832886286545545
950,0.0003832886286545545
951,0.01188194751739502
952,0.0
953,0.030088156461715698
954,0.0
955,0.0003832886286545545
956,0.007090839557349682
957,0.0
958,0.0003832886286545545
959,0.11134534329175949
960,0.0
961,0.0
962,0.00019164431432727724
963,0.009198926389217377
964,0.003066309029236436
965,0.0
966,0.0003832886286545545
967,0.0003832886286545545
968,0.0
969,0.0
970,0.0
971,0.012073591351509094
972,0.00019164431432727724
973,0.0
974,0.00019164431432727724
975,0.0
976,0.001149865798652172
977,0.0
978,0.00019164431432727724
979,0.001916443114168942
980,0.000958221557084471
981,0.00019164431432727724
982,0.0003832886286545545
983,0.000574932899326086
984,0.0
985,0.0
986,0.0003832886286545545
987,0.17171330749988556
988,0.001916443114168942
989,0.000958221557084471
990,0.00172479881439358
991,0.000574932899326086
992,0.000958221557084471
993,0.00019164431432727724
994,0.0
995,0.5538520216941833
996,0.0
997,0.0
998,0.0003832886286545545
999,0.0
1000,0.0
1001,0.0003832886286545545
1002,0.00019164431432727724
1003,0.000766577257309109
1004,0.003832886228337884
1005,0.0
1006,0.0003832886286545545
1007,0.0
1008,0.00019164431432727724
1009,0.0
1010,0.0
1011,0.0003832886286545545
1012,0.0
1013,0.004982751794159412
1014,0.0
1015,0.0
1016,0.0
1017,0.0
1018,0.014756611548364162
1019,0.000574932899326086
1020,0.05825987085700035
1021,0.0
1022,0.0
1023,0.01609812118113041
1024,0.005174396093934774
1025,0.005557685159146786
1026,0.0
1027,0.8901877999305725
1028,0.0003832886286545545
1029,0.0
1030,0.0
1031,0.009007282555103302
1032,0.001341510214842856
1033,0.36508241295814514
1034,0.00019164431432727724
1035,0.00019164431432727724
1036,0.0
1037,0.33863550424575806
1038,0.0
1039,0.000574932899326086
1040,0.0
1041,0.001341510214842856
1042,0.0
1043,0.0
1044,0.013223457150161266
1045,0.024338826537132263
1046,0.0
1047,0.003832886228337884
1048,0.0003832886286545545
1049,0.000574932899326086
1050,0.0003832886286545545
1051,0.14603295922279358
1052,0.001341510214842856
1053,0.01379839051514864
1054,0.0003832886286545545
1055,0.0
1056,0.001149865798652172
1057,0.0
1058,0.0
1059,0.0
1060,0.00019164431432727724
1061,0.0
1062,0.001149865798652172
1063,0.000574932899326086
1064,0.003066309029236436
1065,0.000766577257309109
1066,0.006324262358248234
1067,0.000766577257309109
1068,0.000574932899326086
1069,0.0
1070,0.0
1071,0.0003832886286545545
1072,0.00172479881439358
1073,0.003257953329011798
1074,0.0
1075,0.5711000561714172
1076,0.0003832886286545545
1077,0.009198926389217377
1078,0.003832886228337884
1079,0.002491375897079706
1080,0.5469528436660767
1081,0.0
1082,0.000574932899326086
1083,0.0
1084,0.0
1085,0.00019164431432727724
1086,0.000766577257309109
1087,0.004407818894833326
1088,0.0
1089,0.20429283380508423
1090,0.0
1091,0.005174396093934774
1092,0.04273667931556702
1093,0.028555002063512802
1094,0.000574932899326086
1095,0.0
1096,0.0003832886286545545
1097,0.002874664729461074
1098,0.00019164431432727724
1099,0.0
1100,0.03468761965632439
1101,0.002491375897079706
1102,0.0003832886286545545
1103,0.001341510214842856
1104,0.00019164431432727724
1105,0.000766577257309109
1106,0.0
1107,0.00019164431432727724
1108,0.0003832886286545545
1109,0.0
1110,0.008240705356001854
1111,0.0
1112,0.00019164431432727724
1113,0.0
1114,0.000574932899326086
1115,0.006707550957798958
1116,0.0003832886286545545
1117,0.00019164431432727724
1118,0.0
1119,0.0
1120,0.0
1121,0.00172479881439358
1122,0.000574932899326086
1123,0.000574932899326086
1124,0.11057876795530319
1125,0.020122652873396873
1126,0.0
1127,0.0
1128,0.003257953329011798
1129,0.0
1130,0.0
1131,0.000958221557084471
1132,0.0
1133,0.000574932899326086
1134,0.0
1135,0.001149865798652172
1136,0.02759678103029728
1137,0.000766577257309109
1138,0.0095822149887681
1139,0.0
1140,0.0
1141,0.00019164431432727724
1142,0.0
1143,0.002491375897079706
1144,0.0
1145,0.0
1146,0.0
1147,0.6887696385383606
1148,0.000958221557084471
1149,0.000958221557084471
1150,0.0
1151,0.000958221557084471
1152,0.0
1153,0.0
1154,0.01743963174521923
1155,0.002683020429685712
1156,0.001533154514618218
1157,0.0
1158,0.0
1159,0.0003832886286545545
1160,0.0003832886286545545
1161,0.09198927134275436
1162,0.0
1163,0.0
1164,0.001533154514618218
1165,0.001533154514618218
1166,0.00019164431432727724
1167,0.0
1168,0.005366040859371424
1169,0.0003832886286545545
1170,0.0003832886286545545
1171,0.0
1172,0.0
1173,0.21617478132247925
1174,0.001149865798652172
1175,0.0003832886286545545
1176,0.0
1177,0.0003832886286545545
1178,0.00019164431432727724
1179,0.0003832886286545545
1180,0.00019164431432727724
1181,0.000766577257309109
1182,0.0
1183,0.04752779006958008
1184,0.004024530295282602
1185,0.000574932899326086
1186,0.03775392845273018
1187,0.00019164431432727724
1188,0.001149865798652172
1189,0.08259869366884232
1190,0.0
1191,0.00172479881439358
1192,0.00479110749438405
1193,0.0
1194,0.0
1195,0.00019164431432727724
1196,0.000766577257309109
1197,0.00019164431432727724
1198,0.00019164431432727724
1199,0.00019164431432727724
1200,0.006132618058472872
1201,0.0003832886286545545
1202,0.000766577257309109
1203,0.0
1204,0.000574932899326086
1205,0.000574932899326086
1206,0.0
1207,0.0
1208,0.016289766877889633
1209,0.000958221557084471
1210,0.0
1211,0.00019164431432727724
1212,0.00019164431432727724
1213,0.000574932899326086
1214,0.000958221557084471
1215,0.0
1216,0.0
1217,0.0488692969083786
1218,0.00019164431432727724
1219,0.00019164431432727724
1220,0.0
1221,0.0
1222,0.0
1223,0.000766577257309109
1224,0.0
1225,0.0
1226,0.04082023724913597
1227,0.0003832886286545545
1228,0.0003832886286545545
1229,0.0
1230,0.0003832886286545545
1231,0.000766577257309109
1232,0.010732081718742847
1233,0.0003832886286545545
1234,0.0
1235,0.000574932899326086
1236,0.0
1237,0.0
1238,0.004407818894833326
1239,0.0
1240,0.0
1241,0.000958221557084471
1242,0.0
1243,0.00019164431432727724
1244,0.0
1245,0.00344959762878716
1246,0.0003832886286545545
1247,0.001916443114168942
1248,0.00344959762878716
1249,0.000766577257309109
1250,0.0003832886286545545
1251,0.000958221557084471
1252,0.0
1253,0.00019164431432727724
1254,0.0
1255,0.0
1256,0.086431585252285
1257,0.0
1258,0.0
1259,0.0003832886286545545
1260,0.0
1261,0.000766577257309109
1262,0.0
1263,0.001149865798652172
1264,0.002874664729461074
1265,0.00019164431432727724
1266,0.00019164431432727724
1267,0.12092755734920502
1268,0.0003832886286545545
1269,0.000766577257309109
1270,0.003257953329011798
1271,0.0
1272,0.004024530295282602
1273,0.0
1274,0.01820620894432068
1275,0.0095822149887681
1276,0.0
1277,0.0
1278,0.000574932899326086
1279,0.0
1280,0.00019164431432727724
1281,0.00019164431432727724
1282,0.000766577257309109
1283,0.0003832886286545545
1284,0.0
1285,0.0003832886286545545
1286,0.000574932899326086
1287,0.000958221557084471
1288,0.000574932899326086
1289,0.0
1290,0.005366040859371424
1291,0.0
1292,0.0
1293,0.00019164431432727724
1294,0.0
1295,0.008049060590565205
1296,0.00019164431432727724
1297,0.0
1298,0.001341510214842856
1299,0.0
1300,0.0
1301,0.002299731597304344
1302,0.0003832886286545545
1303,0.0
1304,0.05576849356293678
1305,0.000766577257309109
1306,0.0
1307,0.000958221557084471
1308,0.001149865798652172
1309,0.000958221557084471
1310,0.000958221557084471
1311,0.00019164431432727724
1312,0.03468761965632439
1313,0.00019164431432727724
1314,0.04024530574679375
1315,0.0
1316,0.0
1317,0.0
1318,0.0003832886286545545
1319,0.001341510214842856
1320,0.004216174595057964
1321,0.002299731597304344
1322,0.0
1323,0.0
1324,0.003832886228337884
1325,0.0
1326,0.0
1327,0.0003832886286545545
1328,0.0
1329,0.00019164431432727724
1330,0.007665772456675768
1331,0.006324262358248234
1332,0.0
1333,0.000766577257309109
1334,0.000574932899326086
1335,0.0
1336,0.001149865798652172
1337,0.0
1338,0.0
1339,0.0
1340,0.00019164431432727724
1341,0.02299731783568859
1342,0.0003832886286545545
1343,0.0
1344,0.003066309029236436
1345,0.003832886228337884
1346,0.048677653074264526
1347,0.001149865798652172
1348,0.0003832886286545545
1349,0.000574932899326086
1350,0.0003832886286545545
1351,0.0
1352,0.000958221557084471
1353,0.0
1354,0.001533154514618218
1355,0.001916443114168942
1356,0.0
1357,0.000574932899326086
1358,0.0
1359,0.00019164431432727724
1360,0.00019164431432727724
1361,0.024338826537132263
1362,0.0
1363,0.0
1364,0.0
1365,0.0003832886286545545
1366,0.018397852778434753
1367,0.0
1368,0.0003832886286545545
1369,0.00785741675645113
1370,0.00019164431432727724
1371,0.0
1372,0.018397852778434753
1373,0.000766577257309109
1374,0.0
1375,0.0
1376,0.0
1377,0.01169030275195837
1378,0.010348792187869549
1379,0.008623993955552578
1380,0.03487926349043846
1381,0.0003832886286545545
1382,0.00019164431432727724
1383,0.0003832886286545545
1384,0.0
1385,0.00019164431432727724
1386,0.0003832886286545545
1387,0.001341510214842856
1388,0.0003832886286545545
1389,0.001149865798652172
1390,0.0003832886286545545
1391,0.00344959762878716
1392,0.0
1393,0.0003832886286545545
1394,0.0
1395,0.0
1396,0.001916443114168942
1397,0.000574932899326086
1398,0.000574932899326086
1399,0.0
1400,0.0
1401,0.0
1402,0.0
1403,0.006132618058472872
1404,0.000766577257309109
1405,0.003832886228337884
1406,0.000766577257309109
1407,0.0
1408,0.0
1409,0.001149865798652172
1410,0.002299731597304344
1411,0.0003832886286545545
1412,0.00019164431432727724
1413,0.0
1414,0.000574932899326086
1415,0.004216174595057964
1416,0.000958221557084471
1417,0.0
1418,0.0
1419,0.0
1420,0.00019164431432727724
1421,0.006324262358248234
1422,0.00019164431432727724
1423,0.023572249338030815
1424,0.002683020429685712
1425,0.0
1426,0.0
1427,0.0
1428,0.0
1429,0.0
1430,0.0
1431,0.0003832886286545545
1432,0.002299731597304344
1433,0.11747796088457108
1434,0.0
1435,0.0
1436,0.14124184846878052
1437,0.0
1438,0.000574932899326086
1439,0.0003832886286545545
1440,0.34246838092803955
1441,0.00019164431432727724
1442,0.0195477195084095
1443,0.0003832886286545545
1444,0.0003832886286545545
1445,0.0
1446,0.005557685159146786
1447,0.000574932899326086
1448,0.0003832886286545545
1449,0.003641241928562522
1450,0.0
1451,0.0
1452,0.009965503588318825
1453,0.0
1454,0.0
1455,0.0
1456,0.000766577257309109
1457,0.057493291795253754
1458,0.11345343291759491
1459,0.0003832886286545545
1460,0.05097738653421402
1461,0.004407818894833326
1462,0.00172479881439358
1463,0.0003832886286545545
1464,0.000574932899326086
1465,0.0
1466,0.0
1467,0.00019164431432727724
1468,0.0
1469,0.0
1470,0.000574932899326086
1471,0.0
1472,0.0
1473,0.0
1474,0.003257953329011798
1475,0.20429283380508423
1476,0.004024530295282602
1477,0.0
1478,0.000574932899326086
1479,0.00019164431432727724
1480,0.0
1481,0.0
1482,0.00019164431432727724
1483,0.0
1484,0.00019164431432727724
1485,0.1519739329814911
1486,0.000766577257309109
1487,0.002683020429685712
1488,0.000574932899326086
1489,0.0
1490,0.013031813316047192
1491,0.0
1492,0.0003832886286545545
1493,0.0
1494,0.0
1495,0.0
1496,0.00019164431432727724
1497,0.0003832886286545545
1498,0.022230740636587143
1499,0.000574932899326086
1500,0.0
1501,0.0003832886286545545
1502,0.004024530295282602
1503,0.0
1504,0.006324262358248234
1505,0.0
1506,0.00172479881439358
1507,0.000574932899326086
1508,0.003641241928562522
1509,0.0
1510,0.000766577257309109
1511,0.00019164431432727724
1512,0.011115370318293571
1513,0.00019164431432727724
1514,0.002683020429685712
1515,0.00344959762878716
1516,0.003641241928562522
1517,0.0003832886286545545
1518,0.000766577257309109
1519,0.0003832886286545545
1520,0.4336910545825958
1521,0.0
1522,0.021080873906612396
1523,0.0
1524,0.0
1525,0.0
1526,0.0
1527,0.5091989040374756
1528,0.0
1529,0.0
1530,0.00019164431432727724
1531,0.0
1532,0.00019164431432727724
1533,0.0
1534,0.001341510214842856
1535,0.0003832886286545545
1536,0.003832886228337884
1537,0.00019164431432727724
1538,0.0003832886286545545
1539,0.0
1540,0.01379839051514864
1541,0.00019164431432727724
1542,0.001341510214842856
1543,0.000958221557084471
1544,0.015331544913351536
1545,0.0003832886286545545
1546,0.000766577257309109
1547,0.0003832886286545545
1548,0.016673054546117783
1549,0.001149865798652172
1550,0.000766577257309109
1551,0.001916443114168942
1552,0.0
1553,0.0
1554,0.000766577257309109
1555,0.000574932899326086
1556,0.0
1557,0.0003832886286545545
1558,0.0003832886286545545
1559,0.0
1560,0.0
1561,0.0
1562,0.003066309029236436
1563,0.0
1564,0.001149865798652172
1565,0.0
1566,0.0003832886286545545
1567,0.00172479881439358
1568,0.00019164431432727724
1569,0.007090839557349682
1570,0.4804522693157196
1571,0.000766577257309109
1572,0.00019164431432727724
1573,0.0
1574,0.0003832886286545545
1575,0.001916443114168942
1576,0.0
1577,0.0
1578,0.0
1579,0.0
1580,0.00019164431432727724
1581,0.0003832886286545545
1582,0.0
1583,0.009198926389217377
1584,0.02721349149942398
1585,0.4225757122039795
1586,0.0
1587,0.0
1588,0.002108087297528982
1589,0.0003832886286545545
1590,0.001341510214842856
1591,0.000574932899326086
1592,0.00019164431432727724
1593,0.0
1594,0.0
1595,0.000766577257309109
1596,0.00019164431432727724
1597,0.00019164431432727724
1598,0.0003832886286545545
1599,0.3510923683643341
1600,0.0
1601,0.0
1602,0.0
1603,0.002299731597304344
1604,0.0
1605,0.0
1606,0.03813721612095833
1607,0.0
1608,0.00019164431432727724
1609,0.0
1610,0.00594097375869751
1611,0.00019164431432727724
1612,0.000766577257309109
1613,0.0
1614,0.000766577257309109
1615,0.0
1616,0.0
1617,0.0003832886286545545
1618,0.000766577257309109
1619,0.06880030781030655
1620,0.0003832886286545545
1621,0.000958221557084471
1622,0.0003832886286545545
1623,0.0003832886286545545
1624,0.0
1625,0.00019164431432727724
1626,0.001916443114168942
1627,0.0
1628,0.0003832886286545545
1629,0.000574932899326086
1630,0.000958221557084471
1631,0.0
1632,0.17190495133399963
1633,0.00019164431432727724
1634,0.001149865798652172
1635,0.0003832886286545545
1636,0.001149865798652172
1637,0.00172479881439358
1638,0.005174396093934774
1639,0.0
1640,0.0003832886286545545
1641,0.031238021329045296
1642,0.0
1643,0.00019164431432727724
1644,0.0
1645,0.012456879951059818
1646,0.0
1647,0.002683020429685712
1648,0.000574932899326086
1649,0.004216174595057964
1650,0.003066309029236436
1651,0.017247987911105156
1652,0.0
1653,0.002299731597304344
1654,0.001341510214842856
1655,0.001533154514618218
1656,0.0
1657,0.0
1658,0.0
1659,0.0003832886286545545
1660,0.0
1661,0.002874664729461074
1662,0.01379839051514864
1663,0.000766577257309109
1664,0.018397852778434753
1665,0.03430433198809624
1666,0.00019164431432727724
1667,0.0
1668,0.01552318874746561
1669,0.00019164431432727724
1670,0.0003832886286545545
1671,0.0
1672,0.0
1673,0.000574932899326086
1674,0.00019164431432727724
1675,0.0
1676,0.3096972107887268
1677,0.000766577257309109
1678,0.00019164431432727724
1679,0.002874664729461074
1680,0.013990034349262714
1681,0.012073591351509094
1682,0.0
1683,0.0
1684,0.000958221557084471
1685,0.0
1686,0.001149865798652172
1687,0.00019164431432727724
1688,0.00019164431432727724
1689,0.0
1690,0.000766577257309109
1691,0.0
1692,0.8919126391410828
1693,0.0
1694,0.0
1695,0.003066309029236436
1696,0.001149865798652172
1697,0.0
1698,0.0003832886286545545
1699,0.00019164431432727724
1700,0.0
1701,0.0
1702,0.000766577257309109
1703,0.002874664729461074
1704,0.006132618058472872
1705,0.0
1706,0.009007282555103302
1707,0.000574932899326086
1708,0.000766577257309109
1709,0.00019164431432727724
1710,0.0
1711,0.0003832886286545545
1712,0.0003832886286545545
1713,0.001916443114168942
1714,0.001341510214842856
1715,0.0003832886286545545
1716,0.0003832886286545545
1717,0.0
1718,0.00019164431432727724
1719,0.003641241928562522
1720,0.0
1721,0.0
1722,0.0
1723,0.0
1724,0.0
1725,0.0
1726,0.0003832886286545545
1727,0.00019164431432727724
1728,0.000574932899326086
1729,0.0003832886286545545
1730,0.0
1731,0.002491375897079706
1732,0.000766577257309109
1733,0.3524338901042938
1734,0.0
1735,0.011115370318293571
1736,0.29129934310913086
1737,0.000574932899326086
1738,0.00019164431432727724
1739,0.0003832886286545545
1740,0.00019164431432727724
1741,0.000574932899326086
1742,0.000766577257309109
1743,0.0
1744,0.00019164431432727724
1745,0.00019164431432727724
1746,0.000766577257309109
1747,0.000574932899326086
1748,0.0
1749,0.0
1750,0.0
1751,0.000574932899326086
1752,0.0003832886286545545
1753,0.00019164431432727724
1754,0.001916443114168942
1755,0.0
1756,0.0003832886286545545
1757,0.0
1758,0.0
1759,0.0
1760,0.022422384470701218
1761,0.002874664729461074
1762,0.3081640601158142
1763,0.00019164431432727724
1764,0.0
1765,0.1812955141067505
1766,0.0
1767,0.0
1768,0.000574932899326086
1769,0.001341510214842856
1770,0.0
1771,0.0
1772,0.0
1773,0.0
1774,0.006707550957798958
1775,0.0
1776,0.000958221557084471
1777,0.001341510214842856
1778,0.0
1779,0.0003832886286545545
1780,0.01379839051514864
1781,0.000574932899326086
1782,0.002683020429685712
1783,0.00019164431432727724
1784,0.0
1785,0.0
1786,0.0
1787,0.001149865798652172
1788,0.0
1789,0.0
1790,0.0
1791,0.0
1792,0.00019164431432727724
1793,0.018589498475193977
1794,0.0
1795,0.0003832886286545545
1796,0.002108087297528982
1797,0.5350708961486816
1798,0.00019164431432727724
1799,0.001916443114168942
1800,0.006707550957798958
1801,0.002299731597304344
1802,0.000574932899326086
1803,0.0003832886286545545
1804,0.001341510214842856
1805,0.0
1806,0.000766577257309109
1807,0.00019164431432727724
1808,0.0
1809,0.0
1810,0.5197393894195557
1811,0.000958221557084471
1812,0.00019164431432727724
1813,0.0
1814,0.000766577257309109
1815,0.0003832886286545545
1816,0.000574932899326086
1817,0.002491375897079706
1818,0.0
1819,0.0
1820,0.001341510214842856
1821,0.0
1822,0.0
1823,0.00172479881439358
1824,0.0
1825,0.000574932899326086
1826,0.0003832886286545545
1827,0.0003832886286545545
1828,0.0003832886286545545
1829,0.001149865798652172
1830,0.001149865798652172
1831,0.00019164431432727724
1832,0.0
1833,0.0
1834,0.003832886228337884
1835,0.000574932899326086
1836,0.000766577257309109
1837,0.0
1838,0.000574932899326086
1839,0.000766577257309109
1840,0.0
1841,0.001341510214842856
1842,0.0
1843,0.000574932899326086
1844,0.00019164431432727724
1845,0.0
1846,0.0
1847,0.003257953329011798
1848,0.0003832886286545545
1849,0.001149865798652172
1850,0.0
1851,0.0003832886286545545
1852,0.0
1853,0.000574932899326086
1854,0.00172479881439358
1855,0.0
1856,0.001533154514618218
1857,0.30203142762184143
1858,0.001341510214842856
1859,0.00019164431432727724
1860,0.00594097375869751
1861,0.0003832886286545545
1862,0.0
1863,0.0
1864,0.0003832886286545545
1865,0.0095822149887681
1866,0.020314296707510948
1867,0.0
1868,0.00019164431432727724
1869,0.0
1870,0.0003832886286545545
1871,0.0003832886286545545
1872,0.0
1873,0.000766577257309109
1874,0.000958221557084471
1875,0.5212725400924683
1876,0.00019164431432727724
1877,0.0
1878,0.0
1879,0.0
1880,0.0
1881,0.0
1882,0.0
1883,0.0003832886286545545
1884,0.0003832886286545545
1885,0.0003832886286545545
1886,0.006132618058472872
1887,0.0
1888,0.0
1889,0.000958221557084471
1890,0.0
1891,0.0
1892,0.0
1893,0.0003832886286545545
1894,0.0
1895,0.0
1896,0.010923725552856922
1897,0.01552318874746561
1898,0.0003832886286545545
1899,0.0003832886286545545
1900,0.002108087297528982
1901,0.019739363342523575
1902,0.0003832886286545545
1903,0.000574932899326086
1904,0.0
1905,0.0003832886286545545
1906,0.002683020429685712
1907,0.0
1908,0.0
1909,0.0
1910,0.00172479881439358
1911,0.09122268855571747
1912,0.170755073428154
1913,0.0
1914,0.000766577257309109
1915,0.017631275579333305
1916,0.0
1917,0.0661172866821289
1918,0.00019164431432727724
1919,0.0
1920,0.004216174595057964
1921,0.3397853672504425
1922,0.0
1923,0.0
1924,0.0
1925,0.003641241928562522
1926,0.000574932899326086
1927,0.02338060550391674
1928,0.0
1929,0.0003832886286545545
1930,0.0
1931,0.0
1932,0.004407818894833326
1933,0.0
1934,0.0
1935,0.0
1936,0.003257953329011798
1937,0.002299731597304344
1938,0.00019164431432727724
1939,0.000574932899326086
1940,0.0
1941,0.00019164431432727724
1942,0.001149865798652172
1943,0.00019164431432727724
1944,0.001149865798652172
1945,0.002491375897079706
1946,0.016864698380231857
1947,0.000574932899326086
1948,0.1766960471868515
1949,0.003066309029236436
1950,0.0
1951,0.000574932899326086
1952,0.004982751794159412
1953,0.0003832886286545545
1954,0.001533154514618218
1955,0.00019164431432727724
1956,0.005174396093934774
1957,0.0003832886286545545
1958,0.02088923007249832
1959,0.0003832886286545545
1960,0.00172479881439358
1961,0.000766577257309109
1962,0.007282483857125044
1963,0.000958221557084471
1964,0.0
1965,0.0
1966,0.001341510214842856
1967,0.0
1968,0.0003832886286545545
1969,0.0
1970,0.0003832886286545545
1971,0.0
1972,0.0003832886286545545
1973,0.000766577257309109
1974,0.00019164431432727724
1975,0.0
1976,0.0
1977,0.002108087297528982
1978,0.001149865798652172
1979,0.013990034349262714
1980,0.0
1981,0.0
1982,0.0
1983,0.04388654604554176
1984,0.1414334923028946
1985,0.0
1986,0.0003832886286545545
1987,0.0
1988,0.02893828973174095
1989,0.0
1990,0.0
1991,0.0003832886286545545
1992,0.0003832886286545545
1993,0.0
1994,0.0
1995,0.0
1996,0.00019164431432727724
1997,0.0
1998,0.0003832886286545545
1999,0.00019164431432727724
2000,0.001533154514618218
2001,0.0
2002,0.0003832886286545545
2003,0.00019164431432727724
2004,0.0
2005,0.00019164431432727724
2006,0.0
2007,0.0
2008,0.000958221557084471
2009,0.000574932899326086
2010,0.001916443114168942
2011,0.0003832886286545545
2012,0.0
2013,0.001341510214842856
2014,0.0
2015,0.0003832886286545545
2016,0.001533154514618218
2017,0.0
2018,0.000574932899326086
2019,0.0
2020,0.0003832886286545545
2021,0.001533154514618218
2022,0.001341510214842856
2023,0.0
2024,0.0
2025,0.001533154514618218
2026,0.0
2027,0.0
2028,0.0
2029,0.0
2030,0.003832886228337884
2031,0.0
2032,0.0003832886286545545
2033,0.0
2034,0.0003832886286545545
2035,0.0
2036,0.0
2037,0.0
2038,0.0003832886286545545
2039,0.001341510214842856
2040,0.0
2041,0.001341510214842856
2042,0.0
2043,0.000766577257309109
2044,0.000958221557084471
2045,0.07934074103832245
2046,0.00689919525757432
2047,0.001341510214842856
2048,0.06515906751155853
2049,0.001533154514618218
2050,0.0
2051,0.0003832886286545545
2052,0.004982751794159412
2053,0.0003832886286545545
2054,0.0
2055,0.00019164431432727724
2056,0.001916443114168942
2057,0.024913759902119637
2058,0.0003832886286545545
2059,0.0
2060,0.0003832886286545545
2061,0.0
2062,0.0
2063,0.00172479881439358
2064,0.009198926389217377
2065,0.0
2066,0.0
2067,0.001149865798652172
2068,0.0003832886286545545
2069,0.0
2070,0.0003832886286545545
2071,0.002491375897079706
2072,0.011498658917844296
2073,0.0003832886286545545
2074,0.0
2075,0.000574932899326086
2076,0.00019164431432727724
2077,0.0
2078,0.00344959762878716
2079,0.0003832886286545545
2080,0.0
2081,0.004216174595057964
2082,0.0
2083,0.00019164431432727724
2084,0.001533154514618218
2085,0.0
2086,0.0
2087,0.0
2088,0.0
2089,0.003257953329011798
2090,0.0003832886286545545
2091,0.00019164431432727724
2092,0.0
2093,0.00019164431432727724
2094,0.00019164431432727724
2095,0.0
2096,0.000574932899326086
2097,0.0
2098,0.005366040859371424
2099,0.0
2100,0.00019164431432727724
2101,0.00019164431432727724
2102,0.00019164431432727724
2103,0.0
2104,0.000766577257309109
2105,0.0
2106,0.0
2107,0.0
2108,0.052510540932416916
2109,0.0
2110,0.000574932899326086
2111,0.0
2112,0.0
2113,0.001533154514618218
2114,0.000574932899326086
2115,0.002874664729461074
2116,0.0003832886286545545
2117,0.00019164431432727724
2118,0.010157148353755474
2119,0.000574932899326086
2120,0.000958221557084471
2121,0.000766577257309109
2122,0.0
2123,0.0
2124,0.0003832886286545545
2125,0.0
2126,0.0
2127,0.001149865798652172
2128,0.0
2129,0.00019164431432727724
2130,0.00019164431432727724
2131,0.0003832886286545545
2132,0.013415101915597916
2133,0.0003832886286545545
2134,0.008623993955552578
2135,0.0
2136,0.000574932899326086
2137,0.0
2138,0.09448064118623734
2139,0.001341510214842856
2140,0.0
2141,0.0003832886286545545
2142,0.014181679114699364
2143,0.0
2144,0.0
2145,0.0
2146,0.0
2147,0.000958221557084471
2148,0.004024530295282602
2149,0.001149865798652172
2150,0.014756611548364162
2151,0.013415101915597916
2152,0.0
2153,0.000958221557084471
2154,0.0
2155,0.000574932899326086
2156,0.004982751794159412
2157,0.000574932899326086
2158,0.000574932899326086
2159,0.000958221557084471
2160,0.0003832886286545545
2161,0.0003832886286545545
2162,0.020314296707510948
2163,0.000574932899326086
2164,0.00019164431432727724
2165,0.0
2166,0.0
2167,0.000574932899326086
2168,0.0003832886286545545
2169,0.0
2170,0.0
2171,0.008623993955552578
2172,0.0
2173,0.0
2174,0.0003832886286545545
2175,0.00019164431432727724
2176,0.0
2177,0.2660022974014282
2178,0.000574932899326086
2179,0.0
2180,0.00019164431432727724
2181,0.000958221557084471
2182,0.0
2183,0.0003832886286545545
2184,0.00019164431432727724
2185,0.0
2186,0.000574932899326086
2187,0.016864698380231857
2188,0.0
2189,0.0
2190,0.0003832886286545545
2191,0.0
2192,0.00019164431432727724
2193,0.0
2194,0.049060944467782974
2195,0.006132618058472872
2196,0.0
2197,0.0
2198,0.20103487372398376
2199,0.00019164431432727724
2200,0.002491375897079706
2201,0.3600996434688568
2202,0.0
2203,0.0
2204,0.002491375897079706
2205,0.0003832886286545545
2206,0.0
2207,0.0
2208,0.11862782388925552
2209,0.07474128156900406
2210,0.01743963174521923
2211,0.04273667931556702
2212,0.0
2213,0.001149865798652172
2214,0.0003832886286545545
2215,0.0
2216,0.001341510214842856
2217,0.00019164431432727724
2218,0.0003832886286545545
2219,0.00019164431432727724
2220,0.001149865798652172
2221,0.0
2222,0.00019164431432727724
2223,0.000766577257309109
2224,0.00019164431432727724
2225,0.0
2226,0.000574932899326086
2227,0.007282483857125044
2228,0.0003832886286545545
2229,0.0003832886286545545
2230,0.0
2231,0.0
2232,0.000574932899326086
2233,0.00019164431432727724
2234,0.0
2235,0.0
2236,0.0
2237,0.001533154514618218
2238,0.28075891733169556
2239,0.00019164431432727724
2240,0.01571483351290226
2241,0.10962054133415222
2242,0.0
2243,0.0
2244,0.0
2245,0.000574932899326086
2246,0.0003832886286545545
2247,0.00019164431432727724
2248,0.0
2249,0.0
2250,0.0
2251,0.0
2252,0.0
2253,0.0003832886286545545
2254,0.0
2255,0.00019164431432727724
2256,0.0003832886286545545
2257,0.0
2258,0.000574932899326086
2259,0.19796857237815857
2260,0.7238405346870422
2261,0.05021080747246742
2262,0.000574932899326086
2263,0.00019164431432727724
2264,0.14775776863098145
2265,0.00019164431432727724
2266,0.0
2267,0.0
2268,0.0003832886286545545
2269,0.0
2270,0.060176312923431396
2271,0.000574932899326086
2272,0.0
2273,0.000574932899326086
2274,0.001149865798652172
2275,0.00019164431432727724
2276,0.17995400726795197
2277,0.000958221557084471
2278,0.0
2279,0.0
2280,0.0
2281,0.001341510214842856
2282,0.0
2283,0.000574932899326086
2284,0.0
2285,0.0
2286,0.0
2287,0.004216174595057964
2288,0.000574932899326086
2289,0.0003832886286545545
2290,0.0
2291,0.00344959762878716
2292,0.0
2293,0.0003832886286545545
2294,0.000766577257309109
2295,0.0
2296,0.0003832886286545545
2297,0.0
2298,0.0
2299,0.000766577257309109
2300,0.001533154514618218
2301,0.04982751980423927
2302,0.00019164431432727724
2303,0.001341510214842856
2304,0.0
2305,0.00019164431432727724
2306,0.00172479881439358
2307,0.0
2308,0.0
2309,0.00172479881439358
2310,0.001341510214842856
2311,0.0
2312,0.0191644299775362
2313,0.001341510214842856
2314,0.004216174595057964
2315,0.0003832886286545545
2316,0.0
2317,0.00019164431432727724
2318,0.0003832886286545545
2319,0.001341510214842856
2320,0.0
2321,0.012840168550610542
2322,0.0003832886286545545
2323,0.0
2324,0.00689919525757432
2325,0.010732081718742847
2326,0.0
2327,0.0
2328,0.0003832886286545545
2329,0.00019164431432727724
2330,0.0
2331,0.021847451105713844
2332,0.030854733660817146
2333,0.0
2334,0.002874664729461074
2335,0.17727097868919373
2336,0.0
2337,0.0
2338,0.0
2339,0.0003832886286545545
2340,0.05270218476653099
2341,0.001533154514618218
2342,0.0
2343,0.0
2344,0.000958221557084471
2345,0.000766577257309109
2346,0.0003832886286545545
2347,0.0
2348,0.008815637789666653
2349,0.001341510214842856
2350,0.0003832886286545545
2351,0.0
2352,0.002299731597304344
2353,0.0
2354,0.003832886228337884
2355,0.000958221557084471
2356,0.00019164431432727724
2357,0.0
2358,0.000766577257309109
2359,0.0
2360,0.0
2361,0.0003832886286545545
2362,0.000958221557084471
2363,0.00019164431432727724
2364,0.0
2365,0.08853966742753983
2366,0.0
2367,0.0003832886286545545
2368,0.0
2369,0.0
2370,0.000574932899326086
2371,0.017631275579333305
2372,0.0
2373,0.0
2374,0.0003832886286545545
2375,0.0
2376,0.00019164431432727724
2377,0.0
2378,0.0003832886286545545
2379,0.0
2380,0.003257953329011798
2381,0.000958221557084471
2382,0.00019164431432727724
2383,0.0003832886286545545
2384,0.007665772456675768
2385,0.00019164431432727724
2386,0.000766577257309109
2387,0.0
2388,0.0003832886286545545
2389,0.0003832886286545545
2390,0.000766577257309109
2391,0.0003832886286545545
2392,0.007090839557349682
2393,0.0
2394,0.007474128156900406
2395,0.0
2396,0.000958221557084471
2397,0.00019164431432727724
2398,0.0
2399,0.00019164431432727724
2400,0.00019164431432727724
2401,0.09083940088748932
2402,0.00019164431432727724
2403,0.00019164431432727724
2404,0.0003832886286545545
2405,0.00019164431432727724
2406,0.0003832886286545545
2407,0.00344959762878716
2408,0.00019164431432727724
2409,0.0
2410,0.000574932899326086
2411,0.000574932899326086
2412,0.0003832886286545545
2413,0.0
2414,0.00019164431432727724
2415,0.00019164431432727724
2416,0.0
2417,0.0003832886286545545
2418,0.0
2419,0.0003832886286545545
2420,0.0
2421,0.0003832886286545545
2422,0.0
2423,0.0
2424,0.00172479881439358
2425,0.0
2426,0.0
2427,0.001149865798652172
2428,0.002683020429685712
2429,0.0
2430,0.0
2431,0.0
2432,0.0003832886286545545
2433,0.001341510214842856
2434,0.0
2435,0.0
2436,0.0
2437,0.0
2438,0.010157148353755474
2439,0.025680337101221085
2440,0.01743963174521923
2441,0.0
2442,0.0
2443,0.0003832886286545545
2444,0.00172479881439358
2445,0.0
2446,0.000574932899326086
2447,0.0003832886286545545
2448,0.0
2449,0.0
2450,0.000958221557084471
2451,0.000766577257309109
2452,0.0
2453,0.0003832886286545545
2454,0.003066309029236436
2455,0.02759678103029728
2456,0.0003832886286545545
2457,0.000574932899326086
2458,0.0
2459,0.0003832886286545545
2460,0.0
2461,0.0
2462,0.000574932899326086
2463,0.0
2464,0.0
2465,0.0
2466,0.0
2467,0.0
2468,0.004024530295282602
2469,0.0
2470,0.40571099519729614
2471,0.001341510214842856
2472,0.0003832886286545545
2473,0.00019164431432727724
2474,0.056726716458797455
2475,0.006132618058472872
2476,0.0003832886286545545
2477,0.007474128156900406
2478,0.00019164431432727724
2479,0.00019164431432727724
2480,0.0
2481,0.002683020429685712
2482,0.0
2483,0.005557685159146786
2484,0.003832886228337884
2485,0.0
2486,0.0003832886286545545
2487,0.058834802359342575
2488,0.010923725552856922
2489,0.00172479881439358
2490,0.00019164431432727724
2491,0.002299731597304344
2492,0.0003832886286545545
2493,0.0
2494,0.000958221557084471
2495,0.000958221557084471
2496,0.00019164431432727724
2497,0.00019164431432727724
2498,0.000574932899326086
2499,0.0003832886286545545
2500,0.013990034349262714
2501,0.03947872668504715
2502,0.00019164431432727724
2503,0.000766577257309109
2504,0.0
2505,0.16443081200122833
2506,0.0
2507,0.0
2508,0.011307014152407646
2509,0.0
2510,0.0003832886286545545
2511,0.00019164431432727724
2512,0.003066309029236436
2513,0.0003832886286545545
2514,0.1661556214094162
2515,0.03602913022041321
2516,0.003066309029236436
2517,0.0
2518,0.001533154514618218
2519,0.000766577257309109
2520,0.002874664729461074
2521,0.002683020429685712
2522,0.0003832886286545545
2523,0.0
2524,0.0003832886286545545
2525,0.0
2526,0.0003832886286545545
2527,0.000574932899326086
2528,0.07780759036540985
2529,0.001533154514618218
2530,0.0
2531,0.0
2532,0.0003832886286545545
2533,0.07531621307134628
2534,0.0003832886286545545
2535,0.0
2536,0.0003832886286545545
2537,0.001149865798652172
2538,0.0
2539,0.00019164431432727724
2540,0.016673054546117783
2541,0.001341510214842856
2542,0.0003832886286545545
2543,0.000958221557084471
2544,0.0003832886286545545
2545,0.0
2546,0.00019164431432727724
2547,0.0
2548,0.00019164431432727724
2549,0.003257953329011798
2550,0.00019164431432727724
2551,0.000766577257309109
2552,0.0
2553,0.00019164431432727724
2554,0.0003832886286545545
2555,0.001533154514618218
2556,0.00172479881439358
2557,0.00172479881439358
2558,0.000958221557084471
2559,0.0
2560,0.0003832886286545545
2561,0.0
2562,0.0
2563,0.0
2564,0.0
2565,0.001916443114168942
2566,0.000574932899326086
2567,0.00019164431432727724
2568,0.0
2569,0.0
2570,0.022614028304815292
2571,0.021080873906612396
2572,0.0
2573,0.002108087297528982
2574,0.000574932899326086
2575,0.0
2576,0.002683020429685712
2577,0.0
2578,0.00019164431432727724
2579,0.0
2580,0.06630893051624298
2581,0.0
2582,0.14756610989570618
2583,0.001149865798652172
2584,0.000766577257309109
2585,0.003066309029236436
2586,0.0003832886286545545
2587,0.0
2588,0.0
2589,0.0003832886286545545
2590,0.000766577257309109
2591,0.0003832886286545545
2592,0.08413185179233551
2593,0.008815637789666653
2594,0.02338060550391674
2595,0.000574932899326086
2596,0.0003832886286545545
2597,0.001341510214842856
2598,0.0
2599,0.0003832886286545545
2600,0.002683020429685712
2601,0.003066309029236436
2602,0.0
2603,0.00019164431432727724
2604,0.0003832886286545545
2605,0.000958221557084471
2606,0.005366040859371424
2607,0.0
2608,0.0
2609,0.003066309029236436
2610,0.000766577257309109
2611,0.0003832886286545545
2612,0.1527405083179474
2613,0.0
2614,0.002108087297528982
2615,0.0
2616,0.00019164431432727724
2617,0.0
2618,0.023572249338030815
2619,0.0
2620,0.0003832886286545545
2621,0.006707550957798958
2622,0.0
2623,0.002491375897079706
2624,0.0
2625,0.001149865798652172
2626,0.0
2627,0.0
2628,0.0
2629,0.002491375897079706
2630,0.001533154514618218
2631,0.027405135333538055
2632,0.002108087297528982
2633,0.00019164431432727724
2634,0.000958221557084471
2635,0.0
2636,0.009390571154654026
2637,0.00019164431432727724
2638,0.015331544913351536
2639,0.07224990427494049
2640,0.00019164431432727724
2641,0.0
2642,0.0003832886286545545
2643,0.003257953329011798
2644,0.001533154514618218
2645,0.044844768941402435
2646,0.002299731597304344
2647,0.0
2648,0.0
2649,0.003257953329011798
2650,0.001341510214842856
2651,0.0
2652,0.001149865798652172
2653,0.004407818894833326
2654,0.005749329458922148
2655,0.000574932899326086
2656,0.0
2657,0.0
2658,0.001149865798652172
2659,0.0
2660,0.0
2661,0.000574932899326086
2662,0.000958221557084471
2663,0.00019164431432727724
2664,0.0003832886286545545
2665,0.0
2666,0.0003832886286545545
2667,0.0
2668,0.0
2669,0.0
2670,0.010732081718742847
2671,0.0
2672,0.0
2673,0.0
2674,0.000574932899326086
2675,0.004982751794159412
2676,0.008240705356001854
2677,0.0003832886286545545
2678,0.0
2679,0.001533154514618218
2680,0.00019164431432727724
2681,0.00019164431432727724
2682,0.0003832886286545545
2683,0.000574932899326086
2684,0.0
2685,0.000574932899326086
2686,0.0
2687,0.683020293712616
2688,0.0
2689,0.0
2690,0.001533154514618218
2691,0.0
2692,0.001149865798652172
2693,0.0
2694,0.0
2695,0.0
2696,0.0
2697,0.0
2698,0.0
2699,0.028746645897626877
2700,0.004982751794159412
2701,0.0
2702,0.0
2703,0.0
2704,0.0
2705,0.08068225532770157
2706,0.0
2707,0.000766577257309109
2708,0.0003832886286545545
2709,0.000766577257309109
2710,0.00019164431432727724
2711,0.0
2712,0.0
2713,0.000766577257309109
2714,0.0
2715,0.06669221818447113
2716,0.0
2717,0.006324262358248234
2718,0.001533154514618218
2719,0.001341510214842856
2720,0.01782292127609253
2721,0.000574932899326086
2722,0.001916443114168942
2723,0.00019164431432727724
2724,0.000766577257309109
2725,0.00019164431432727724
2726,0.0003832886286545545
2727,0.0003832886286545545
2728,0.0
2729,0.0
2730,0.0
2731,0.0
2732,0.00019164431432727724
2733,0.07991567999124527
2734,0.0
2735,0.0
2736,0.4066692292690277
2737,0.00019164431432727724
2738,0.0003832886286545545
2739,0.03277117758989334
2740,0.003641241928562522
2741,0.0003832886286545545
2742,0.00019164431432727724
2743,0.0
2744,0.000766577257309109
2745,0.0
2746,0.0
2747,0.0
2748,0.15657339990139008
2749,0.0
2750,0.0003832886286545545
2751,0.0003832886286545545
2752,0.00019164431432727724
2753,0.001149865798652172
2754,0.0
2755,0.00977385975420475
2756,0.0
2757,0.0003832886286545545
2758,0.002491375897079706
2759,0.0003832886286545545
2760,0.016481410712003708
2761,0.049444232136011124
2762,0.03947872668504715
2763,0.0
2764,0.001533154514618218
2765,0.000574932899326086
2766,0.0003832886286545545
2767,0.003832886228337884
2768,0.0
2769,0.0
2770,0.0
2771,0.001149865798652172
2772,0.020314296707510948
2773,0.0
2774,0.0
2775,0.001149865798652172
2776,0.00019164431432727724
2777,0.00019164431432727724
2778,0.0003832886286545545
2779,0.00019164431432727724
2780,0.000766577257309109
2781,0.011498658917844296
2782,0.00019164431432727724
2783,0.000766577257309109
2784,0.003257953329011798
2785,0.0003832886286545545
2786,0.001149865798652172
2787,0.002299731597304344
2788,0.0
2789,0.0003832886286545545
2790,0.0003832886286545545
2791,0.00019164431432727724
2792,0.014756611548364162
2793,0.0003832886286545545
2794,0.0
2795,0.0
2796,0.0
2797,0.00019164431432727724
2798,0.005557685159146786
2799,0.000574932899326086
2800,0.0003832886286545545
2801,0.000958221557084471
2802,0.00785741675645113
2803,0.0
2804,0.000958221557084471
2805,0.002108087297528982
2806,0.00019164431432727724
2807,0.0003832886286545545
2808,0.001149865798652172
2809,0.001533154514618218
2810,0.0
2811,0.0003832886286545545
2812,0.0
2813,0.000766577257309109
2814,0.0
2815,0.002683020429685712
2816,0.0003832886286545545
2817,0.001341510214842856
2818,0.003641241928562522
2819,0.02127251774072647
2820,0.0
2821,0.040628593415021896
2822,0.000766577257309109
2823,0.0
2824,0.0
2825,0.0
2826,0.002683020429685712
2827,0.00019164431432727724
2828,0.00019164431432727724
2829,0.0003832886286545545
2830,0.00344959762878716
2831,0.0003832886286545545
2832,0.0
2833,0.0
2834,0.0
2835,0.0
2836,0.09218091517686844
2837,0.0
2838,0.000958221557084471
2839,0.0
2840,0.00019164431432727724
2841,0.0
2842,0.003257953329011798
2843,0.0
2844,0.0
2845,0.000574932899326086
2846,0.0003832886286545545
2847,0.04618627950549126
2848,0.001533154514618218
2849,0.0
2850,0.0
2851,0.000574932899326086
2852,0.000958221557084471
2853,0.003066309029236436
2854,0.002108087297528982
2855,0.0
2856,0.000766577257309109
2857,0.00019164431432727724
2858,0.003066309029236436
2859,0.002108087297528982
2860,0.0003832886286545545
2861,0.002683020429685712
2862,0.000574932899326086
2863,0.002491375897079706
2864,0.0
2865,0.0
2866,0.00594097375869751
2867,0.001341510214842856
2868,0.0003832886286545545
2869,0.0
2870,0.0003832886286545545
2871,0.002683020429685712
2872,0.013031813316047192
2873,0.001149865798652172
2874,0.000574932899326086
2875,0.0
2876,0.0003832886286545545
2877,0.0003832886286545545
2878,0.0003832886286545545
2879,0.0
2880,0.0003832886286545545
2881,0.0
2882,0.0
2883,0.0
2884,0.001149865798652172
2885,0.0003832886286545545
2886,0.0
2887,0.000766577257309109
2888,0.012265236116945744
2889,0.008815637789666653
2890,0.0003832886286545545
2891,0.0
2892,0.015139900147914886
2893,0.001149865798652172
2894,0.000958221557084471
2895,0.00019164431432727724
2896,0.001533154514618218
2897,0.000958221557084471
2898,0.00019164431432727724
2899,0.000958221557084471
2900,0.0
2901,0.0
2902,0.018781142309308052
2903,0.000958221557084471
2904,0.0
2905,0.000766577257309109
2906,0.006707550957798958
2907,0.000574932899326086
2908,0.0
2909,0.0
2910,0.000574932899326086
2911,0.0
2912,0.000574932899326086
2913,0.0003832886286545545
2914,0.0
2915,0.000766577257309109
2916,0.001149865798652172
2917,0.0
2918,0.00019164431432727724
2919,0.001533154514618218
2920,0.0
2921,0.000766577257309109
2922,0.012648524716496468
2923,0.0
2924,0.00019164431432727724
2925,0.002108087297528982
2926,0.0003832886286545545
2927,0.0
2928,0.0
2929,0.0003832886286545545
2930,0.0
2931,0.07761594653129578
2932,0.0
2933,0.0003832886286545545
2934,0.0
2935,0.001149865798652172
2936,0.0
2937,0.0
2938,0.00019164431432727724
2939,0.0
2940,0.0
2941,0.01188194751739502
2942,0.0
2943,0.0
2944,0.000574932899326086
2945,0.0
2946,0.0
2947,0.0
2948,0.0
2949,0.00019164431432727724
2950,0.0
2951,0.026255270466208458
2952,0.0003832886286545545
2953,0.00019164431432727724
2954,0.026446914300322533
2955,0.001149865798652172
2956,0.00019164431432727724
2957,0.001533154514618218
2958,0.0
2959,0.000766577257309109
2960,0.0
2961,0.000574932899326086
2962,0.0
2963,0.0003832886286545545
2964,0.000574932899326086
2965,0.000958221557084471
2966,0.0003832886286545545
2967,0.0
2968,0.0003832886286545545
2969,0.0
2970,0.0
2971,0.0
2972,0.00172479881439358
2973,0.00019164431432727724
2974,0.0
2975,0.00019164431432727724
2976,0.004599463194608688
2977,0.0
2978,0.00019164431432727724
2979,0.049444232136011124
2980,0.000958221557084471
2981,0.0
2982,0.000958221557084471
2983,0.0003832886286545545
2984,0.0
2985,0.481027215719223
2986,0.004407818894833326
2987,0.0003832886286545545
2988,0.0
2989,0.001341510214842856
2990,0.0
2991,0.023572249338030815
2992,0.000574932899326086
2993,0.0
2994,0.001533154514618218
2995,0.0
2996,0.0
2997,0.00019164431432727724
2998,0.028171712532639503
2999,0.0003832886286545545
3000,0.0
3001,0.000958221557084471
3002,0.00172479881439358
3003,0.001149865798652172
3004,0.000574932899326086
3005,0.000574932899326086
3006,0.015906477347016335
3007,0.0
3008,0.000958221557084471
3009,0.00019164431432727724
3010,0.0
3011,0.001149865798652172
3012,0.000958221557084471
3013,0.0
3014,0.0
3015,0.00019164431432727724
3016,0.0003832886286545545
3017,0.00019164431432727724
3018,0.044844768941402435
3019,0.000958221557084471
3020,0.001916443114168942
3021,0.0
3022,0.000766577257309109
3023,0.0003832886286545545
3024,0.00019164431432727724
3025,0.04120352491736412
3026,0.012840168550610542
3027,0.0003832886286545545
3028,0.0
3029,0.00479110749438405
3030,0.0003832886286545545
3031,0.00019164431432727724
3032,0.0003832886286545545
3033,0.0003832886286545545
3034,0.9302414655685425
3035,0.0
3036,0.0
3037,0.0
3038,0.0
3039,0.0003832886286545545
3040,0.0003832886286545545
3041,0.00019164431432727724
3042,0.0
3043,0.00019164431432727724
3044,0.005366040859371424
3045,0.0
3046,0.0003832886286545545
3047,0.45362207293510437
3048,0.0
3049,0.04388654604554176
3050,0.002491375897079706
3051,0.0
3052,0.0
3053,0.0
3054,0.0
3055,0.0003832886286545545
3056,0.0
3057,0.11287849396467209
3058,0.0
3059,0.0
3060,0.002491375897079706
3061,0.00019164431432727724
3062,0.0
3063,0.000766577257309109
3064,0.0
3065,0.7397470474243164
3066,0.0
3067,0.000574932899326086
3068,0.0003832886286545545
3069,0.0
3070,0.0003832886286545545
3071,0.001533154514618218
3072,0.0
3073,0.0
3074,0.31027212738990784
3075,0.00019164431432727724
3076,0.000766577257309109
3077,0.0
3078,0.0003832886286545545
3079,0.0003832886286545545
3080,0.00019164431432727724
3081,0.12111920118331909
3082,0.00344959762878716
3083,0.0
3084,0.002299731597304344
3085,0.0
3086,0.000766577257309109
3087,0.001916443114168942
3088,0.0
3089,0.0
3090,0.00172479881439358
3091,0.02587198093533516
3092,0.000574932899326086
3093,0.007090839557349682
3094,0.003257953329011798
3095,0.029896512627601624
3096,0.001533154514618218
3097,0.0003832886286545545
3098,0.000574932899326086
3099,0.005366040859371424
3100,0.0
3101,0.0
3102,0.0
3103,0.0
3104,0.00172479881439358
3105,0.000958221557084471
3106,0.000766577257309109
3107,0.0
3108,0.0
3109,0.003641241928562522
3110,0.0
3111,0.0003832886286545545
3112,0.0
3113,0.0
3114,0.002299731597304344
3115,0.007665772456675768
3116,0.001149865798652172
3117,0.0
3118,0.0684170201420784
3119,0.000574932899326086
3120,0.0
3121,0.000574932899326086
3122,0.0
3123,0.001341510214842856
3124,0.0
3125,0.00019164431432727724
3126,0.0
3127,0.0
3128,0.00019164431432727724
3129,0.00977385975420475
3130,0.00019164431432727724
3131,0.009198926389217377
3132,0.000574932899326086
3133,0.0
3134,0.0
3135,0.000766577257309109
3136,0.0003832886286545545
3137,0.003641241928562522
3138,0.0
3139,0.000574932899326086
3140,0.000958221557084471
3141,0.0
3142,0.0
3143,0.0
3144,0.0
3145,0.00019164431432727724
3146,0.003641241928562522
3147,0.0
3148,0.001533154514618218
3149,0.0
3150,0.0
3151,0.00019164431432727724
3152,0.003066309029236436
3153,0.0003832886286545545
3154,0.15925641357898712
3155,0.003066309029236436
3156,0.00019164431432727724
3157,0.000574932899326086
3158,0.0
3159,0.00019164431432727724
3160,0.00019164431432727724
3161,0.0
3162,0.000958221557084471
3163,0.08509007096290588
3164,0.8254120349884033
3165,0.01743963174521923
3166,0.0
3167,0.0
3168,0.000766577257309109
3169,0.0
3170,0.0
3171,0.0003832886286545545
3172,0.0
3173,0.00019164431432727724
3174,0.000766577257309109
3175,0.0
3176,0.014756611548364162
3177,0.00019164431432727724
3178,0.0
3179,0.0003832886286545545
3180,0.001341510214842856
3181,0.00019164431432727724
3182,0.00019164431432727724
3183,0.0
3184,0.0
3185,0.0
3186,0.006707550957798958
3187,0.0
3188,0.0
3189,0.00019164431432727724
3190,0.001533154514618218
3191,0.0003832886286545545
3192,0.000574932899326086
3193,0.0
3194,0.09946339577436447
3195,0.000766577257309109
3196,0.0003832886286545545
3197,0.000766577257309109
3198,0.000574932899326086
3199,0.00019164431432727724
3200,0.13721732795238495
3201,0.001916443114168942
3202,0.000574932899326086
3203,0.00019164431432727724
3204,0.0
3205,0.00019164431432727724
3206,0.00172479881439358
3207,0.0003832886286545545
3208,0.000958221557084471
3209,0.0
3210,0.0
3211,0.0
3212,0.0
3213,0.0003832886286545545
3214,0.0
3215,0.0
3216,0.004982751794159412
3217,0.0
3218,0.0
3219,0.004599463194608688
3220,0.01820620894432068
3221,0.00019164431432727724
3222,0.000958221557084471
3223,0.0003832886286545545
3224,0.000766577257309109
3225,0.0
3226,0.38597163558006287
3227,0.0003832886286545545
3228,0.004407818894833326
3229,0.0
3230,0.000766577257309109
3231,0.020505940541625023
3232,0.0
3233,0.0
3234,0.0003832886286545545
3235,0.10962054133415222
3236,0.10425450652837753
3237,0.0
3238,0.22441548109054565
3239,0.001916443114168942
3240,0.000766577257309109
3241,0.1653890311717987
3242,0.001916443114168942
3243,0.0003832886286545545
3244,0.004599463194608688
3245,0.02414718270301819
3246,0.0
3247,0.000958221557084471
3248,0.0
3249,0.006707550957798958
3250,0.09754694998264313
3251,0.001149865798652172
3252,0.0
3253,0.000766577257309109
3254,0.000574932899326086
3255,0.03277117758989334
3256,0.0
3257,0.000574932899326086
3258,0.000574932899326086
3259,0.42506706714630127
3260,0.002299731597304344
3261,0.000574932899326086
3262,0.00019164431432727724
3263,0.000574932899326086
3264,0.000766577257309109
3265,0.001341510214842856
3266,0.0
3267,0.00019164431432727724
3268,0.0003832886286545545
3269,0.00172479881439358
3270,0.0
3271,0.0003832886286545545
3272,0.00019164431432727724
3273,0.00019164431432727724
3274,0.0
3275,0.0
3276,0.003832886228337884
3277,0.000958221557084471
3278,0.0003832886286545545
3279,0.00019164431432727724
3280,0.019739363342523575
3281,0.000574932899326086
3282,0.0
3283,0.00019164431432727724
3284,0.0003832886286545545
3285,0.007090839557349682
3286,0.0
3287,0.0
3288,0.000574932899326086
3289,0.0
3290,0.00019164431432727724
3291,0.000574932899326086
3292,0.0
3293,0.00019164431432727724
3294,0.0
3295,0.00019164431432727724
3296,0.0
3297,0.000766577257309109
3298,0.0
3299,0.0
3300,0.0
3301,0.0003832886286545545
3302,0.001149865798652172
3303,0.0
3304,0.0
3305,0.001341510214842856
3306,0.0
3307,0.00172479881439358
3308,0.00019164431432727724
3309,0.001533154514618218
3310,0.0191644299775362
3311,0.0003832886286545545
3312,0.0
3313,0.0
3314,0.0
3315,0.0
3316,0.026255270466208458
3317,0.002108087297528982
3318,0.0
3319,0.00019164431432727724
3320,0.0
3321,0.0
3322,0.000958221557084471
3323,0.00019164431432727724
3324,0.0
3325,0.0003832886286545545
3326,0.0
3327,0.00689919525757432
3328,0.000766577257309109
3329,0.00019164431432727724
3330,0.0003832886286545545
3331,0.0003832886286545545
3332,0.0003832886286545545
3333,0.0
3334,0.0
3335,0.000766577257309109
3336,0.4336910545825958
3337,0.001149865798652172
3338,0.028363358229398727
3339,0.03487926349043846
3340,0.0
3341,0.0
3342,0.0
3343,0.20467612147331238
3344,0.0003832886286545545
3345,0.00019164431432727724
3346,0.00019164431432727724
3347,0.00019164431432727724
3348,0.005174396093934774
3349,0.004599463194608688
3350,0.0
3351,0.000958221557084471
3352,0.001341510214842856
3353,0.001149865798652172
3354,0.0
3355,0.000958221557084471
3356,0.00019164431432727724
3357,0.000766577257309109
3358,0.0
3359,0.000766577257309109
3360,0.0
3361,0.000766577257309109
3362,0.00019164431432727724
3363,0.0003832886286545545
3364,0.0
3365,0.000574932899326086
3366,0.0
3367,0.000958221557084471
3368,0.004024530295282602
3369,0.00172479881439358
3370,0.00019164431432727724
3371,0.00019164431432727724
3372,0.000958221557084471
3373,0.00019164431432727724
3374,0.0
3375,0.0
3376,0.0
3377,0.06324262171983719
3378,0.0
3379,0.03468761965632439
3380,0.0
3381,0.0
3382,0.0
3383,0.0
3384,0.00019164431432727724
3385,0.0
3386,0.001341510214842856
3387,0.0
3388,0.0
3389,0.2633192837238312
3390,0.0
3391,0.0
3392,0.0
3393,0.045228056609630585
3394,0.000574932899326086
3395,0.0
3396,0.0
3397,0.00344959762878716
3398,0.0003832886286545545
3399,0.002108087297528982
3400,0.07301647961139679
3401,0.000574932899326086
3402,0.0
3403,0.001149865798652172
3404,0.002299731597304344
3405,0.11172863095998764
3406,0.15082406997680664
3407,0.00172479881439358
3408,0.00019164431432727724
3409,0.0
3410,0.006132618058472872
3411,0.001916443114168942
3412,0.0003832886286545545
3413,0.00019164431432727724
3414,0.00019164431432727724
3415,0.0
3416,0.000766577257309109
3417,0.00019164431432727724
3418,0.000574932899326086
3419,0.00019164431432727724
3420,0.0
3421,0.000574932899326086
3422,0.0
3423,0.0
3424,0.0
3425,0.001341510214842856
3426,0.0
3427,0.000958221557084471
3428,0.0
3429,0.0
3430,0.00019164431432727724
3431,0.0
3432,0.00019164431432727724
3433,0.000766577257309109
3434,0.0003832886286545545
3435,0.000574932899326086
3436,0.0
3437,0.0
3438,0.0
3439,0.001533154514618218
3440,0.0
3441,0.0
3442,0.00019164431432727724
3443,0.0
3444,0.0003832886286545545
3445,0.03775392845273018
3446,0.0
3447,0.001149865798652172
3448,0.00019164431432727724
3449,0.0003832886286545545
3450,0.0
3451,0.0003832886286545545
3452,0.0
3453,0.00019164431432727724
3454,0.0
3455,0.001149865798652172
3456,0.022614028304815292
3457,0.02414718270301819
3458,0.0
3459,0.0
3460,0.0003832886286545545
3461,0.0
3462,0.0003832886286545545
3463,0.0
3464,0.022805672138929367
3465,0.00019164431432727724
3466,0.0003832886286545545
3467,0.024530472233891487
3468,0.0003832886286545545
3469,0.006132618058472872
3470,0.000574932899326086
3471,0.0
3472,0.00019164431432727724
3473,0.0003832886286545545
3474,0.0
3475,0.0
3476,0.0
3477,0.0
3478,0.00019164431432727724
3479,0.000958221557084471
3480,0.0
3481,0.20582598447799683
3482,0.00689919525757432
3483,0.0003832886286545545
3484,0.8530088067054749
3485,0.000958221557084471
3486,0.0297048669308424
3487,0.0
3488,0.19432732462882996
3489,0.0
3490,0.003257953329011798
3491,0.001341510214842856
3492,0.002491375897079706
3493,0.003832886228337884
3494,0.0
3495,0.00019164431432727724
3496,0.000574932899326086
3497,0.0
3498,0.0003832886286545545
3499,0.027405135333538055
3500,0.0
3501,0.002299731597304344
3502,0.04791107773780823
3503,0.00019164431432727724
3504,0.0
3505,0.0003832886286545545
3506,0.0003832886286545545
3507,0.0
3508,0.0
3509,0.15159064531326294
3510,0.003066309029236436
3511,0.0
3512,0.000958221557084471
3513,0.001341510214842856
3514,0.0003832886286545545
3515,0.0
3516,0.0
3517,0.03353775292634964
3518,0.0
3519,0.0
3520,0.002491375897079706
3521,0.00019164431432727724
3522,0.002491375897079706
3523,0.0
3524,0.0
3525,0.002491375897079706
3526,0.0
3527,0.002683020429685712
3528,0.0003832886286545545
3529,0.00019164431432727724
3530,0.00019164431432727724
3531,0.00019164431432727724
3532,0.0
3533,0.0003832886286545545
3534,0.000574932899326086
3535,0.000574932899326086
3536,0.001533154514618218
3537,0.00019164431432727724
3538,0.00019164431432727724
3539,0.06132617965340614
3540,0.000766577257309109
3541,0.00019164431432727724
3542,0.001149865798652172
3543,0.000958221557084471
3544,0.001149865798652172
3545,0.001341510214842856
3546,0.0
3547,0.0
3548,0.0
3549,0.000958221557084471
3550,0.0003832886286545545
3551,0.0
3552,0.000766577257309109
3553,0.00019164431432727724
3554,0.0
3555,0.001149865798652172
3556,0.0
3557,0.004024530295282602
3558,0.002108087297528982
3559,0.000958221557084471
3560,0.0003832886286545545
3561,0.0003832886286545545
3562,0.0
3563,0.00172479881439358
3564,0.000958221557084471
3565,0.07416635006666183
3566,0.002683020429685712
3567,0.00019164431432727724
3568,0.001149865798652172
3569,0.00019164431432727724
3570,0.0
3571,0.0
3572,0.0
3573,0.0
3574,0.001149865798652172
3575,0.001149865798652172
3576,0.0
3577,0.0
3578,0.0
3579,0.000574932899326086
3580,0.0
3581,0.0003832886286545545
3582,0.001916443114168942
3583,0.00344959762878716
3584,0.0003832886286545545
3585,0.0
3586,0.00019164431432727724
3587,0.0
3588,0.000958221557084471
3589,0.001341510214842856
3590,0.0
3591,0.0
3592,0.000958221557084471
3593,0.0
3594,0.0
3595,0.003066309029236436
3596,0.00019164431432727724
3597,0.0
3598,0.00019164431432727724
3599,0.0003832886286545545
3600,0.00019164431432727724
3601,0.0003832886286545545
3602,0.0
3603,0.0
3604,0.00019164431432727724
3605,0.001149865798652172
3606,0.003066309029236436
3607,0.21866615116596222
3608,0.000958221557084471
3609,0.00594097375869751
3610,0.01552318874746561
3611,0.0
3612,0.000766577257309109
3613,0.014948256313800812
3614,0.00019164431432727724
3615,0.0
3616,0.005174396093934774
3617,0.0
3618,0.0
3619,0.0
3620,0.028746645897626877
3621,0.0
3622,0.000958221557084471
3623,0.00019164431432727724
3624,0.0
3625,0.000958221557084471
3626,0.0
3627,0.0
3628,0.0003832886286545545
3629,0.0003832886286545545
3630,0.0003832886286545545
3631,0.0003832886286545545
3632,0.000574932899326086
3633,0.0003832886286545545
3634,0.0
3635,0.0
3636,0.001916443114168942
3637,0.00172479881439358
3638,0.8095055818557739
3639,0.0
3640,0.0
3641,0.03660406172275543
3642,0.00019164431432727724
3643,0.002874664729461074
3644,0.00019164431432727724
3645,0.0
3646,0.0
3647,0.000958221557084471
3648,0.0
3649,0.0003832886286545545
3650,0.1638558804988861
3651,0.0
3652,0.000574932899326086
3653,0.000574932899326086
3654,0.000766577257309109
3655,0.0
3656,0.000574932899326086
3657,0.17957071959972382
3658,0.0
3659,0.0003832886286545545
3660,0.00019164431432727724
3661,0.016673054546117783
3662,0.0003832886286545545
3663,0.00019164431432727724
3664,0.0
3665,0.0
3666,0.000766577257309109
3667,0.00019164431432727724
3668,0.002299731597304344
3669,0.0
3670,0.0
3671,0.0003832886286545545
3672,0.0
3673,0.0
3674,0.0
3675,0.0
3676,0.0
3677,0.000958221557084471
3678,0.010540436953306198
3679,0.0
3680,0.0003832886286545545
3681,0.0
3682,0.42966654896736145
3683,0.0
3684,0.0
3685,0.0
3686,0.0
3687,0.0003832886286545545
3688,0.00019164431432727724
3689,0.03142966702580452
3690,0.0
3691,0.003641241928562522
3692,0.000766577257309109
3693,0.0
3694,0.000766577257309109
3695,0.0
3696,0.00019164431432727724
3697,0.0003832886286545545
3698,0.0003832886286545545
3699,0.00019164431432727724
3700,0.0
3701,0.03526255115866661
3702,0.0
3703,0.00019164431432727724
3704,0.0
3705,0.0
3706,0.001533154514618218
3707,0.016481410712003708
3708,0.0
3709,0.02203909493982792
3710,0.000766577257309109
3711,0.0
3712,0.002874664729461074
3713,0.0
3714,0.002108087297528982
3715,0.0
3716,0.0191644299775362
3717,0.02548869326710701
3718,0.00019164431432727724
3719,0.0
3720,0.0
3721,0.0
3722,0.0
3723,0.000574932899326086
3724,0.0003832886286545545
3725,0.0003832886286545545
3726,0.03602913022041321
3727,0.0003832886286545545
3728,0.0
3729,0.0
3730,0.0
3731,0.003066309029236436
3732,0.000574932899326086
3733,0.0
3734,0.005366040859371424
3735,0.01360674574971199
3736,0.000574932899326086
3737,0.00019164431432727724
3738,0.0
3739,0.00019164431432727724
3740,0.00019164431432727724
3741,0.00019164431432727724
3742,0.0195477195084095
3743,0.0
3744,0.0
3745,0.001341510214842856
3746,0.0
3747,0.00019164431432727724
3748,0.0003832886286545545
3749,0.0
3750,0.002108087297528982
3751,0.0
3752,0.0
3753,0.00019164431432727724
3754,0.0003832886286545545
3755,0.001149865798652172
3756,0.000574932899326086
3757,0.0003832886286545545
3758,0.00479110749438405
3759,0.0003832886286545545
3760,0.000766577257309109
3761,0.0
3762,0.0
3763,0.032962821424007416
3764,0.001916443114168942
3765,0.000574932899326086
3766,0.00019164431432727724
3767,0.0
3768,0.000766577257309109
3769,0.0
3770,0.018014565110206604
3771,0.0003832886286545545
3772,0.0
3773,0.0
3774,0.0
3775,0.004216174595057964
3776,0.004407818894833326
3777,0.000766577257309109
3778,0.0003832886286545545
3779,0.0
3780,0.0003832886286545545
3781,0.00019164431432727724
3782,0.0
3783,0.000766577257309109
3784,0.001533154514618218
3785,0.0
3786,0.001149865798652172
3787,0.025680337101221085
3788,0.000574932899326086
3789,0.0
3790,0.0
3791,0.000766577257309109
3792,0.0
3793,0.0003832886286545545
3794,0.003066309029236436
3795,0.00019164431432727724
3796,0.0
3797,0.0
3798,0.000958221557084471
3799,0.0
3800,0.0
3801,0.0
3802,0.0
3803,0.0
3804,0.0003832886286545545
3805,0.005557685159146786
3806,0.000574932899326086
3807,0.0
3808,0.000574932899326086
3809,0.000766577257309109
3810,0.0
3811,0.00019164431432727724
3812,0.000958221557084471
3813,0.005749329458922148
3814,0.0
3815,0.0
3816,0.00019164431432727724
3817,0.1391337662935257
3818,0.0003832886286545545
3819,0.016864698380231857
3820,0.0
3821,0.0
3822,0.0
3823,0.00019164431432727724
3824,0.000574932899326086
3825,0.00019164431432727724
3826,0.0003832886286545545
3827,0.0
3828,0.000574932899326086
3829,0.0003832886286545545
3830,0.00019164431432727724
3831,0.001916443114168942
3832,0.0003832886286545545
3833,0.001916443114168942
3834,0.00019164431432727724
3835,0.00019164431432727724
3836,0.000958221557084471
3837,0.0
3838,0.00594097375869751
3839,0.0
3840,0.000766577257309109
3841,0.0
3842,0.00344959762878716
3843,0.033346109092235565
3844,0.0
3845,0.0
3846,0.00019164431432727724
3847,0.0
3848,0.001341510214842856
3849,0.0
3850,0.000574932899326086
3851,0.00019164431432727724
3852,0.0
3853,0.0
3854,0.003066309029236436
3855,0.0
3856,0.00019164431432727724
3857,0.000958221557084471
3858,0.0
3859,0.0
3860,0.0
3861,0.0
3862,0.000766577257309109
3863,0.0003832886286545545
3864,0.07531621307134628
3865,0.0
3866,0.00019164431432727724
3867,0.14488309621810913
3868,0.000766577257309109
3869,0.000766577257309109
3870,0.000958221557084471
3871,0.0003832886286545545
3872,0.000766577257309109
3873,0.023188961669802666
3874,0.0
3875,0.00019164431432727724
3876,0.000574932899326086
3877,0.001149865798652172
3878,0.25507858395576477
3879,0.0003832886286545545
3880,0.0
3881,0.000574932899326086
3882,0.27041012048721313
3883,0.000574932899326086
3884,0.0
3885,0.000766577257309109
3886,0.004024530295282602
3887,0.001149865798652172
3888,0.007474128156900406
3889,0.0003832886286545545
3890,0.00019164431432727724
3891,0.00019164431432727724
3892,0.00019164431432727724
3893,0.5712916851043701
3894,0.000574932899326086
3895,0.000766577257309109
3896,0.0003832886286545545
3897,0.0
3898,0.0003832886286545545
3899,0.33786892890930176
3900,0.0003832886286545545
3901,0.0003832886286545545
3902,0.0
3903,0.0
3904,0.0
3905,0.0003832886286545545
3906,0.000766577257309109
3907,0.001916443114168942
3908,0.000574932899326086
3909,0.0003832886286545545
3910,0.0003832886286545545
3911,0.000958221557084471
3912,0.00019164431432727724
3913,0.004216174595057964
3914,0.000766577257309109
3915,0.000766577257309109
3916,0.002683020429685712
3917,0.001149865798652172
3918,0.0
3919,0.0
3920,0.0
3921,0.0
3922,0.0
3923,0.0
3924,0.0
3925,0.0
3926,0.0
3927,0.0
3928,0.0
3929,0.0003832886286545545
3930,0.0
3931,0.001149865798652172
3932,0.0003832886286545545
3933,0.000958221557084471
3934,0.000958221557084471
3935,0.0
3936,0.0003832886286545545
3937,0.0003832886286545545
3938,0.0
3939,0.001533154514618218
3940,0.0
3941,0.0003832886286545545
3942,0.0
3943,0.00019164431432727724
3944,0.19528554379940033
3945,0.0003832886286545545
3946,0.001149865798652172
3947,0.0
3948,0.00019164431432727724
3949,0.00172479881439358
3950,0.011307014152407646
3951,0.0
3952,0.000766577257309109
3953,0.000574932899326086
3954,0.0
3955,0.0003832886286545545
3956,0.000766577257309109
3957,0.00019164431432727724
3958,0.00019164431432727724
3959,0.000766577257309109
3960,0.0
3961,0.0
3962,0.000766577257309109
3963,0.0003832886286545545
3964,0.00019164431432727724
3965,0.0
3966,0.0
3967,0.0
3968,0.0003832886286545545
3969,0.0
3970,0.00172479881439358
3971,0.0003832886286545545
3972,0.003257953329011798
3973,0.0
3974,0.0003832886286545545
3975,0.00019164431432727724
3976,0.00479110749438405
3977,0.0003832886286545545
3978,0.001341510214842856
3979,0.0003832886286545545
3980,0.000958221557084471
3981,0.0
3982,0.000574932899326086
3983,0.000574932899326086
3984,0.00019164431432727724
3985,0.1924108862876892
3986,0.00019164431432727724
3987,0.0003832886286545545
3988,0.001149865798652172
3989,0.00019164431432727724
3990,0.0
3991,0.6878114342689514
3992,0.0
3993,0.0
3994,0.000574932899326086
3995,0.12361057847738266
3996,0.04771943390369415
3997,0.0003832886286545545
3998,0.0
3999,0.0
4000,0.0
4001,0.0
4002,0.0
4003,0.0
4004,0.0003832886286545545
4005,0.00479110749438405
4006,0.0
4007,0.003832886228337884
4008,0.0
4009,0.0
4010,0.0
4011,0.0003832886286545545
4012,0.0
4013,0.945956289768219
4014,0.0
4015,0.00019164431432727724
4016,0.000574932899326086
4017,0.5093905925750732
4018,0.00019164431432727724
4019,0.002874664729461074
4020,0.000958221557084471
4021,0.0
4022,0.11268685013055801
4023,0.00019164431432727724
4024,0.0
4025,0.0
4026,0.0
4027,0.0
4028,0.00019164431432727724
4029,0.002108087297528982
4030,0.0
4031,0.001916443114168942
4032,0.000766577257309109
4033,0.0
4034,0.00019164431432727724
4035,0.0
4036,0.000574932899326086
4037,0.0003832886286545545
4038,0.0
4039,0.000958221557084471
4040,0.000958221557084471
4041,0.0
4042,0.0003832886286545545
4043,0.03487926349043846
4044,0.001533154514618218
4045,0.0003832886286545545
4046,0.0
4047,0.0003832886286545545
4048,0.001341510214842856
4049,0.0
4050,0.0003832886286545545
4051,0.0003832886286545545
4052,0.0
4053,0.00479110749438405
4054,0.002683020429685712
4055,0.0
4056,0.18512840569019318
4057,0.0
4058,0.00019164431432727724
4059,0.0
4060,0.0
4061,0.0003832886286545545
4062,0.001533154514618218
4063,0.001149865798652172
4064,0.00172479881439358
4065,0.00019164431432727724
4066,0.001149865798652172
4067,0.0
4068,0.0
4069,0.037945572286844254
4070,0.000766577257309109
4071,0.00019164431432727724
4072,0.012073591351509094
4073,0.004216174595057964
4074,0.20870065689086914
4075,0.000766577257309109
4076,0.00019164431432727724
4077,0.00019164431432727724
4078,0.026638558134436607
4079,0.0
4080,0.07493292540311813
4081,0.00019164431432727724
4082,0.002108087297528982
4083,0.000574932899326086
4084,0.0
4085,0.02165580727159977
4086,0.09869682043790817
4087,0.000766577257309109
4088,0.001149865798652172
4089,0.0003832886286545545
4090,0.0
4091,0.0
4092,0.0
4093,0.0
4094,0.00019164431432727724
4095,0.0
4096,0.000958221557084471
4097,0.0
4098,0.000574932899326086
4099,0.0
4100,0.000766577257309109
4101,0.0003832886286545545
4102,0.0
4103,0.0
4104,0.0
4105,0.2188577950000763
4106,0.0003832886286545545
4107,0.0
4108,0.0
4109,0.00019164431432727724
4110,0.00019164431432727724
4111,0.0
4112,0.0
4113,0.0
4114,0.0
4115,0.000574932899326086
4116,0.001341510214842856
4117,0.0
4118,0.0
4119,0.0003832886286545545
4120,0.006515906658023596
4121,0.001341510214842856
4122,0.003832886228337884
4123,0.0003832886286545545
4124,0.000958221557084471
4125,0.0003832886286545545
4126,0.16193944215774536
4127,0.000958221557084471
4128,0.000958221557084471
4129,0.0003832886286545545
4130,0.0
4131,0.003832886228337884
4132,0.0
4133,0.0
4134,0.0003832886286545545
4135,0.0
4136,0.00019164431432727724
4137,0.000574932899326086
4138,0.000766577257309109
4139,0.0003832886286545545
4140,0.0003832886286545545
4141,0.00019164431432727724
4142,0.0
4143,0.000574932899326086
4144,0.000958221557084471
4145,0.0003832886286545545
4146,0.001149865798652172
4147,0.0003832886286545545
4148,0.0
4149,0.018972786143422127
4150,0.0
4151,0.001341510214842856
4152,0.019356075674295425
4153,0.0
4154,0.00019164431432727724
4155,0.0
4156,0.05346876382827759
4157,0.0003832886286545545
4158,0.01188194751739502
4159,0.004599463194608688
4160,0.0
4161,0.00019164431432727724
4162,0.0
4163,0.08164047449827194
4164,0.000574932899326086
4165,0.0
4166,0.01169030275195837
4167,0.0
4168,0.7324645519256592
4169,0.001533154514618218
4170,0.0
4171,0.006324262358248234
4172,0.0003832886286545545
4173,0.0003832886286545545
4174,0.001149865798652172
4175,0.19662706553936005
4176,0.001916443114168942
4177,0.0003832886286545545
4178,0.0
4179,0.001149865798652172
4180,0.0003832886286545545
4181,0.0003832886286545545
4182,0.002299731597304344
4183,0.0003832886286545545
4184,0.0
4185,0.013415101915597916
4186,0.002108087297528982
4187,0.0
4188,0.0
4189,0.44480642676353455
4190,0.1466078907251358
4191,0.000574932899326086
4192,0.0
4193,0.000766577257309109
4194,0.08489842712879181
4195,0.001149865798652172
4196,0.000574932899326086
4197,0.0
4198,0.00019164431432727724
4199,0.001149865798652172
4200,0.0
4201,0.000766577257309109
4202,0.001149865798652172
4203,0.001341510214842856
4204,0.0
4205,0.0
4206,0.0
4207,0.001149865798652172
4208,0.0
4209,0.0003832886286545545
4210,0.010732081718742847
4211,0.00019164431432727724
4212,0.0
4213,0.001533154514618218
4214,0.0
4215,0.0
4216,0.000958221557084471
4217,0.003257953329011798
4218,0.000958221557084471
4219,0.0
4220,0.0
4221,0.0
4222,0.0
4223,0.0
4224,0.000574932899326086
4225,0.0
4226,0.000766577257309109
4227,0.0003832886286545545
4228,0.0
4229,0.00344959762878716
4230,0.0003832886286545545
4231,0.0
4232,0.0
4233,0.0003832886286545545
4234,0.0
4235,0.0003832886286545545
4236,0.002683020429685712
4237,0.0
4238,0.0
4239,0.000574932899326086
4240,0.0
4241,0.5835568904876709
4242,0.000958221557084471
4243,0.001341510214842856
4244,0.0
4245,0.0003832886286545545
4246,0.0
4247,0.0
4248,0.0003832886286545545
4249,0.00172479881439358
4250,0.000958221557084471
4251,0.00594097375869751
4252,0.000766577257309109
4253,0.00344959762878716
4254,0.022805672138929367
4255,0.0
4256,0.0003832886286545545
4257,0.0
4258,0.000766577257309109
4259,0.00019164431432727724
4260,0.000766577257309109
4261,0.007474128156900406
4262,0.008432349190115929
4263,0.008240705356001854
4264,0.0003832886286545545
4265,0.001341510214842856
4266,0.00019164431432727724
4267,0.00019164431432727724
4268,0.0
4269,0.0003832886286545545
4270,0.0
4271,0.0
4272,0.001341510214842856
4273,0.08662322908639908
4274,0.0003832886286545545
4275,0.0
4276,0.0
4277,0.00019164431432727724
4278,0.01993100717663765
4279,0.001149865798652172
4280,0.005174396093934774
4281,0.0003832886286545545
4282,0.00019164431432727724
4283,0.0
4284,0.04925258830189705
4285,0.0003832886286545545
4286,0.0003832886286545545
4287,0.0
4288,0.03392104431986809
4289,0.00019164431432727724
4290,0.0
4291,0.0
4292,0.0
4293,0.0
4294,0.00019164431432727724
4295,0.0
4296,0.0
4297,0.00019164431432727724
4298,0.0003832886286545545
4299,0.0
4300,0.008432349190115929
4301,0.00019164431432727724
4302,0.0003832886286545545
4303,0.002108087297528982
4304,0.0
4305,0.0789574533700943
4306,0.002683020429685712
4307,0.001149865798652172
4308,0.0
4309,0.000766577257309109
4310,0.0
4311,0.004982751794159412
4312,0.0
4313,0.0
4314,0.0
4315,0.0
4316,0.0
4317,0.01993100717663765
4318,0.000766577257309109
4319,0.00019164431432727724
4320,0.0003832886286545545
4321,0.000574932899326086
4322,0.0003832886286545545
4323,0.0
4324,0.0
4325,0.0
4326,0.00594097375869751
4327,0.0
4328,0.0
4329,0.0
4330,0.025297049432992935
4331,0.00019164431432727724
4332,0.000766577257309109
4333,0.000766577257309109
4334,0.2052510529756546
4335,0.000766577257309109
4336,0.0003832886286545545
4337,0.001149865798652172
4338,0.0
4339,0.001533154514618218
4340,0.004024530295282602
4341,0.00019164431432727724
4342,0.00019164431432727724
4343,0.00019164431432727724
4344,0.00019164431432727724
4345,0.001916443114168942
4346,0.000574932899326086
4347,0.0
4348,0.00019164431432727724
4349,0.0
4350,0.32752013206481934
4351,0.0
4352,0.0
4353,0.0
4354,0.0191644299775362
4355,0.03813721612095833
4356,0.0
4357,0.0
4358,0.0
4359,0.0
4360,0.004982751794159412
4361,0.0
4362,0.00019164431432727724
4363,0.000766577257309109
4364,0.0
4365,0.00019164431432727724
4366,0.6232272982597351
4367,0.0
4368,0.00019164431432727724
4369,0.0003832886286545545
4370,0.05730164796113968
4371,0.04177846014499664
4372,0.001341510214842856
4373,0.00019164431432727724
4374,0.0
4375,0.026446914300322533
4376,0.0
4377,0.006324262358248234
4378,0.000766577257309109
4379,0.0
4380,0.00019164431432727724
4381,0.28669989109039307
4382,0.0003832886286545545
4383,0.0
4384,0.0003832886286545545
4385,0.00019164431432727724
4386,0.0
4387,0.001341510214842856
4388,0.000766577257309109
4389,0.0
4390,0.018589498475193977
4391,0.0
4392,0.0
4393,0.0
4394,0.0
4395,0.0
4396,0.0003832886286545545
4397,0.000958221557084471
4398,0.004216174595057964
4399,0.1285933256149292
4400,0.002108087297528982
4401,0.0
4402,0.003066309029236436
4403,0.0
4404,0.4518972933292389
4405,0.20927558839321136
4406,0.0003832886286545545
4407,0.001341510214842856
4408,0.006324262358248234
4409,0.0
4410,0.0003832886286545545
4411,0.001533154514618218
4412,0.00019164431432727724
4413,0.00019164431432727724
4414,0.01571483351290226
4415,0.0
4416,0.000958221557084471
4417,0.0
4418,0.0
4419,0.000766577257309109
4420,0.0
4421,0.004216174595057964
4422,0.000958221557084471
4423,0.049060944467782974
4424,0.0003832886286545545
4425,0.0
4426,0.0
4427,0.00019164431432727724
4428,0.000574932899326086
4429,0.0
4430,0.0
4431,0.0003832886286545545
4432,0.0003832886286545545
4433,0.0
4434,0.012456879951059818
4435,0.0
4436,0.01743963174521923
4437,0.000574932899326086
4438,0.000958221557084471
4439,0.015139900147914886
4440,0.0003832886286545545
4441,0.0
4442,0.2535454332828522
4443,0.002108087297528982
4444,0.00344959762878716
4445,0.0
4446,0.0003832886286545545
4447,0.002491375897079706
4448,0.009965503588318825
4449,0.0
4450,0.041395168751478195
4451,0.0003832886286545545
4452,0.0
4453,0.0
4454,0.002491375897079706
4455,0.0
4456,0.00019164431432727724
4457,0.0003832886286545545
4458,0.0003832886286545545
4459,0.000766577257309109
4460,0.001533154514618218
4461,0.000766577257309109
4462,0.2924492061138153
4463,0.0
4464,0.000958221557084471
4465,0.001533154514618218
4466,0.00019164431432727724
4467,0.00344959762878716
4468,0.0003832886286545545
4469,0.0003832886286545545
4470,0.0
4471,0.0
4472,0.0003832886286545545
4473,0.00019164431432727724
4474,0.0003832886286545545
4475,0.0
4476,0.0
4477,0.0
4478,0.0
4479,0.000958221557084471
4480,0.0
4481,0.0003832886286545545
4482,0.003641241928562522
4483,0.0
4484,0.00172479881439358
4485,0.01609812118113041
4486,0.000574932899326086
4487,0.00019164431432727724
4488,0.0
4489,0.000574932899326086
4490,0.00019164431432727724
4491,0.030471444129943848
4492,0.001149865798652172
4493,0.003832886228337884
4494,0.000574932899326086
4495,0.00019164431432727724
4496,0.0
4497,0.0003832886286545545
4498,0.0
4499,0.0
4500,0.003066309029236436
4501,0.000766577257309109
4502,0.00019164431432727724
4503,0.0
4504,0.0
4505,0.03142966702580452
4506,0.000574932899326086
4507,0.000958221557084471
4508,0.00172479881439358
4509,0.00172479881439358
4510,0.000574932899326086
4511,0.000574932899326086
4512,0.00019164431432727724
4513,0.001149865798652172
4514,0.07723265886306763
4515,0.0
4516,0.0
4517,0.14545802772045135
4518,0.000574932899326086
4519,0.002491375897079706
4520,0.000958221557084471
4521,0.04043694958090782
4522,0.00019164431432727724
4523,0.004599463194608688
4524,0.00019164431432727724
4525,0.0
4526,0.0003832886286545545
4527,0.0
4528,0.0003832886286545545
4529,0.0
4530,0.0003832886286545545
4531,0.000574932899326086
4532,0.005749329458922148
4533,0.00172479881439358
4534,0.0
4535,0.0003832886286545545
4536,0.0
4537,0.0003832886286545545
4538,0.0
4539,0.00019164431432727724
4540,0.002299731597304344
4541,0.0
4542,0.0003832886286545545
4543,0.005174396093934774
4544,0.0
4545,0.005557685159146786
4546,0.0
4547,0.002683020429685712
4548,0.0
4549,0.02165580727159977
4550,0.0
4551,0.002874664729461074
4552,0.002299731597304344
4553,0.000574932899326086
4554,0.011115370318293571
4555,0.00019164431432727724
4556,0.002683020429685712
4557,0.00019164431432727724
4558,0.00019164431432727724
4559,0.000766577257309109
4560,0.0
4561,0.0003832886286545545
4562,0.00019164431432727724
4563,0.005557685159146786
4564,0.0
4565,0.000766577257309109
4566,0.0
4567,0.000766577257309109
4568,0.0
4569,0.2953238785266876
4570,0.0
4571,0.006515906658023596
4572,0.0
4573,0.002108087297528982
4574,0.0
4575,0.000574932899326086
4576,0.000766577257309109
4577,0.0
4578,0.0
4579,0.000574932899326086
4580,0.02088923007249832
4581,0.000574932899326086
4582,0.0
4583,0.000766577257309109
4584,0.0
4585,0.0
4586,0.0
4587,0.002108087297528982
4588,0.011498658917844296
4589,0.000766577257309109
4590,0.0
4591,0.0003832886286545545
4592,0.0003832886286545545
4593,0.002108087297528982
4594,0.0
4595,0.007474128156900406
4596,0.0
4597,0.00019164431432727724
4598,0.000574932899326086
4599,0.0003832886286545545
4600,0.00019164431432727724
4601,0.0003832886286545545
4602,0.0003832886286545545
4603,0.038903795182704926
4604,0.000574932899326086
4605,0.0
4606,0.0
4607,0.0
4608,0.00019164431432727724
4609,0.0
4610,0.000766577257309109
4611,0.0
4612,0.0003832886286545545
4613,0.2941740155220032
4614,0.8915293216705322
4615,0.000574932899326086
4616,0.0
4617,0.0
4618,0.0
4619,0.00019164431432727724
4620,0.0003832886286545545
4621,0.0003832886286545545
4622,0.6021463871002197
4623,0.00172479881439358
4624,0.00172479881439358
4625,0.000766577257309109
4626,0.0
4627,0.011498658917844296
4628,0.001533154514618218
4629,0.9028363227844238
4630,0.007090839557349682
4631,0.0
4632,0.0
4633,0.021464163437485695
4634,0.008432349190115929
4635,0.000958221557084471
4636,0.000574932899326086
4637,0.0003832886286545545
4638,0.000958221557084471
4639,0.00019164431432727724
4640,0.001916443114168942
4641,0.14948256313800812
4642,0.00479110749438405
4643,0.0003832886286545545
4644,0.000766577257309109
4645,0.0
4646,0.0003832886286545545
4647,0.3564584255218506
4648,0.005174396093934774
4649,0.00019164431432727724
4650,0.000958221557084471
4651,0.0
4652,0.0
4653,0.001533154514618218
4654,0.12686853110790253
4655,0.0
4656,0.0
4657,0.000766577257309109
4658,0.000766577257309109
4659,0.001341510214842856
4660,0.0
4661,0.00019164431432727724
4662,0.0
4663,0.000766577257309109
4664,0.000574932899326086
4665,0.0
4666,0.00172479881439358
4667,0.00019164431432727724
4668,0.002874664729461074
4669,0.07723265886306763
4670,0.001341510214842856
4671,0.004216174595057964
4672,0.0
4673,0.014564967714250088
4674,0.0003832886286545545
4675,0.0
4676,0.0003832886286545545
4677,0.001916443114168942
4678,0.0
4679,0.0003832886286545545
4680,0.0
4681,0.002108087297528982
4682,0.000766577257309109
4683,0.000958221557084471
4684,0.000958221557084471
4685,0.0003832886286545545
4686,0.0
4687,0.000766577257309109
4688,0.0
4689,0.0
4690,0.005557685159146786
4691,0.0
4692,0.001149865798652172
4693,0.009965503588318825
4694,0.0
4695,0.000958221557084471
4696,0.000574932899326086
4697,0.015139900147914886
4698,0.0003832886286545545
4699,0.0003832886286545545
4700,0.0003832886286545545
4701,0.0
4702,0.0
4703,0.039095439016819
4704,0.0003832886286545545
4705,0.0
4706,0.0003832886286545545
4707,0.000766577257309109
4708,0.0003832886286545545
4709,0.00019164431432727724
4710,0.0
4711,0.0
4712,0.0
4713,0.0
4714,0.0
4715,0.0
4716,0.00019164431432727724
4717,0.002874664729461074
4718,0.00019164431432727724
4719,0.0
4720,0.0
4721,0.0003832886286545545
4722,0.000958221557084471
4723,0.002874664729461074
4724,0.17842085659503937
4725,0.0003832886286545545
4726,0.0
4727,0.000766577257309109
4728,0.0
4729,0.001533154514618218
4730,0.0
4731,0.0
4732,0.00019164431432727724
4733,0.0910310447216034
4734,0.00019164431432727724
4735,0.00019164431432727724
4736,0.0003832886286545545
4737,0.000574932899326086
4738,0.0
4739,0.058834802359342575
4740,0.00019164431432727724
4741,0.000766577257309109
4742,0.0
4743,0.0
4744,0.00019164431432727724
4745,0.0
4746,0.0
4747,0.0
4748,0.0
4749,0.0003832886286545545
4750,0.0
4751,0.0003832886286545545
4752,0.00019164431432727724
4753,0.012840168550610542
4754,0.000766577257309109
4755,0.008432349190115929
4756,0.0
4757,0.002108087297528982
4758,0.002299731597304344
4759,0.0
4760,0.00019164431432727724
4761,0.0003832886286545545
4762,0.0003832886286545545
4763,0.0003832886286545545
4764,0.000574932899326086
4765,0.0
4766,0.0
4767,0.0
4768,0.023188961669802666
4769,0.0003832886286545545
4770,0.00172479881439358
4771,0.0
4772,0.00019164431432727724
4773,0.0003832886286545545
4774,0.000766577257309109
4775,0.0
4776,0.0
4777,0.005557685159146786
4778,0.001341510214842856
4779,0.00172479881439358
4780,0.0
4781,0.0
4782,0.000574932899326086
4783,0.0
4784,0.0
4785,0.0
4786,0.000574932899326086
4787,0.0
4788,0.000574932899326086
4789,0.00019164431432727724
4790,0.000574932899326086
4791,0.00019164431432727724
4792,0.0003832886286545545
4793,0.0
4794,0.000766577257309109
4795,0.0003832886286545545
4796,0.0
4797,0.0
4798,0.004024530295282602
4799,0.0003832886286545545
4800,0.0
4801,0.000766577257309109
4802,0.001149865798652172
4803,0.0003832886286545545
4804,0.0
4805,0.04407818987965584
4806,0.11422000825405121
4807,0.0003832886286545545
4808,0.0003832886286545545
4809,0.002874664729461074
4810,0.000958221557084471
4811,0.000766577257309109
4812,0.0
4813,0.002299731597304344
4814,0.0
4815,0.037178996950387955
4816,0.0003832886286545545
4817,0.0
4818,0.00019164431432727724
4819,0.000574932899326086
4820,0.00019164431432727724
4821,0.0
4822,0.00019164431432727724
4823,0.0
4824,0.0
4825,0.0
4826,0.0
4827,0.0
4828,0.000766577257309109
4829,0.001341510214842856
4830,0.003257953329011798
4831,0.00019164431432727724
4832,0.0
4833,0.0
4834,0.0003832886286545545
4835,0.0
4836,0.0
4837,0.001149865798652172
4838,0.0
4839,0.000766577257309109
4840,0.05730164796113968
4841,0.8229206800460815
4842,0.06975852698087692
4843,0.0
4844,0.05346876382827759
4845,0.000574932899326086
4846,0.002108087297528982
4847,0.0
4848,0.0
4849,0.00019164431432727724
4850,0.0
4851,0.0
4852,0.0003832886286545545
4853,0.0
4854,0.00019164431432727724
4855,0.00172479881439358
4856,0.0
4857,0.0
4858,0.8763894438743591
4859,0.0
4860,0.000958221557084471
4861,0.00019164431432727724
4862,0.0
4863,0.0
4864,0.00019164431432727724
4865,0.0
4866,0.00019164431432727724
4867,0.000574932899326086
4868,0.0
4869,0.00019164431432727724
4870,0.001341510214842856
4871,0.0003832886286545545
4872,0.000958221557084471
4873,0.00019164431432727724
4874,0.027405135333538055
4875,0.0
4876,0.024338826537132263
4877,0.0
4878,0.0
4879,0.001149865798652172
4880,0.0
4881,0.003257953329011798
4882,0.001341510214842856
4883,0.0003832886286545545
4884,0.001341510214842856
4885,0.0
4886,0.00172479881439358
4887,0.03564584255218506
4888,0.001916443114168942
4889,0.007665772456675768
4890,0.0
4891,0.0003832886286545545
4892,0.000766577257309109
4893,0.0
4894,0.0
4895,0.0
4896,0.0003832886286545545
4897,0.0
4898,0.0
4899,0.002491375897079706
4900,0.0
4901,0.0
4902,0.01571483351290226
4903,0.0
4904,0.0003832886286545545
4905,0.0003832886286545545
4906,0.0003832886286545545
4907,0.008623993955552578
4908,0.001149865798652172
4909,0.00019164431432727724
4910,0.000574932899326086
4911,0.0
4912,0.00172479881439358
4913,0.0
4914,0.000958221557084471
4915,0.0003832886286545545
4916,0.000766577257309109
4917,0.000574932899326086
4918,0.100804902613163
4919,0.0003832886286545545
4920,0.0
4921,0.000574932899326086
4922,0.0
4923,0.0
4924,0.1556151807308197
4925,0.002491375897079706
4926,0.0
4927,0.000766577257309109
4928,0.005749329458922148
4929,0.007665772456675768
4930,0.0
4931,0.000766577257309109
4932,0.0
4933,0.00172479881439358
4934,0.00594097375869751
4935,0.06937523931264877
4936,0.000766577257309109
4937,0.0
4938,0.0
4939,0.000958221557084471
4940,0.001341510214842856
4941,0.000958221557084471
4942,0.000766577257309109
4943,0.0003832886286545545
4944,0.0003832886286545545
4945,0.001533154514618218
4946,0.011498658917844296
4947,0.002683020429685712
4948,0.004407818894833326
4949,0.0
4950,0.0
4951,0.07033345848321915
4952,0.00019164431432727724
4953,0.0
4954,0.0003832886286545545
4955,0.0095822149887681
4956,0.0
4957,0.030088156461715698
4958,0.000958221557084471
4959,0.0
4960,0.000958221557084471
4961,0.17133000493049622
4962,0.0
4963,0.0
4964,0.000766577257309109
4965,0.0
4966,0.0003832886286545545
4967,0.0003832886286545545
4968,0.0
4969,0.0
4970,0.002683020429685712
4971,0.0
4972,0.000958221557084471
4973,0.0
4974,0.0
4975,0.00019164431432727724
4976,0.37178996205329895
4977,0.001341510214842856
4978,0.0
4979,0.001341510214842856
4980,0.00019164431432727724
4981,0.00689919525757432
4982,0.00019164431432727724
4983,0.0
4984,0.0
4985,0.00019164431432727724
4986,0.0
4987,0.001533154514618218
4988,0.0
4989,0.0
4990,0.0
4991,0.00019164431432727724
4992,0.06247604265809059
4993,0.0003832886286545545
4994,0.0003832886286545545
4995,0.00019164431432727724
4996,0.001916443114168942
4997,0.006324262358248234
4998,0.00019164431432727724
4999,0.20180144906044006
5000,0.000766577257309109
5001,0.05538520589470863
5002,0.000958221557084471
5003,0.025297049432992935
5004,0.0003832886286545545
5005,0.03641241788864136
5006,0.0
5007,0.0003832886286545545
5008,0.00019164431432727724
5009,0.00019164431432727724
5010,0.000958221557084471
5011,0.0003832886286545545
5012,0.39823687076568604
5013,0.0
5014,0.0
5015,0.001341510214842856
5016,0.0
5017,0.0
5018,0.0
5019,0.0
5020,0.001533154514618218
5021,0.006707550957798958
5022,0.08738980442285538
5023,0.001149865798652172
5024,0.014948256313800812
5025,0.00019164431432727724
5026,0.001341510214842856
5027,0.0003832886286545545
5028,0.0
5029,0.0
5030,0.000958221557084471
5031,0.02893828973174095
5032,0.0
5033,0.050785742700099945
5034,0.000574932899326086
5035,0.0
5036,0.0
5037,0.000574932899326086
5038,0.0
5039,0.005749329458922148
5040,0.0
5041,0.0
5042,0.000958221557084471
5043,0.0
5044,0.0
5045,0.011307014152407646
5046,0.001533154514618218
5047,0.030279800295829773
5048,0.004024530295282602
5049,0.0003832886286545545
5050,0.0
5051,0.0003832886286545545
5052,0.00019164431432727724
5053,0.000574932899326086
5054,0.0
5055,0.00019164431432727724
5056,0.039287082850933075
5057,0.0
5058,0.0
5059,0.0
5060,0.00019164431432727724
5061,0.0
5062,0.0
5063,0.0
5064,0.000958221557084471
5065,0.000766577257309109
5066,0.0
5067,0.000958221557084471
5068,0.0
5069,0.2270985096693039
5070,0.0
5071,0.00019164431432727724
5072,0.0003832886286545545
5073,0.0
5074,0.0003832886286545545
5075,0.0
5076,0.0
5077,0.0
5078,0.0
5079,0.05596013739705086
5080,0.005749329458922148
5081,0.0
5082,0.00172479881439358
5083,0.003257953329011798
5084,0.0
5085,0.0
5086,0.00172479881439358
5087,0.001149865798652172
5088,0.002491375897079706
5089,0.0
5090,0.0003832886286545545
5091,0.000766577257309109
5092,0.001341510214842856
5093,0.0
5094,0.0
5095,0.000958221557084471
5096,0.04197010397911072
5097,0.0
5098,0.00019164431432727724
5099,0.001149865798652172
5100,0.00019164431432727724
5101,0.0
5102,0.0
5103,0.003257953329011798
5104,0.005557685159146786
5105,0.024913759902119637
5106,0.000766577257309109
5107,0.05366040766239166
5108,0.0
5109,0.00019164431432727724
5110,0.00019164431432727724
5111,0.000958221557084471
5112,0.010348792187869549
5113,0.049444232136011124
5114,0.0
5115,0.00019164431432727724
5116,0.0
5117,0.045611344277858734
5118,0.0
5119,0.000766577257309109
5120,0.0
5121,0.0
5122,0.0
5123,0.000574932899326086
5124,0.0
5125,0.0003832886286545545
5126,0.0
5127,0.00019164431432727724
5128,0.001916443114168942
5129,0.000574932899326086
5130,0.0
5131,0.0003832886286545545
5132,0.0
5133,0.0003832886286545545
5134,0.0003832886286545545
5135,0.00019164431432727724
5136,0.0
5137,0.0
5138,0.5534687638282776
5139,0.0003832886286545545
5140,0.000766577257309109
5141,0.001149865798652172
5142,0.0
5143,0.000574932899326086
5144,0.5262552499771118
5145,0.6582981944084167
5146,0.0
5147,0.0003832886286545545
5148,0.0
5149,0.07378305494785309
5150,0.0
5151,0.000958221557084471
5152,0.0
5153,0.004599463194608688
5154,0.0
5155,0.00019164431432727724
5156,0.001149865798652172
5157,0.00019164431432727724
5158,0.0
5159,0.010157148353755474
5160,0.0003832886286545545
5161,0.000958221557084471
5162,0.09333077818155289
5163,0.0
5164,0.010923725552856922
5165,0.000574932899326086
5166,0.0
5167,0.000766577257309109
5168,0.0
5169,0.00019164431432727724
5170,0.0
5171,0.0
5172,0.00019164431432727724
5173,0.0
5174,0.003641241928562522
5175,0.00019164431432727724
5176,0.0
5177,0.000766577257309109
5178,0.0
5179,0.025297049432992935
5180,0.00172479881439358
5181,0.0
5182,0.011115370318293571
5183,0.0
5184,0.000574932899326086
5185,0.0
5186,0.0
5187,0.000766577257309109
5188,0.000766577257309109
5189,0.0
5190,0.0003832886286545545
5191,0.0
5192,0.0
5193,0.0
5194,0.0
5195,0.000766577257309109
5196,0.0003832886286545545
5197,0.000958221557084471
5198,0.0003832886286545545
5199,0.0
5200,0.3263702690601349
5201,0.0003832886286545545
5202,0.0003832886286545545
5203,0.000574932899326086
5204,0.0003832886286545545
5205,0.001341510214842856
5206,0.0
5207,0.000574932899326086
5208,0.000766577257309109
5209,0.000574932899326086
5210,0.00172479881439358
5211,0.0
5212,0.014373322948813438
5213,0.0
5214,0.0
5215,0.0003832886286545545
5216,0.011498658917844296
5217,0.0003832886286545545
5218,0.0
5219,0.00019164431432727724
5220,0.001916443114168942
5221,0.0
5222,0.010923725552856922
5223,0.0
5224,0.0003832886286545545
5225,0.006515906658023596
5226,0.000574932899326086
5227,0.006707550957798958
5228,0.015906477347016335
5229,0.0
5230,0.006324262358248234
5231,0.0
5232,0.001341510214842856
5233,0.0
5234,0.001533154514618218
5235,0.18512840569019318
5236,0.0003832886286545545
5237,0.00689919525757432
5238,0.0003832886286545545
5239,0.0
5240,0.0
5241,0.000574932899326086
5242,0.00019164431432727724
5243,0.0
5244,0.001916443114168942
5245,0.000766577257309109
5246,0.0
5247,0.0003832886286545545
5248,0.0
5249,0.000766577257309109
5250,0.0
5251,0.001916443114168942
5252,0.020314296707510948
5253,0.000958221557084471
5254,0.00019164431432727724
5255,0.000574932899326086
5256,0.0003832886286545545
5257,0.0
5258,0.000958221557084471
5259,0.000766577257309109
5260,0.001916443114168942
5261,0.00019164431432727724
5262,0.0
5263,0.069950170814991
5264,0.00019164431432727724
5265,0.0003832886286545545
5266,0.0
5267,0.0003832886286545545
5268,0.0003832886286545545
5269,0.0
5270,0.0
5271,0.0003832886286545545
5272,0.000958221557084471
5273,0.0
5274,0.000574932899326086
5275,0.0
5276,0.0
5277,0.000958221557084471
5278,0.000766577257309109
5279,0.01609812118113041
5280,0.0
5281,0.003641241928562522
5282,0.0
5283,0.0
5284,0.002299731597304344
5285,0.052127253264188766
5286,0.0
5287,0.00019164431432727724
5288,0.0
5289,0.0
5290,0.0
5291,0.000766577257309109
5292,0.0
5293,0.0
5294,0.0003832886286545545
5295,0.0
5296,0.004407818894833326
5297,0.001533154514618218
5298,0.0003832886286545545
5299,0.000766577257309109
5300,0.0
5301,0.03622077405452728
5302,0.001149865798652172
5303,0.0
5304,0.0003832886286545545
5305,0.0003832886286545545
5306,0.0003832886286545545
5307,0.00019164431432727724
5308,0.12514373660087585
5309,0.00019164431432727724
5310,0.0
5311,0.000958221557084471
5312,0.0003832886286545545
5313,0.0003832886286545545
5314,0.0
5315,0.001149865798652172
5316,0.0
5317,0.003641241928562522
5318,0.0586431585252285
5319,0.00172479881439358
5320,0.00019164431432727724
5321,0.1715216487646103
5322,0.0003832886286545545
5323,0.09428899735212326
5324,0.04197010397911072
5325,0.004024530295282602
5326,0.0
5327,0.006132618058472872
5328,0.000958221557084471
5329,0.0
5330,0.0003832886286545545
5331,0.00019164431432727724
5332,0.004599463194608688
5333,0.004024530295282602
5334,0.00172479881439358
5335,0.01820620894432068
5336,0.00019164431432727724
5337,0.000766577257309109
5338,0.00019164431432727724
5339,0.005557685159146786
5340,0.0
5341,0.0
5342,0.0
5343,0.0
5344,0.0
5345,0.0003832886286545545
5346,0.00019164431432727724
5347,0.002491375897079706
5348,0.0
5349,0.00019164431432727724
5350,0.0
5351,0.0003832886286545545
5352,0.0
5353,0.000766577257309109
5354,0.001916443114168942
5355,0.000574932899326086
5356,0.000958221557084471
5357,0.0
5358,0.000766577257309109
5359,0.0
5360,0.000574932899326086
5361,0.0
5362,0.0
5363,0.0
5364,0.001533154514618218
5365,0.003066309029236436
5366,0.0
5367,0.000574932899326086
5368,0.000574932899326086
5369,0.0
5370,0.00019164431432727724
5371,0.000766577257309109
5372,0.0
5373,0.000766577257309109
5374,0.0
5375,0.0
5376,0.0
5377,0.004216174595057964
5378,0.0
5379,0.000766577257309109
5380,0.04580298811197281
5381,0.00019164431432727724
5382,0.0
5383,0.0003832886286545545
5384,0.0
5385,0.0496358759701252
5386,0.000766577257309109
5387,0.0
5388,0.00019164431432727724
5389,0.0
5390,0.0
5391,0.10367956757545471
5392,0.0
5393,0.0
5394,0.003257953329011798
5395,0.00019164431432727724
5396,0.000766577257309109
5397,0.03449597582221031
5398,0.0003832886286545545
5399,0.0
5400,0.000574932899326086
5401,0.033346109092235565
5402,0.0003832886286545545
5403,0.001916443114168942
5404,0.0
5405,0.0
5406,0.0
5407,0.00019164431432727724
5408,0.0
5409,0.0
5410,0.0
5411,0.0003832886286545545
5412,0.00019164431432727724
5413,0.0
5414,0.0
5415,0.0
5416,0.0
5417,0.0
5418,0.00172479881439358
5419,0.010540436953306198
5420,0.0
5421,0.006707550957798958
5422,0.9296665191650391
5423,0.001916443114168942
5424,0.010923725552856922
5425,0.0
5426,0.0
5427,0.0
5428,0.0003832886286545545
5429,0.0
5430,0.0003832886286545545
5431,0.0
5432,0.0003832886286545545
5433,0.0
5434,0.0003832886286545545
5435,0.00479110749438405
5436,0.0003832886286545545
5437,0.0
5438,0.000574932899326086
5439,0.11786124855279922
5440,0.0
5441,0.000574932899326086
5442,0.00019164431432727724
5443,0.0
5444,0.001341510214842856
5445,0.22690686583518982
5446,0.0
5447,0.0
5448,0.0003832886286545545
5449,0.0
5450,0.000574932899326086
5451,0.000766577257309109
5452,0.00019164431432727724
5453,0.0003832886286545545
5454,0.0003832886286545545
5455,0.0
5456,0.0
5457,0.00019164431432727724
5458,0.0
5459,0.00019164431432727724
5460,0.000958221557084471
5461,0.001341510214842856
5462,0.000766577257309109
5463,0.00172479881439358
5464,0.03947872668504715
5465,0.0
5466,0.0
5467,0.060559600591659546
5468,0.03526255115866661
5469,0.001341510214842856
5470,0.00019164431432727724
5471,0.000958221557084471
5472,0.009965503588318825
5473,0.0
5474,0.0
5475,0.001916443114168942
5476,0.0
5477,0.030471444129943848
5478,0.00019164431432727724
5479,0.0
5480,0.003832886228337884
5481,0.0003832886286545545
5482,0.002108087297528982
5483,0.000766577257309109
5484,0.0
5485,0.001533154514618218
5486,0.03660406172275543
5487,0.0
5488,0.0
5489,0.007665772456675768
5490,0.002108087297528982
5491,0.00019164431432727724
5492,0.0
5493,0.001533154514618218
5494,0.00019164431432727724
5495,0.0003832886286545545
5496,0.001149865798652172
5497,0.00019164431432727724
5498,0.0
5499,0.00019164431432727724
5500,0.000574932899326086
5501,0.0
5502,0.00019164431432727724
5503,0.0003832886286545545
5504,0.0
5505,0.0
5506,0.00172479881439358
5507,0.011115370318293571
5508,0.005174396093934774
5509,0.0
5510,0.0
5511,0.06477577984333038
5512,0.004982751794159412
5513,0.001149865798652172
5514,0.0
5515,0.000574932899326086
5516,0.0
5517,0.20045994222164154
5518,0.001149865798652172
5519,0.0
5520,0.0
5521,0.007665772456675768
5522,0.000574932899326086
5523,0.000574932899326086
5524,0.0
5525,0.0
5526,0.0
5527,0.0
5528,0.0
5529,0.0
5530,0.014564967714250088
5531,0.00019164431432727724
5532,0.0
5533,0.010348792187869549
5534,0.000766577257309109
5535,0.000766577257309109
5536,0.0
5537,0.00019164431432727724
5538,0.0
5539,0.0003832886286545545
5540,0.001149865798652172
5541,0.002683020429685712
5542,0.00019164431432727724
5543,0.0003832886286545545
5544,0.04024530574679375
5545,0.00594097375869751
5546,0.0
5547,0.12763510644435883
5548,0.003066309029236436
5549,0.00019164431432727724
5550,0.002874664729461074
5551,0.17937907576560974
5552,0.0
5553,0.0
5554,0.001341510214842856
5555,0.00019164431432727724
5556,0.006132618058472872
5557,0.0
5558,0.0
5559,0.0
5560,0.0003832886286545545
5561,0.0003832886286545545
5562,0.0003832886286545545
5563,0.003832886228337884
5564,0.00172479881439358
5565,0.0
5566,0.0003832886286545545
5567,0.0
5568,0.000766577257309109
5569,0.001149865798652172
5570,0.0481027215719223
5571,0.0
5572,0.0
5573,0.0
5574,0.001149865798652172
5575,0.00019164431432727724
5576,0.000574932899326086
5577,0.0
5578,0.000766577257309109
5579,0.0
5580,0.001149865798652172
5581,0.0
5582,0.003066309029236436
5583,0.000958221557084471
5584,0.000766577257309109
5585,0.000574932899326086
5586,0.001149865798652172
5587,0.0
5588,0.008815637789666653
5589,0.0
5590,0.0
5591,0.0
5592,0.0
5593,0.00019164431432727724
5594,0.0003832886286545545
5595,0.0
5596,0.0003832886286545545
5597,0.0003832886286545545
5598,0.0003832886286545545
5599,0.0
5600,0.0
5601,0.0
5602,0.000766577257309109
5603,0.0
5604,0.000958221557084471
5605,0.001533154514618218
5606,0.3692985773086548
5607,0.00019164431432727724
5608,0.000766577257309109
5609,0.0
5610,0.0003832886286545545
5611,0.0
5612,0.009198926389217377
5613,0.001916443114168942
5614,0.02127251774072647
5615,0.0
5616,0.0
5617,0.00019164431432727724
5618,0.0
5619,0.0
5620,0.0003832886286545545
5621,0.00172479881439358
5622,0.0003832886286545545
5623,0.000958221557084471
5624,0.0
5625,0.00019164431432727724
5626,0.0
5627,0.001533154514618218
5628,0.0
5629,0.0
5630,0.0003832886286545545
5631,0.0
5632,0.0
5633,0.00785741675645113
5634,0.0
5635,0.0
5636,0.000574932899326086
5637,0.000574932899326086
5638,0.0
5639,0.023572249338030815
5640,0.0
5641,0.0
5642,0.0
5643,0.0003832886286545545
5644,0.0
5645,0.0003832886286545545
5646,0.2780759036540985
5647,0.002108087297528982
5648,0.0
5649,0.0003832886286545545
5650,0.0
5651,0.003066309029236436
5652,0.0
5653,0.001533154514618218
5654,0.028363358229398727
5655,0.00019164431432727724
5656,0.0
5657,0.000766577257309109
5658,0.001533154514618218
5659,0.0003832886286545545
5660,0.000766577257309109
5661,0.000958221557084471
5662,0.0
5663,0.37332311272621155
5664,0.09467228502035141
5665,0.013223457150161266
5666,0.0003832886286545545
5667,0.0
5668,0.00019164431432727724
5669,0.4856266677379608
5670,0.00479110749438405
5671,0.0003832886286545545
5672,0.0
5673,0.001149865798652172
5674,0.0003832886286545545
5675,0.01743963174521923
5676,0.00019164431432727724
5677,0.006707550957798958
5678,0.000574932899326086
5679,0.003066309029236436
5680,0.0
5681,0.001149865798652172
5682,0.0
5683,0.002491375897079706
5684,0.0
5685,0.0003832886286545545
5686,0.00019164431432727724
5687,0.00019164431432727724
5688,0.00019164431432727724
5689,0.07148332893848419
5690,0.0
5691,0.0
5692,0.000766577257309109
5693,0.0003832886286545545
5694,0.001149865798652172
5695,0.0
5696,0.001341510214842856
5697,0.0
5698,0.0
5699,0.000766577257309109
5700,0.015906477347016335
5701,0.030279800295829773
5702,0.001916443114168942
5703,0.000574932899326086
5704,0.0003832886286545545
5705,0.005366040859371424
5706,0.05442698299884796
5707,0.0
5708,0.0003832886286545545
5709,0.001341510214842856
5710,0.0
5711,0.0
5712,0.0
5713,0.00019164431432727724
5714,0.0
5715,0.0
5716,0.00019164431432727724
5717,0.0
5718,0.0
5719,0.0
5720,0.000958221557084471
5721,0.00019164431432727724
5722,0.000766577257309109
5723,0.0
5724,0.00019164431432727724
5725,0.001149865798652172
5726,0.0
5727,0.0
5728,0.000574932899326086
5729,0.005749329458922148
5730,0.000574932899326086
5731,0.0003832886286545545
5732,0.0
5733,0.014181679114699364
5734,0.00019164431432727724
5735,0.0003832886286545545
5736,0.000766577257309109
5737,0.00594097375869751
5738,0.7851667404174805
5739,0.001341510214842856
5740,0.0
5741,0.0
5742,0.00019164431432727724
5743,0.002874664729461074
5744,0.18167880177497864
5745,0.0
5746,0.00019164431432727724
5747,0.234572634100914
5748,0.000574932899326086
5749,0.0
5750,0.0
5751,0.0003832886286545545
5752,0.001341510214842856
5753,0.000958221557084471
5754,0.03660406172275543
5755,0.0
5756,0.000766577257309109
5757,0.0
5758,0.011115370318293571
5759,0.0
5760,0.0
5761,0.00019164431432727724
5762,0.0003832886286545545
5763,0.000766577257309109
5764,0.003257953329011798
5765,0.000958221557084471
5766,0.0
5767,0.000574932899326086
5768,0.000574932899326086
5769,0.000766577257309109
5770,0.0
5771,0.0003832886286545545
5772,0.08221540600061417
5773,0.0003832886286545545
5774,0.004216174595057964
5775,0.01705634407699108
5776,0.0
5777,0.000766577257309109
5778,0.000958221557084471
5779,0.013990034349262714
5780,0.001149865798652172
5781,0.0
5782,0.000958221557084471
5783,0.0003832886286545545
5784,0.0
5785,0.000958221557084471
5786,0.00019164431432727724
5787,0.00019164431432727724
5788,0.000766577257309109
5789,0.31927943229675293
5790,0.0003832886286545545
5791,0.0
5792,0.0003832886286545545
5793,0.0
5794,0.00344959762878716
5795,0.001341510214842856
5796,0.0
5797,0.001341510214842856
5798,0.002299731597304344
5799,0.001341510214842856
5800,0.0003832886286545545
5801,0.0003832886286545545
5802,0.8257953524589539
5803,0.0
5804,0.0003832886286545545
5805,0.000574932899326086
5806,0.8259869813919067
5807,0.0003832886286545545
5808,0.03142966702580452
5809,0.000958221557084471
5810,0.000766577257309109
5811,0.0
5812,0.0191644299775362
5813,0.0
5814,0.008815637789666653
5815,0.0003832886286545545
5816,0.0003832886286545545
5817,0.00019164431432727724
5818,0.000574932899326086
5819,0.0
5820,0.3254120349884033
5821,0.000574932899326086
5822,0.0
5823,0.013415101915597916
5824,0.09083940088748932
5825,0.0003832886286545545
5826,0.00019164431432727724
5827,0.000574932899326086
5828,0.039287082850933075
5829,0.000766577257309109
5830,0.02127251774072647
5831,0.0
5832,0.0003832886286545545
5833,0.00785741675645113
5834,0.007474128156900406
5835,0.0
5836,0.0003832886286545545
5837,0.001533154514618218
5838,0.0
5839,0.0
5840,0.000574932899326086
5841,0.028555002063512802
5842,0.0
5843,0.00019164431432727724
5844,0.001341510214842856
5845,0.0
5846,0.003257953329011798
5847,0.0
5848,0.00785741675645113
5849,0.0
5850,0.01571483351290226
5851,0.000766577257309109
5852,0.000574932899326086
5853,0.001341510214842856
5854,0.0
5855,0.0
5856,0.0
5857,0.000766577257309109
5858,0.0
5859,0.0
5860,0.002491375897079706
5861,0.00172479881439358
5862,0.00019164431432727724
5863,0.00019164431432727724
5864,0.0
5865,0.0003832886286545545
5866,0.001341510214842856
5867,0.0
5868,0.000766577257309109
5869,0.00019164431432727724
5870,0.0
5871,0.000766577257309109
5872,0.08853966742753983
5873,0.0
5874,0.0
5875,0.0003832886286545545
5876,0.13817554712295532
5877,0.0
5878,0.0
5879,0.0
5880,0.003257953329011798
5881,0.000766577257309109
5882,0.0
5883,0.0003832886286545545
5884,0.000958221557084471
5885,0.002683020429685712
5886,0.0
5887,0.000574932899326086
5888,0.0003832886286545545
5889,0.0003832886286545545
5890,0.004599463194608688
5891,0.000574932899326086
5892,0.003066309029236436
5893,0.003641241928562522
5894,0.010348792187869549
5895,0.000574932899326086
5896,0.0
5897,0.00019164431432727724
5898,0.0
5899,0.002491375897079706
5900,0.000574932899326086
5901,0.003641241928562522
5902,0.0
5903,0.1653890311717987
5904,0.000574932899326086
5905,0.0
5906,0.00019164431432727724
5907,0.0
5908,0.0003832886286545545
5909,0.0
5910,0.0003832886286545545
5911,0.008623993955552578
5912,0.0
5913,0.0
5914,0.000766577257309109
5915,0.0003832886286545545
5916,0.5983135104179382
5917,0.000958221557084471
5918,0.01169030275195837
5919,0.0
5920,0.0
5921,0.007090839557349682
5922,0.0
5923,0.07090839743614197
5924,0.0003832886286545545
5925,0.00479110749438405
5926,0.002108087297528982
5927,0.0
5928,0.0
5929,0.02683020383119583
5930,0.004216174595057964
5931,0.0
5932,0.00019164431432727724
5933,0.0
5934,0.000958221557084471
5935,0.002299731597304344
5936,0.002108087297528982
5937,0.000574932899326086
5938,0.001341510214842856
5939,0.3075891137123108
5940,0.0003832886286545545
5941,0.009965503588318825
5942,0.0
5943,0.0
5944,0.0
5945,0.3211958706378937
5946,0.12150248885154724
5947,0.0
5948,0.000958221557084471
5949,0.001149865798652172
5950,0.000958221557084471
5951,0.0
5952,0.0003832886286545545
5953,0.001916443114168942
5954,0.000574932899326086
5955,0.0
5956,0.0
5957,0.0
5958,0.00019164431432727724
5959,0.0003832886286545545
5960,0.0
5961,0.07416635006666183
5962,0.00019164431432727724
5963,0.002683020429685712
5964,0.0
5965,0.00019164431432727724
5966,0.000766577257309109
5967,0.002299731597304344
5968,0.00019164431432727724
5969,0.00019164431432727724
5970,0.000574932899326086
5971,0.000574932899326086
5972,0.0
5973,0.0
5974,0.04292832687497139
5975,0.000574932899326086
5976,0.0003832886286545545
5977,0.00019164431432727724
5978,0.001533154514618218
5979,0.0
5980,0.0003832886286545545
5981,0.0003832886286545545
5982,0.00019164431432727724
5983,0.00019164431432727724
5984,0.000574932899326086
5985,0.000766577257309109
5986,0.000574932899326086
5987,0.000766577257309109
5988,0.0
5989,0.00785741675645113
5990,0.00019164431432727724
5991,0.0
5992,0.00172479881439358
5993,0.0003832886286545545
5994,0.0
5995,0.000766577257309109
5996,0.000574932899326086
5997,0.0003832886286545545
5998,0.0
5999,0.000958221557084471
6000,0.000766577257309109
6001,0.0
6002,0.0
6003,0.0003832886286545545
6004,0.0
6005,0.0
6006,0.0003832886286545545
6007,0.016673054546117783
6008,0.00019164431432727724
6009,0.0
6010,0.0003832886286545545
6011,0.0
6012,0.0
6013,0.0
6014,0.001533154514618218
6015,0.0
6016,0.00019164431432727724
6017,0.000574932899326086
6018,0.0003832886286545545
6019,0.15446531772613525
6020,0.001533154514618218
6021,0.0
6022,0.0
6023,0.0
6024,0.000574932899326086
6025,0.000574932899326086
6026,0.02299731783568859
6027,0.0003832886286545545
6028,0.000958221557084471
6029,0.00019164431432727724
6030,0.0
6031,0.0
6032,0.0
6033,0.0003832886286545545
6034,0.0
6035,0.01782292127609253
6036,0.000574932899326086
6037,0.001149865798652172
6038,0.011115370318293571
6039,0.00019164431432727724
6040,0.000766577257309109
6041,0.000574932899326086
6042,0.0003832886286545545
6043,0.0
6044,0.0
6045,0.000958221557084471
6046,0.0
6047,0.0003832886286545545
6048,0.000958221557084471
6049,0.0003832886286545545
6050,0.0789574533700943
6051,0.023188961669802666
6052,0.000766577257309109
6053,0.00019164431432727724
6054,0.031238021329045296
6055,0.00019164431432727724
6056,0.0
6057,0.00019164431432727724
6058,0.0
6059,0.0003832886286545545
6060,0.0
6061,0.001341510214842856
6062,0.0
6063,0.00019164431432727724
6064,0.0003832886286545545
6065,0.0003832886286545545
6066,0.0
6067,0.0003832886286545545
6068,0.00019164431432727724
6069,0.00344959762878716
6070,0.0003832886286545545
6071,0.000574932899326086
6072,0.0
6073,0.0
6074,0.000574932899326086
6075,0.000766577257309109
6076,0.0
6077,0.0003832886286545545
6078,0.004216174595057964
6079,0.1820620894432068
6080,0.0
6081,0.012265236116945744
6082,0.0
6083,0.00019164431432727724
6084,0.0
6085,0.005749329458922148
6086,0.0003832886286545545
6087,0.003066309029236436
6088,0.0003832886286545545
6089,0.00019164431432727724
6090,0.0
6091,0.0003832886286545545
6092,0.0003832886286545545
6093,0.000574932899326086
6094,0.0
6095,0.0
6096,0.0
6097,0.0
6098,0.0
6099,0.0707167461514473
6100,0.0003832886286545545
6101,0.001341510214842856
6102,0.0
6103,0.032004598528146744
6104,0.0
6105,0.0003832886286545545
6106,0.001916443114168942
6107,0.0003832886286545545
6108,0.0
6109,0.00019164431432727724
6110,0.0003832886286545545
6111,0.0
6112,0.00479110749438405
6113,0.0
6114,0.0003832886286545545
6115,0.0
6116,0.001149865798652172
6117,0.000574932899326086
6118,0.0
6119,0.0003832886286545545
6120,0.0
6121,0.00019164431432727724
6122,0.0
6123,0.00019164431432727724
6124,0.0
6125,0.024530472233891487
6126,0.0
6127,0.00019164431432727724
6128,0.00019164431432727724
6129,0.001916443114168942
6130,0.002108087297528982
6131,0.0003832886286545545
6132,0.005366040859371424
6133,0.00019164431432727724
6134,0.0
6135,0.0
6136,0.026446914300322533
6137,0.0003832886286545545
6138,0.00019164431432727724
6139,0.000958221557084471
6140,0.0
6141,0.00172479881439358
6142,0.0003832886286545545
6143,0.5492525696754456
6144,0.027405135333538055
6145,0.0003832886286545545
6146,0.0
6147,0.0
6148,0.00019164431432727724
6149,0.0
6150,0.08892296254634857
6151,0.0
6152,0.0003832886286545545
6153,0.0
6154,0.0003832886286545545
6155,0.0
6156,0.0
6157,0.041395168751478195
6158,0.0
6159,0.002299731597304344
6160,0.00019164431432727724
6161,0.0003832886286545545
6162,0.0
6163,0.0
6164,0.0
6165,0.004024530295282602
6166,0.000574932899326086
6167,0.00019164431432727724
6168,0.0
6169,0.00785741675645113
6170,0.0
6171,0.0
6172,0.002299731597304344
6173,0.002683020429685712
6174,0.0003832886286545545
6175,0.008049060590565205
6176,0.0
6177,0.00344959762878716
6178,0.000766577257309109
6179,0.000766577257309109
6180,0.0
6181,0.000574932899326086
6182,0.0
6183,0.0
6184,0.0
6185,0.003257953329011798
6186,0.0
6187,0.00785741675645113
6188,0.003066309029236436
6189,0.001149865798652172
6190,0.00344959762878716
6191,0.0003832886286545545
6192,0.0
6193,0.0
6194,0.001341510214842856
6195,0.0
6196,0.00019164431432727724
6197,0.014373322948813438
6198,0.001533154514618218
6199,0.00344959762878716
6200,0.0003832886286545545
6201,0.0
6202,0.037562284618616104
6203,0.000574932899326086
6204,0.0003832886286545545
6205,0.0
6206,0.000766577257309109
6207,0.00019164431432727724
6208,0.19835186004638672
6209,0.0003832886286545545
6210,0.0003832886286545545
6211,0.0
6212,0.000766577257309109
6213,0.006324262358248234
6214,0.00019164431432727724
6215,0.0
6216,0.000574932899326086
6217,0.001341510214842856
6218,0.0
6219,0.003066309029236436
6220,0.0
6221,0.0003832886286545545
6222,0.001341510214842856
6223,0.0
6224,0.0
6225,0.000574932899326086
6226,0.0
6227,0.00019164431432727724
6228,0.0
6229,0.01571483351290226
6230,0.026255270466208458
6231,0.0
6232,0.000574932899326086
6233,0.0
6234,0.002683020429685712
6235,0.001533154514618218
6236,0.000574932899326086
6237,0.0
6238,0.0
6239,0.00172479881439358
6240,0.00019164431432727724
6241,0.0
6242,0.00019164431432727724
6243,0.000574932899326086
6244,0.0
6245,0.001533154514618218
6246,0.0
6247,0.000958221557084471
6248,0.0003832886286545545
6249,0.00019164431432727724
6250,0.5904561281204224
6251,0.00019164431432727724
6252,0.0
6253,0.00019164431432727724
6254,0.0
6255,0.6521655917167664
6256,0.0
6257,0.0003832886286545545
6258,0.000766577257309109
6259,0.0
6260,0.024338826537132263
6261,0.008815637789666653
6262,0.26638558506965637
6263,0.001149865798652172
6264,0.0
6265,0.000766577257309109
6266,0.001149865798652172
6267,0.0003832886286545545
6268,0.000766577257309109
6269,0.024722116068005562
6270,0.00019164431432727724
6271,0.001341510214842856
6272,0.0003832886286545545
6273,0.001341510214842856
6274,0.01169030275195837
6275,0.00019164431432727724
6276,0.000574932899326086
6277,0.0
6278,0.000574932899326086
6279,0.000958221557084471
6280,0.001149865798652172
6281,0.0003832886286545545
6282,0.035070907324552536
6283,0.010923725552856922
6284,0.00019164431432727724
6285,0.002491375897079706
6286,0.0
6287,0.000574932899326086
6288,0.0
6289,0.04177846014499664
6290,0.647182822227478
6291,0.0
6292,0.0
6293,0.00344959762878716
6294,0.000574932899326086
6295,0.0
6296,0.0
6297,0.01782292127609253
6298,0.00019164431432727724
6299,0.001533154514618218
6300,0.002491375897079706
6301,0.000574932899326086
6302,0.05481027066707611
6303,0.0
6304,0.0
6305,0.0003832886286545545
6306,0.07205826044082642
6307,0.003832886228337884
6308,0.0
6309,0.0
6310,0.012073591351509094
6311,0.0
6312,0.003832886228337884
6313,0.0
6314,0.000958221557084471
6315,0.06362590938806534
6316,0.0
6317,0.001533154514618218
6318,0.0
6319,0.024722116068005562
6320,0.25584515929222107
6321,0.0
6322,0.00019164431432727724
6323,0.001149865798652172
6324,0.001533154514618218
6325,0.0
6326,0.00019164431432727724
6327,0.0
6328,0.00019164431432727724
6329,0.0
6330,0.0003832886286545545
6331,0.0
6332,0.033729396760463715
6333,0.0
6334,0.000574932899326086
6335,0.000958221557084471
6336,0.001149865798652172
6337,0.001149865798652172
6338,0.020505940541625023
6339,0.00019164431432727724
6340,0.000574932899326086
6341,0.0003832886286545545
6342,0.00479110749438405
6343,0.0
6344,0.00019164431432727724
6345,0.001149865798652172
6346,0.000574932899326086
6347,0.002683020429685712
6348,0.000958221557084471
6349,0.000574932899326086
6350,0.0
6351,0.06477577984333038
6352,0.000574932899326086
6353,0.0
6354,0.0
6355,0.0
6356,0.06515906751155853
6357,0.0
6358,0.00019164431432727724
6359,0.000958221557084471
6360,0.0
6361,0.0
6362,0.0
6363,0.001149865798652172
6364,0.0
6365,0.00019164431432727724
6366,0.000766577257309109
6367,0.0003832886286545545
6368,0.009007282555103302
6369,0.000574932899326086
6370,0.000574932899326086
6371,0.0
6372,0.0
6373,0.0
6374,0.000958221557084471
6375,0.0
6376,0.0
6377,0.0
6378,0.001916443114168942
6379,0.08183211833238602
6380,0.19202759861946106
6381,0.0
6382,0.021080873906612396
6383,0.00019164431432727724
6384,0.0
6385,0.0
6386,0.021080873906612396
6387,0.004982751794159412
6388,0.0
6389,0.0
6390,0.00019164431432727724
6391,0.00019164431432727724
6392,0.003257953329011798
6393,0.0
6394,0.0003832886286545545
6395,0.0003832886286545545
6396,0.000766577257309109
6397,0.001341510214842856
6398,0.00019164431432727724
6399,0.002491375897079706
6400,0.009390571154654026
6401,0.00019164431432727724
6402,0.0
6403,0.002108087297528982
6404,0.31180527806282043
6405,0.0003832886286545545
6406,0.0003832886286545545
6407,0.0003832886286545545
6408,0.0
6409,0.0
6410,0.32809504866600037
6411,0.0
6412,0.0
6413,0.0398620143532753
6414,0.0
6415,0.0
6416,0.00594097375869751
6417,0.000766577257309109
6418,0.0003832886286545545
6419,0.0
6420,0.00019164431432727724
6421,0.00019164431432727724
6422,0.0003832886286545545
6423,0.00019164431432727724
6424,0.0
6425,0.0095822149887681
6426,0.0
6427,0.004024530295282602
6428,0.0
6429,0.00019164431432727724
6430,0.5252970457077026
6431,0.0003832886286545545
6432,0.001916443114168942
6433,0.0003832886286545545
6434,0.000574932899326086
6435,0.0
6436,0.1548486053943634
6437,0.001149865798652172
6438,0.0
6439,0.00019164431432727724
6440,0.00019164431432727724
6441,0.00019164431432727724
6442,0.015331544913351536
6443,0.001533154514618218
6444,0.0003832886286545545
6445,0.00344959762878716
6446,0.0003832886286545545
6447,0.0
6448,0.0
6449,0.000766577257309109
6450,0.0003832886286545545
6451,0.00019164431432727724
6452,0.002683020429685712
6453,0.004024530295282602
6454,0.001916443114168942
6455,0.0003832886286545545
6456,0.0
6457,0.0
6458,0.017247987911105156
6459,0.000766577257309109
6460,0.0
6461,0.03468761965632439
6462,0.00019164431432727724
6463,0.000958221557084471
6464,0.000958221557084471
6465,0.0
6466,0.0
6467,0.000766577257309109
6468,0.0
6469,0.0
6470,0.00479110749438405
6471,0.0003832886286545545
6472,0.00019164431432727724
6473,0.0
6474,0.00019164431432727724
6475,0.0003832886286545545
6476,0.22767344117164612
6477,0.00019164431432727724
6478,0.002108087297528982
6479,0.000766577257309109
6480,0.000766577257309109
6481,0.00019164431432727724
6482,0.0
6483,0.06496742367744446
6484,0.34840935468673706
6485,0.0
6486,0.000574932899326086
6487,0.0003832886286545545
6488,0.000574932899326086
6489,0.0
6490,0.001916443114168942
6491,0.0003832886286545545
6492,0.0
6493,0.0
6494,0.0003832886286545545
6495,0.0
6496,0.0
6497,0.000766577257309109
6498,0.001149865798652172
6499,0.0003832886286545545
6500,0.00019164431432727724
6501,0.00019164431432727724
6502,0.00019164431432727724
6503,0.001341510214842856
6504,0.2546952962875366
6505,0.0
6506,0.003641241928562522
6507,0.002108087297528982
6508,0.00019164431432727724
6509,0.001149865798652172
6510,0.002108087297528982
6511,0.0003832886286545545
6512,0.000766577257309109
6513,0.00172479881439358
6514,0.6720966100692749
6515,0.0
6516,0.0003832886286545545
6517,0.0
6518,0.00019164431432727724
6519,0.00019164431432727724
6520,0.000574932899326086
6521,0.000958221557084471
6522,0.05001916363835335
6523,0.0
6524,0.0
6525,0.0
6526,0.0
6527,0.0003832886286545545
6528,0.00019164431432727724
6529,0.0
6530,0.0
6531,0.0
6532,0.08240704983472824
6533,0.000574932899326086
6534,0.0
6535,0.000574932899326086
6536,0.00019164431432727724
6537,0.0
6538,0.00172479881439358
6539,0.002299731597304344
6540,0.001341510214842856
6541,0.01379839051514864
6542,0.08144883066415787
6543,0.00019164431432727724
6544,0.0003832886286545545
6545,0.0
6546,0.19528554379940033
6547,0.0
6548,0.0
6549,0.0
6550,0.00019164431432727724
6551,0.0003832886286545545
6552,0.0003832886286545545
6553,0.0003832886286545545
6554,0.0
6555,0.0003832886286545545
6556,0.0
6557,0.00019164431432727724
6558,0.001916443114168942
6559,0.006324262358248234
6560,0.05404369533061981
6561,0.000958221557084471
6562,0.0
6563,0.0
6564,0.0
6565,0.0
6566,0.0
6567,0.000574932899326086
6568,0.5795323848724365
6569,0.10885396599769592
6570,0.0
6571,0.0003832886286545545
6572,0.001341510214842856
6573,0.0
6574,0.0
6575,0.693560779094696
6576,0.07454963773488998
6577,0.0
6578,0.001149865798652172
6579,0.0
6580,0.000958221557084471
6581,0.005174396093934774
6582,0.6004216074943542
6583,0.00594097375869751
6584,0.00019164431432727724
6585,0.001916443114168942
6586,0.0
6587,0.001341510214842856
6588,0.00019164431432727724
6589,0.0
6590,0.0
6591,0.0003832886286545545
6592,0.0003832886286545545
6593,0.000766577257309109
6594,0.001149865798652172
6595,0.000958221557084471
6596,0.000574932899326086
6597,0.0
6598,0.00344959762878716
6599,0.000958221557084471
6600,0.0
6601,0.01609812118113041
6602,0.0
6603,0.0
6604,0.0
6605,0.026063626632094383
6606,0.0
6607,0.001533154514618218
6608,0.0
6609,0.014948256313800812
6610,0.000766577257309109
6611,0.00019164431432727724
6612,0.0
6613,0.0
6614,0.007090839557349682
6615,0.00019164431432727724
6616,0.001149865798652172
6617,0.04024530574679375
6618,0.00019164431432727724
6619,0.00019164431432727724
6620,0.0
6621,0.0
6622,0.00172479881439358
6623,0.3073974847793579
6624,0.0
6625,0.00594097375869751
6626,0.40705251693725586
6627,0.06669221818447113
6628,0.0
6629,0.00019164431432727724
6630,0.002299731597304344
6631,0.000958221557084471
6632,0.0003832886286545545
6633,0.0
6634,0.0
6635,0.0003832886286545545
6636,0.0
6637,0.04082023724913597
6638,0.0
6639,0.0003832886286545545
6640,0.0003832886286545545
6641,0.0
6642,0.001533154514618218
6643,0.008815637789666653
6644,0.0
6645,0.27635109424591064
6646,0.003641241928562522
6647,0.0
6648,0.0
6649,0.000766577257309109
6650,0.0
6651,0.005557685159146786
6652,0.0
6653,0.0
6654,0.0
6655,0.032579533755779266
6656,0.00977385975420475
6657,0.00019164431432727724
6658,0.0
6659,0.0
6660,0.0
6661,0.001916443114168942
6662,0.0
6663,0.004982751794159412
6664,0.00019164431432727724
6665,0.001149865798652172
6666,0.00019164431432727724
6667,0.0
6668,0.001341510214842856
6669,0.000766577257309109
6670,0.0003832886286545545
6671,0.001341510214842856
6672,0.00019164431432727724
6673,0.003641241928562522
6674,0.001533154514618218
6675,0.47087007761001587
6676,0.00019164431432727724
6677,0.00019164431432727724
6678,0.0
6679,0.000766577257309109
6680,0.00019164431432727724
6681,0.001149865798652172
6682,0.000574932899326086
6683,0.000766577257309109
6684,0.002683020429685712
6685,0.00019164431432727724
6686,0.0
6687,0.00019164431432727724
6688,0.009198926389217377
6689,0.000574932899326086
6690,0.000574932899326086
6691,0.0
6692,0.013223457150161266
6693,0.8574166297912598
6694,0.01360674574971199
6695,0.000574932899326086
6696,0.0003832886286545545
6697,0.022422384470701218
6698,0.0
6699,0.038903795182704926
6700,0.00019164431432727724
6701,0.00019164431432727724
6702,0.0
6703,0.00019164431432727724
6704,0.00019164431432727724
6705,0.00019164431432727724
6706,0.000958221557084471
6707,0.0
6708,0.02548869326710701
6709,0.0003832886286545545
6710,0.0003832886286545545
6711,0.0003832886286545545
6712,0.0
6713,0.0
6714,0.001149865798652172
6715,0.000958221557084471
6716,0.001149865798652172
6717,0.000766577257309109
6718,0.000958221557084471
6719,0.0003832886286545545
6720,0.002874664729461074
6721,0.0
6722,0.0003832886286545545
6723,0.0003832886286545545
6724,0.002108087297528982
6725,0.0
6726,0.010348792187869549
6727,0.0003832886286545545
6728,0.0
6729,0.0003832886286545545
6730,0.0
6731,0.0
6732,0.006132618058472872
6733,0.033346109092235565
6734,0.0003832886286545545
6735,0.014373322948813438
6736,0.0
6737,0.006707550957798958
6738,0.0
6739,0.0
6740,0.00172479881439358
6741,0.0
6742,0.0003832886286545545
6743,0.000574932899326086
6744,0.0
6745,0.0
6746,0.001916443114168942
6747,0.0
6748,0.00019164431432727724
6749,0.00019164431432727724
6750,0.0
6751,0.00019164431432727724
6752,0.0003832886286545545
6753,0.04676121100783348
6754,0.0
6755,0.001533154514618218
6756,0.0
6757,0.001149865798652172
6758,0.0
6759,0.00019164431432727724
6760,0.0
6761,0.0003832886286545545
6762,0.0003832886286545545
6763,0.5689919590950012
6764,0.0
6765,0.0
6766,0.0003832886286545545
6767,0.0
6768,0.001149865798652172
6769,0.0
6770,0.2953238785266876
6771,0.11824453622102737
6772,0.28018397092819214
6773,0.000574932899326086
6774,0.00019164431432727724
6775,0.0003832886286545545
6776,0.00977385975420475
6777,0.006515906658023596
6778,0.01705634407699108
6779,0.0003832886286545545
6780,0.000766577257309109
6781,0.00172479881439358
6782,0.001341510214842856
6783,0.0
6784,0.0
6785,0.0003832886286545545
6786,0.0
6787,0.0
6788,0.0003832886286545545
6789,0.0003832886286545545
6790,0.0
6791,0.0
6792,0.000574932899326086
6793,0.0
6794,0.001341510214842856
6795,0.0
6796,0.00019164431432727724
6797,0.0003832886286545545
6798,0.007090839557349682
6799,0.0
6800,0.00019164431432727724
6801,0.000574932899326086
6802,0.003832886228337884
6803,0.0
6804,0.0003832886286545545
6805,0.00019164431432727724
6806,0.0
6807,0.000574932899326086
6808,0.00172479881439358
6809,0.0
6810,0.005749329458922148
6811,0.0
6812,0.000766577257309109
6813,0.13721732795238495
6814,0.00019164431432727724
6815,0.0003832886286545545
6816,0.00019164431432727724
6817,0.0003832886286545545
6818,0.0003832886286545545
6819,0.0003832886286545545
6820,0.0
6821,0.000958221557084471
6822,0.0003832886286545545
6823,0.043119970709085464
6824,0.0
6825,0.0
6826,0.003066309029236436
6827,0.000958221557084471
6828,0.0
6829,0.0
6830,0.003257953329011798
6831,0.00019164431432727724
6832,0.001149865798652172
6833,0.00019164431432727724
6834,0.00172479881439358
6835,0.000766577257309109
6836,0.0
6837,0.0003832886286545545
6838,0.0
6839,0.00172479881439358
6840,0.00019164431432727724
6841,0.006707550957798958
6842,0.006324262358248234
6843,0.002108087297528982
6844,0.0
6845,0.002299731597304344
6846,0.06707550585269928
6847,0.0
6848,0.0
6849,0.006515906658023596
6850,0.0
6851,0.0
6852,0.000766577257309109
6853,0.0
6854,0.0003832886286545545
6855,0.00019164431432727724
6856,0.000766577257309109
6857,0.008815637789666653
6858,0.003066309029236436
6859,0.000958221557084471
6860,0.0
6861,0.004216174595057964
6862,0.003257953329011798
6863,0.000958221557084471
6864,0.004599463194608688
6865,0.00479110749438405
6866,0.0
6867,0.009007282555103302
6868,0.014373322948813438
6869,0.01379839051514864
6870,0.0
6871,0.000958221557084471
6872,0.000958221557084471
6873,0.0
6874,0.001149865798652172
6875,0.0
6876,0.00019164431432727724
6877,0.0
6878,0.014181679114699364
6879,0.0
6880,0.014564967714250088
6881,0.8752395510673523
6882,0.02510540373623371
6883,0.003641241928562522
6884,0.0
6885,0.0
6886,0.0
6887,0.0
6888,0.000766577257309109
6889,0.004599463194608688
6890,0.00977385975420475
6891,0.0
6892,0.0
6893,0.002874664729461074
6894,0.19950172305107117
6895,0.000958221557084471
6896,0.00019164431432727724
6897,0.0
6898,0.00344959762878716
6899,0.000958221557084471
6900,0.00019164431432727724
6901,0.0
6902,0.000574932899326086
6903,0.001341510214842856
6904,0.000958221557084471
6905,0.000958221557084471
6906,0.05423533916473389
6907,0.0
6908,0.02165580727159977
6909,0.0003832886286545545
6910,0.0
6911,0.0
6912,0.0
6913,0.0003832886286545545
6914,0.0
6915,0.0003832886286545545
6916,0.0
6917,0.0003832886286545545
6918,0.0
6919,0.000574932899326086
6920,0.0
6921,0.0
6922,0.00019164431432727724
6923,0.0003832886286545545
6924,0.0
6925,0.00019164431432727724
6926,0.0
6927,0.000574932899326086
6928,0.000574932899326086
6929,0.11115369945764542
6930,0.00019164431432727724
6931,0.0
6932,0.0
6933,0.0
6934,0.000766577257309109
6935,0.0
6936,0.0
6937,0.0
6938,0.000766577257309109
6939,0.000766577257309109
6940,0.0
6941,0.001149865798652172
6942,0.000574932899326086
6943,0.001533154514618218
6944,0.28171712160110474
6945,0.04426983371376991
6946,0.000574932899326086
6947,0.002299731597304344
6948,0.007090839557349682
6949,0.0003832886286545545
6950,0.02127251774072647
6951,0.0
6952,0.000766577257309109
6953,0.0
6954,0.0
6955,0.0
6956,0.000574932899326086
6957,0.017631275579333305
6958,0.001916443114168942
6959,0.44308164715766907
6960,0.001341510214842856
6961,0.006132618058472872
6962,0.16002300381660461
6963,0.00019164431432727724
6964,0.00019164431432727724
6965,0.000574932899326086
6966,0.0
6967,0.00019164431432727724
6968,0.002491375897079706
6969,0.0
6970,0.0
6971,0.0
6972,0.0
6973,0.10176312923431396
6974,0.000574932899326086
6975,0.002108087297528982
6976,0.0
6977,0.000766577257309109
6978,0.0003832886286545545
6979,0.0
6980,0.0
6981,0.0
6982,0.0
6983,0.00019164431432727724
6984,0.000574932899326086
6985,0.000958221557084471
6986,0.005749329458922148
6987,0.0
6988,0.0
6989,0.002683020429685712
6990,0.11383672058582306
6991,0.27941739559173584
6992,0.0003832886286545545
6993,0.001341510214842856
6994,0.0
6995,0.0
6996,0.000766577257309109
6997,0.001341510214842856
6998,0.0
6999,0.003832886228337884
7000,0.0
7001,0.0003832886286545545
7002,0.00019164431432727724
7003,0.0
7004,0.000958221557084471
7005,0.0
7006,0.00344959762878716
7007,0.0
7008,0.0003832886286545545
7009,0.001916443114168942
7010,0.00019164431432727724
7011,0.000574932899326086
7012,0.00019164431432727724
7013,0.0003832886286545545
7014,0.006515906658023596
7015,0.0003832886286545545
7016,0.0
7017,0.00019164431432727724
7018,0.0003832886286545545
7019,0.00019164431432727724
7020,0.00019164431432727724
7021,0.0
7022,0.0
7023,0.000766577257309109
7024,0.2316979616880417
7025,0.00344959762878716
7026,0.0003832886286545545
7027,0.00344959762878716
7028,0.002108087297528982
7029,0.0
7030,0.0
7031,0.0
7032,0.0
7033,0.000574932899326086
7034,0.0
7035,0.00479110749438405
7036,0.00019164431432727724
7037,0.0
7038,0.00019164431432727724
7039,0.000766577257309109
7040,0.0003832886286545545
7041,0.000574932899326086
7042,0.001533154514618218
7043,0.0
7044,0.000574932899326086
7045,0.005366040859371424
7046,0.0
7047,0.0
7048,0.001341510214842856
7049,0.0
7050,0.0003832886286545545
7051,0.00019164431432727724
7052,0.000574932899326086
7053,0.0
7054,0.0
7055,0.0
7056,0.0
7057,0.0003832886286545545
7058,0.00019164431432727724
7059,0.000574932899326086
7060,0.002108087297528982
7061,0.7129168510437012
7062,0.0
7063,0.000574932899326086
7064,0.0
7065,0.000766577257309109
7066,0.4457646608352661
7067,0.0
7068,0.0
7069,0.000766577257309109
7070,0.000766577257309109
7071,0.004599463194608688
7072,0.0003832886286545545
7073,0.13261786103248596
7074,0.0
7075,0.0
7076,0.0
7077,0.05825987085700035
7078,0.00172479881439358
7079,0.00019164431432727724
7080,0.002299731597304344
7081,0.000574932899326086
7082,0.000574932899326086
7083,0.026255270466208458
7084,0.00019164431432727724
7085,0.0
7086,0.000958221557084471
7087,0.00019164431432727724
7088,0.0003832886286545545
7089,0.00019164431432727724
7090,0.0003832886286545545
7091,0.0003832886286545545
7092,0.0
7093,0.06592564284801483
7094,0.00019164431432727724
7095,0.001149865798652172
7096,0.0003832886286545545
7097,0.00172479881439358
7098,0.0003832886286545545
7099,0.001533154514618218
7100,0.00019164431432727724
7101,0.0
7102,0.10348792374134064
7103,0.000958221557084471
7104,0.0
7105,0.00019164431432727724
7106,0.00019164431432727724
7107,0.18704484403133392
7108,0.0003832886286545545
7109,0.003257953329011798
7110,0.002108087297528982
7111,0.0003832886286545545
7112,0.005174396093934774
7113,0.000574932899326086
7114,0.00019164431432727724
7115,0.0
7116,0.00019164431432727724
7117,0.0003832886286545545
7118,0.0
7119,0.00019164431432727724
7120,0.00019164431432727724
7121,0.011307014152407646
7122,0.0
7123,0.08202376216650009
7124,0.0
7125,0.0
7126,0.000574932899326086
7127,0.000766577257309109
7128,0.0
7129,0.0
7130,0.0
7131,0.000574932899326086
7132,0.001341510214842856
7133,0.0
7134,0.0003832886286545545
7135,0.00019164431432727724
7136,0.13798390328884125
7137,0.001341510214842856
7138,0.00019164431432727724
7139,0.001341510214842856
7140,0.00019164431432727724
7141,0.0
7142,0.0003832886286545545
7143,0.0003832886286545545
7144,0.000574932899326086
7145,0.000574932899326086
7146,0.000766577257309109
7147,0.0
7148,0.000766577257309109
7149,0.00019164431432727724
7150,0.000766577257309109
7151,0.0
7152,0.004216174595057964
7153,0.0
7154,0.0
7155,0.00172479881439358
7156,0.0
7157,0.0003832886286545545
7158,0.0003832886286545545
7159,0.007090839557349682
7160,0.0003832886286545545
7161,0.000766577257309109
7162,0.002108087297528982
7163,0.0
7164,0.00479110749438405
7165,0.000766577257309109
7166,0.001341510214842856
7167,0.001341510214842856
7168,0.006707550957798958
7169,0.0
7170,0.0095822149887681
7171,0.000766577257309109
7172,0.000958221557084471
7173,0.0
7174,0.0
7175,0.0
7176,0.0
7177,0.00019164431432727724
7178,0.01169030275195837
7179,0.0
7180,0.0
7181,0.0003832886286545545
7182,0.0003832886286545545
7183,0.0
7184,0.000958221557084471
7185,0.004982751794159412
7186,0.0
7187,0.001341510214842856
7188,0.0
7189,0.0
7190,0.0
7191,0.0003832886286545545
7192,0.0
7193,0.0
7194,0.001149865798652172
7195,0.0
7196,0.0
7197,0.0
7198,0.00344959762878716
7199,0.0
7200,0.0
7201,0.0
7202,0.0
7203,0.0
7204,0.0
7205,0.0003832886286545545
7206,0.0
7207,0.000958221557084471
7208,0.000574932899326086
7209,0.000574932899326086
7210,0.00344959762878716
7211,0.00019164431432727724
7212,0.0
7213,0.0
7214,0.00479110749438405
7215,0.0003832886286545545
7216,0.0
7217,0.002108087297528982
7218,0.0
7219,0.00019164431432727724
7220,0.0
7221,0.0
7222,0.0
7223,0.000766577257309109
7224,0.000574932899326086
7225,0.000574932899326086
7226,0.00019164431432727724
7227,0.0
7228,0.00019164431432727724
7229,0.0
7230,0.0
7231,0.000958221557084471
7232,0.0
7233,0.0
7234,0.000574932899326086
7235,0.003257953329011798
7236,0.00019164431432727724
7237,0.005749329458922148
7238,0.0003832886286545545
7239,0.001341510214842856
7240,0.005749329458922148
7241,0.2715599834918976
7242,0.0
7243,0.0
7244,0.000958221557084471
7245,0.0003832886286545545
7246,0.001916443114168942
7247,0.000766577257309109
7248,0.0003832886286545545
7249,0.022805672138929367
7250,0.000766577257309109
7251,0.0
7252,0.012840168550610542
7253,0.0
7254,0.0
7255,0.001149865798652172
7256,0.00689919525757432
7257,0.000574932899326086
7258,0.0
7259,0.0003832886286545545
7260,0.003066309029236436
7261,0.00019164431432727724
7262,0.0
7263,0.0003832886286545545
7264,0.24166347086429596
7265,0.000958221557084471
7266,0.0003832886286545545
7267,0.00019164431432727724
7268,0.0
7269,0.0003832886286545545
7270,0.001341510214842856
7271,0.001149865798652172
7272,0.0
7273,0.001533154514618218
7274,0.0
7275,0.000574932899326086
7276,0.002683020429685712
7277,0.0
7278,0.0
7279,0.00019164431432727724
7280,0.000574932899326086
7281,0.0
7282,0.0
7283,0.0
7284,0.00019164431432727724
7285,0.0
7286,0.00785741675645113
7287,0.0
7288,0.0003832886286545545
7289,0.687236487865448
7290,0.002874664729461074
7291,0.0
7292,0.019356075674295425
7293,0.000958221557084471
7294,0.0
7295,0.00019164431432727724
7296,0.0003832886286545545
7297,0.001149865798652172
7298,0.015331544913351536
7299,0.001533154514618218
7300,0.00019164431432727724
7301,0.000574932899326086
7302,0.03698735311627388
7303,0.0003832886286545545
7304,0.0
7305,0.001149865798652172
7306,0.006324262358248234
7307,0.0003832886286545545
7308,0.0
7309,0.0003832886286545545
7310,0.0
7311,0.000574932899326086
7312,0.0
7313,0.004216174595057964
7314,0.0
7315,0.020505940541625023
7316,0.00019164431432727724
7317,0.000766577257309109
7318,0.00172479881439358
7319,0.0
7320,0.0
7321,0.0
7322,0.0
7323,0.022614028304815292
7324,0.001533154514618218
7325,0.000766577257309109
7326,0.0
7327,0.00019164431432727724
7328,0.0
7329,0.000766577257309109
7330,0.000958221557084471
7331,0.00172479881439358
7332,0.000766577257309109
7333,0.001341510214842856
7334,0.0
7335,0.125527024269104
7336,0.0
7337,0.0
7338,0.00019164431432727724
7339,0.0
7340,0.004407818894833326
7341,0.0
7342,0.0
7343,0.0
7344,0.12073591351509094
7345,0.14526638388633728
7346,0.0
7347,0.000766577257309109
7348,0.0
7349,0.18551169335842133
7350,0.00019164431432727724
7351,0.0
7352,0.01571483351290226
7353,0.0
7354,0.00344959762878716
7355,0.000958221557084471
7356,0.0
7357,0.0
7358,0.0
7359,0.0
7360,0.001149865798652172
7361,0.0
7362,0.000574932899326086
7363,0.00019164431432727724
7364,0.00019164431432727724
7365,0.00019164431432727724
7366,0.0
7367,0.0003832886286545545
7368,0.0
7369,0.015139900147914886
7370,0.0
7371,0.0
7372,0.0
7373,0.0003832886286545545
7374,0.00019164431432727724
7375,0.000766577257309109
7376,0.000574932899326086
7377,0.0
7378,0.0
7379,0.0
7380,0.0
7381,0.002108087297528982
7382,0.000574932899326086
7383,0.0003832886286545545
7384,0.0
7385,0.00019164431432727724
7386,0.004982751794159412
7387,0.006707550957798958
7388,0.000766577257309109
7389,0.00019164431432727724
7390,0.0003832886286545545
7391,0.009007282555103302
7392,0.0003832886286545545
7393,0.0
7394,0.0003832886286545545
7395,0.0003832886286545545
7396,0.002108087297528982
7397,0.0003832886286545545
7398,0.0
7399,0.4210425317287445
7400,0.0
7401,0.05442698299884796
7402,0.00019164431432727724
7403,0.001341510214842856
7404,0.0
7405,0.0003832886286545545
7406,0.053277116268873215
7407,0.000958221557084471
7408,0.0
7409,0.005749329458922148
7410,0.00019164431432727724
7411,0.0
7412,0.0
7413,0.02548869326710701
7414,0.0003832886286545545
7415,0.01993100717663765
7416,0.0003832886286545545
7417,0.00019164431432727724
7418,0.001533154514618218
7419,0.0
7420,0.0
7421,0.0003832886286545545
7422,0.0003832886286545545
7423,0.009007282555103302
7424,0.001149865798652172
7425,0.004216174595057964
7426,0.00019164431432727724
7427,0.00019164431432727724
7428,0.0003832886286545545
7429,0.005174396093934774
7430,0.006132618058472872
7431,0.00019164431432727724
7432,0.000766577257309109
7433,0.001533154514618218
7434,0.0
7435,0.0
7436,0.000574932899326086
7437,0.0003832886286545545
7438,0.0
7439,0.0003832886286545545
7440,0.0
7441,0.004599463194608688
7442,0.000574932899326086
7443,0.0
7444,0.000574932899326086
7445,0.0
7446,0.0
7447,0.0
7448,0.0
7449,0.0003832886286545545
7450,0.0003832886286545545
7451,0.002299731597304344
7452,0.000574932899326086
7453,0.0
7454,0.00019164431432727724
7455,0.011307014152407646
7456,0.000574932899326086
7457,0.0003832886286545545
7458,0.0
7459,0.00019164431432727724
7460,0.002491375897079706
7461,0.0
7462,0.0
7463,0.00019164431432727724
7464,0.00019164431432727724
7465,0.0
7466,0.010348792187869549
7467,0.00019164431432727724
7468,0.000766577257309109
7469,0.000574932899326086
7470,0.09294749051332474
7471,0.0
7472,0.001341510214842856
7473,0.00019164431432727724
7474,0.0
7475,0.17477960884571075
7476,0.001149865798652172
7477,0.0003832886286545545
7478,0.000574932899326086
7479,0.0003832886286545545
7480,0.00019164431432727724
7481,0.00019164431432727724
7482,0.06975852698087692
7483,0.0003832886286545545
7484,0.004024530295282602
7485,0.0
7486,0.001341510214842856
7487,0.0
7488,0.0003832886286545545
7489,0.0003832886286545545
7490,0.0
7491,0.000766577257309109
7492,0.0
7493,0.0003832886286545545
7494,0.021464163437485695
7495,0.0
7496,0.0
7497,0.01705634407699108
7498,0.0
7499,0.0
7500,0.0
7501,0.0
7502,0.0
7503,0.0
7504,0.0003832886286545545
7505,0.0
7506,0.00019164431432727724
7507,0.0
7508,0.0003832886286545545
7509,0.0003832886286545545
7510,0.001149865798652172
7511,0.000766577257309109
7512,0.0
7513,0.000766577257309109
7514,0.00019164431432727724
7515,0.0
7516,0.0
7517,0.0
7518,0.004599463194608688
7519,0.002491375897079706
7520,0.001149865798652172
7521,0.0003832886286545545
7522,0.04752779006958008
7523,0.00019164431432727724
7524,0.0
7525,0.0
7526,0.00019164431432727724
7527,0.001149865798652172
7528,0.5373706221580505
7529,0.04599463567137718
7530,0.0
7531,0.0
7532,0.0003832886286545545
7533,0.002108087297528982
7534,0.3466845452785492
7535,0.0003832886286545545
7536,0.002108087297528982
7537,0.3623993992805481
7538,0.0003832886286545545
7539,0.001149865798652172
7540,0.0
7541,0.0
7542,0.0003832886286545545
7543,0.0
7544,0.0
7545,0.000766577257309109
7546,0.9494059085845947
7547,0.015906477347016335
7548,0.0
7549,0.0003832886286545545
7550,0.0
7551,0.000958221557084471
7552,0.0
7553,0.0
7554,0.001149865798652172
7555,0.0003832886286545545
7556,0.003641241928562522
7557,0.000766577257309109
7558,0.002491375897079706
7559,0.0003832886286545545
7560,0.00019164431432727724
7561,0.0003832886286545545
7562,0.00019164431432727724
7563,0.0003832886286545545
7564,0.0
7565,0.000574932899326086
7566,0.000766577257309109
7567,0.001916443114168942
7568,0.00019164431432727724
7569,0.001149865798652172
7570,0.0
7571,0.0
7572,0.0
7573,0.0
7574,0.0003832886286545545
7575,0.00019164431432727724
7576,0.0
7577,0.000574932899326086
7578,0.0
7579,0.0
7580,0.000766577257309109
7581,0.00172479881439358
7582,0.0
7583,0.0
7584,0.001916443114168942
7585,0.000766577257309109
7586,0.0
7587,0.0
7588,0.000574932899326086
7589,0.0003832886286545545
7590,0.0
7591,0.0
7592,0.00019164431432727724
7593,0.0
7594,0.002683020429685712
7595,0.00019164431432727724
7596,0.000574932899326086
7597,0.002108087297528982
7598,0.2307397425174713
7599,0.014564967714250088
7600,0.006515906658023596
7601,0.0003832886286545545
7602,0.0
7603,0.0
7604,0.001916443114168942
7605,0.000574932899326086
7606,0.05346876382827759
7607,0.04120352491736412
7608,0.0
7609,0.001533154514618218
7610,0.0
7611,0.0
7612,0.262935996055603
7613,0.0
7614,0.00019164431432727724
7615,0.0
7616,0.0003832886286545545
7617,0.000766577257309109
7618,0.0003832886286545545
7619,0.0003832886286545545
7620,0.002683020429685712
7621,0.0
7622,0.000574932899326086
7623,0.0
7624,0.000766577257309109
7625,0.0
7626,0.000958221557084471
7627,0.000766577257309109
7628,0.0003832886286545545
7629,0.0
7630,0.0003832886286545545
7631,0.00172479881439358
7632,0.000574932899326086
7633,0.0
7634,0.0003832886286545545
7635,0.0
7636,0.0003832886286545545
7637,0.2767343819141388
7638,0.14794941246509552
7639,0.000574932899326086
7640,0.002874664729461074
7641,0.0
7642,0.0
7643,0.0003832886286545545
7644,0.000574932899326086
7645,0.002108087297528982
7646,0.0
7647,0.002299731597304344
7648,0.0
7649,0.0003832886286545545
7650,0.0
7651,0.005557685159146786
7652,0.0
7653,0.0
7654,0.0
7655,0.000958221557084471
7656,0.000766577257309109
7657,0.0095822149887681
7658,0.00479110749438405
7659,0.000766577257309109
7660,0.0
7661,0.014948256313800812
7662,0.0
7663,0.000958221557084471
7664,0.0
7665,0.010157148353755474
7666,0.0
7667,0.000766577257309109
7668,0.0
7669,0.0
7670,0.000574932899326086
7671,0.0003832886286545545
7672,0.0
7673,0.0
7674,0.0
7675,0.00019164431432727724
7676,0.0003832886286545545
7677,0.007474128156900406
7678,0.00172479881439358
7679,0.000574932899326086
7680,0.0003832886286545545
7681,0.0
7682,0.000766577257309109
7683,0.000574932899326086
7684,0.07129168510437012
7685,0.0
7686,0.001916443114168942
7687,0.0
7688,0.000958221557084471
7689,0.000766577257309109
7690,0.000766577257309109
7691,0.00019164431432727724
7692,0.0
7693,0.000766577257309109
7694,0.000574932899326086
7695,0.0
7696,0.003832886228337884
7697,0.09390570968389511
7698,0.0
7699,0.000766577257309109
7700,0.001341510214842856
7701,0.0
7702,0.0003832886286545545
7703,0.000574932899326086
7704,0.000766577257309109
7705,0.002108087297528982
7706,0.003257953329011798
7707,0.0
7708,0.0
7709,0.001533154514618218
7710,0.007090839557349682
7711,0.000958221557084471
7712,0.000766577257309109
7713,0.23284783959388733
7714,0.0003832886286545545
7715,0.000958221557084471
7716,0.001341510214842856
7717,0.00019164431432727724
7718,0.004216174595057964
7719,0.000958221557084471
7720,0.00019164431432727724
7721,0.0
7722,0.0
7723,0.024722116068005562
7724,0.0
7725,0.0
7726,0.00019164431432727724
7727,0.04369490221142769
7728,0.012840168550610542
7729,0.003066309029236436
7730,0.00019164431432727724
7731,0.001533154514618218
7732,0.00172479881439358
7733,0.007282483857125044
7734,0.0003832886286545545
7735,0.0
7736,0.007282483857125044
7737,0.000574932899326086
7738,0.000574932899326086
7739,0.0
7740,0.000766577257309109
7741,0.0
7742,0.0003832886286545545
7743,0.0
7744,0.0003832886286545545
7745,0.0
7746,0.0
7747,0.012265236116945744
7748,0.000574932899326086
7749,0.0
7750,0.0003832886286545545
7751,0.0
7752,0.0
7753,0.0
7754,0.0
7755,0.0
7756,0.06247604265809059
7757,0.018589498475193977
7758,0.002299731597304344
7759,0.000574932899326086
7760,0.0003832886286545545
7761,0.000958221557084471
7762,0.0
7763,0.009390571154654026
7764,0.00019164431432727724
7765,0.00594097375869751
7766,0.000766577257309109
7767,0.0
7768,0.0
7769,0.0
7770,0.0
7771,0.000574932899326086
7772,0.0
7773,0.0
7774,0.000958221557084471
7775,0.0003832886286545545
7776,0.0
7777,0.0
7778,0.0
7779,0.0
7780,0.001341510214842856
7781,0.032004598528146744
7782,0.000766577257309109
7783,0.0003832886286545545
7784,0.0
7785,0.0
7786,0.000574932899326086
7787,0.0
7788,0.0
7789,0.0003832886286545545
7790,0.001149865798652172
7791,0.008049060590565205
7792,0.0003832886286545545
7793,0.002874664729461074
7794,0.000766577257309109
7795,0.09294749051332474
7796,0.0
7797,0.0
7798,0.0
7799,0.001533154514618218
7800,0.000574932899326086
7801,0.03679570555686951
7802,0.000958221557084471
7803,0.0003832886286545545
7804,0.0
7805,0.0
7806,0.001533154514618218
7807,0.0
7808,0.000766577257309109
7809,0.004982751794159412
7810,0.0
7811,0.01169030275195837
7812,0.000574932899326086
7813,0.000574932899326086
7814,0.000958221557084471
7815,0.440398633480072
7816,0.001149865798652172
7817,0.12533538043498993
7818,0.7395553588867188
7819,0.005557685159146786
7820,0.00019164431432727724
7821,0.0
7822,0.000766577257309109
7823,0.0962054431438446
7824,0.009007282555103302
7825,0.0
7826,0.00019164431432727724
7827,0.0
7828,0.0
7829,0.028555002063512802
7830,0.010540436953306198
7831,0.0003832886286545545
7832,0.00172479881439358
7833,0.0
7834,0.22748179733753204
7835,0.0
7836,0.0
7837,0.0
7838,0.0
7839,0.0
7840,0.00019164431432727724
7841,0.000574932899326086
7842,0.00019164431432727724
7843,0.01993100717663765
7844,0.001341510214842856
7845,0.0003832886286545545
7846,0.000958221557084471
7847,0.0
7848,0.00019164431432727724
7849,0.0
7850,0.0
7851,0.0
7852,0.030088156461715698
7853,0.03277117758989334
7854,0.0003832886286545545
7855,0.0
7856,0.0
7857,0.00019164431432727724
7858,0.00019164431432727724
7859,0.000766577257309109
7860,0.0
7861,0.0
7862,0.0
7863,0.00019164431432727724
7864,0.0
7865,0.0
7866,0.00172479881439358
7867,0.0
7868,0.0
7869,0.013990034349262714
7870,0.000574932899326086
7871,0.000766577257309109
7872,0.0
7873,0.0
7874,0.000958221557084471
7875,0.023955538868904114
7876,0.2654273808002472
7877,0.26887696981430054
7878,0.001341510214842856
7879,0.002683020429685712
7880,0.0
7881,0.0
7882,0.000574932899326086
7883,0.0
7884,0.0
7885,0.0
7886,0.00019164431432727724
7887,0.0003832886286545545
7888,0.0
7889,0.000958221557084471
7890,0.0
7891,0.02127251774072647
7892,0.000574932899326086
7893,0.000574932899326086
7894,0.00019164431432727724
7895,0.0003832886286545545
7896,0.0
7897,0.002299731597304344
7898,0.00019164431432727724
7899,0.0003832886286545545
7900,0.0
7901,0.00019164431432727724
7902,0.0
7903,0.0
7904,0.0003832886286545545
7905,0.024722116068005562
7906,0.00019164431432727724
7907,0.0
7908,0.012840168550610542
7909,0.5193560719490051
7910,0.0
7911,0.004024530295282602
7912,0.0
7913,0.00019164431432727724
7914,0.0
7915,0.2278650850057602
7916,0.0
7917,0.0
7918,0.0
7919,0.013415101915597916
7920,0.001341510214842856
7921,0.00172479881439358
7922,0.00019164431432727724
7923,0.0
7924,0.0003832886286545545
7925,0.00172479881439358
7926,0.0
7927,0.0
7928,0.0
7929,0.00019164431432727724
7930,0.00019164431432727724
7931,0.0
7932,0.0
7933,0.0
7934,0.000766577257309109
7935,0.001916443114168942
7936,0.00172479881439358
7937,0.00785741675645113
7938,0.0003832886286545545
7939,0.000958221557084471
7940,0.000766577257309109
7941,0.002491375897079706
7942,0.0
7943,0.00172479881439358
7944,0.0
7945,0.00019164431432727724
7946,0.0003832886286545545
7947,0.0
7948,0.0
7949,0.0
7950,0.000766577257309109
7951,0.00019164431432727724
7952,0.21023380756378174
7953,0.0
7954,0.0
7955,0.001533154514618218
7956,0.0
7957,0.00785741675645113
7958,0.0
7959,0.000958221557084471
7960,0.001341510214842856
7961,0.0
7962,0.002108087297528982
7963,0.000574932899326086
7964,0.000766577257309109
7965,0.00019164431432727724
7966,0.00019164431432727724
7967,0.000766577257309109
7968,0.0
7969,0.000574932899326086
7970,0.0
7971,0.006132618058472872
7972,0.0003832886286545545
7973,0.04925258830189705
7974,0.0
7975,0.0
7976,0.000766577257309109
7977,0.0003832886286545545
7978,0.001149865798652172
7979,0.020505940541625023
7980,0.0
7981,0.0003832886286545545
7982,0.00019164431432727724
7983,0.00019164431432727724
7984,0.002299731597304344
7985,0.0003832886286545545
7986,0.0
7987,0.0
7988,0.0003832886286545545
7989,0.00172479881439358
7990,0.0
7991,0.00019164431432727724
7992,0.012265236116945744
7993,0.00344959762878716
7994,0.0
7995,0.0
7996,0.0
7997,0.025297049432992935
7998,0.004599463194608688
7999,0.00019164431432727724
8000,0.004024530295282602
8001,0.00019164431432727724
8002,0.0
8003,0.0003832886286545545
8004,0.00019164431432727724
8005,0.0003832886286545545
8006,0.0
8007,0.0003832886286545545
8008,0.004982751794159412
8009,0.0003832886286545545
8010,0.0
8011,0.00019164431432727724
8012,0.00019164431432727724
8013,0.004024530295282602
8014,0.0
8015,0.0
8016,0.6768876910209656
8017,0.0003832886286545545
8018,0.00019164431432727724
8019,0.003641241928562522
8020,0.0
8021,0.0
8022,0.002874664729461074
8023,0.0
8024,0.0
8025,0.002108087297528982
8026,0.0
8027,0.000766577257309109
8028,0.0
8029,0.22748179733753204
8030,0.001341510214842856
8031,0.04388654604554176
8032,0.0
8033,0.000766577257309109
8034,0.000766577257309109
8035,0.02683020383119583
8036,0.0003832886286545545
8037,0.0
8038,0.0003832886286545545
8039,0.0
8040,0.006515906658023596
8041,0.04580298811197281
8042,0.06209275498986244
8043,0.00019164431432727724
8044,0.000574932899326086
8045,0.0003832886286545545
8046,0.00019164431432727724
8047,0.0003832886286545545
8048,0.002108087297528982
8049,0.0
8050,0.0
8051,0.3880797326564789
8052,0.0
8053,0.0
8054,0.0
8055,0.3075891137123108
8056,0.00019164431432727724
8057,0.0
8058,0.020122652873396873
8059,0.000766577257309109
8060,0.0
8061,0.000574932899326086
8062,0.011307014152407646
8063,0.000766577257309109
8064,0.0003832886286545545
8065,0.0003832886286545545
8066,0.00019164431432727724
8067,0.10176312923431396
8068,0.007090839557349682
8069,0.0003832886286545545
8070,0.0003832886286545545
8071,0.0003832886286545545
8072,0.007282483857125044
8073,0.000574932899326086
8074,0.0
8075,0.00019164431432727724
8076,0.005366040859371424
8077,0.03775392845273018
8078,0.0
8079,0.0003832886286545545
8080,0.002299731597304344
8081,0.0
8082,0.000766577257309109
8083,0.00019164431432727724
8084,0.0
8085,0.28765809535980225
8086,0.0
8087,0.0003832886286545545
8088,0.0
8089,0.0
8090,0.0
8091,0.0003832886286545545
8092,0.0
8093,0.0
8094,0.00019164431432727724
8095,0.0
8096,0.00172479881439358
8097,0.02165580727159977
8098,0.0
8099,0.0
8100,0.013031813316047192
8101,0.027405135333538055
8102,0.000574932899326086
8103,0.0003832886286545545
8104,0.000958221557084471
8105,0.0
8106,0.0
8107,0.0
8108,0.0
8109,0.0
8110,0.000574932899326086
8111,0.0
8112,0.0
8113,0.0003832886286545545
8114,0.0
8115,0.02299731783568859
8116,0.000574932899326086
8117,0.003066309029236436
8118,0.000574932899326086
8119,0.001341510214842856
8120,0.001341510214842856
8121,0.0003832886286545545
8122,0.000766577257309109
8123,0.00019164431432727724
8124,0.00019164431432727724
8125,0.11479493975639343
8126,0.001149865798652172
8127,0.02165580727159977
8128,0.000766577257309109
8129,0.00019164431432727724
8130,0.0
8131,0.0003832886286545545
8132,0.06822537630796432
8133,0.14564967155456543
8134,0.0
8135,0.0
8136,0.0
8137,0.0
8138,0.000574932899326086
8139,0.0
8140,0.00019164431432727724
8141,0.00172479881439358
8142,0.0
8143,0.0
8144,0.0
8145,0.0
8146,0.18608662486076355
8147,0.0
8148,0.0
8149,0.000958221557084471
8150,0.0003832886286545545
8151,0.0003832886286545545
8152,0.0
8153,0.000766577257309109
8154,0.00172479881439358
8155,0.021080873906612396
8156,0.1623227298259735
8157,0.0
8158,0.0
8159,0.03181295469403267
8160,0.012073591351509094
8161,0.0
8162,0.000574932899326086
8163,0.004407818894833326
8164,0.00344959762878716
8165,0.0
8166,0.005366040859371424
8167,0.000958221557084471
8168,0.002683020429685712
8169,0.0
8170,0.0
8171,0.000958221557084471
8172,0.0003832886286545545
8173,0.000574932899326086
8174,0.0003832886286545545
8175,0.008049060590565205
8176,0.0003832886286545545
8177,0.0
8178,0.00172479881439358
8179,0.0
8180,0.0003832886286545545
8181,0.00019164431432727724
8182,0.0
8183,0.000766577257309109
8184,0.0
8185,0.000574932899326086
8186,0.008432349190115929
8187,0.0003832886286545545
8188,0.002299731597304344
8189,0.0
8190,0.000766577257309109
8191,0.0
8192,0.0
8193,0.0804906114935875
8194,0.0003832886286545545
8195,0.0003832886286545545
8196,0.0
8197,0.001916443114168942
8198,0.003832886228337884
8199,0.002299731597304344
8200,0.000574932899326086
8201,0.00019164431432727724
8202,0.000574932899326086
8203,0.010732081718742847
8204,0.000766577257309109
8205,0.000766577257309109
8206,0.0
8207,0.038520507514476776
8208,0.12207742780447006
8209,0.001149865798652172
8210,0.022422384470701218
8211,0.000958221557084471
8212,0.0003832886286545545
8213,0.0
8214,0.00019164431432727724
8215,0.000574932899326086
8216,0.0
8217,0.0
8218,0.002491375897079706
8219,0.003641241928562522
8220,0.11843618005514145
8221,0.3608662188053131
8222,0.0
8223,0.00019164431432727724
8224,0.020314296707510948
8225,0.000958221557084471
8226,0.0003832886286545545
8227,0.013223457150161266
8228,0.000958221557084471
8229,0.0
8230,0.000766577257309109
8231,0.00019164431432727724
8232,0.012648524716496468
8233,0.0003832886286545545
8234,0.003257953329011798
8235,0.009007282555103302
8236,0.0003832886286545545
8237,0.0
8238,0.0
8239,0.0
8240,0.0
8241,0.0
8242,0.0003832886286545545
8243,0.005557685159146786
8244,0.000574932899326086
8245,0.0
8246,0.0
8247,0.00019164431432727724
8248,0.00594097375869751
8249,0.013990034349262714
8250,0.002299731597304344
8251,0.10061325877904892
8252,0.000958221557084471
8253,0.0
8254,0.0
8255,0.0
8256,0.0003832886286545545
8257,0.0
8258,0.0
8259,0.020697584375739098
8260,0.003832886228337884
8261,0.000766577257309109
8262,0.0
8263,0.0
8264,0.0
8265,0.0
8266,0.0
8267,0.002874664729461074
8268,0.000766577257309109
8269,0.030279800295829773
8270,0.0
8271,0.0
8272,0.00019164431432727724
8273,0.000958221557084471
8274,0.010348792187869549
8275,0.0003832886286545545
8276,0.09946339577436447
8277,0.000766577257309109
8278,0.00019164431432727724
8279,0.00172479881439358
8280,0.0
8281,0.0003832886286545545
8282,0.002108087297528982
8283,0.00344959762878716
8284,0.000766577257309109
8285,0.00019164431432727724
8286,0.0
8287,0.00689919525757432
8288,0.0
8289,0.0
8290,0.0
8291,0.000574932899326086
8292,0.11747796088457108
8293,0.0
8294,0.000766577257309109
8295,0.0003832886286545545
8296,0.002108087297528982
8297,0.0
8298,0.000958221557084471
8299,0.030471444129943848
8300,0.0
8301,0.001341510214842856
8302,0.012456879951059818
8303,0.0
8304,0.03947872668504715
8305,0.0003832886286545545
8306,0.00019164431432727724
8307,0.005749329458922148
8308,0.0003832886286545545
8309,0.00019164431432727724
8310,0.00019164431432727724
8311,0.0003832886286545545
8312,0.00019164431432727724
8313,0.0003832886286545545
8314,0.0
8315,0.0
8316,0.000766577257309109
8317,0.0
8318,0.0003832886286545545
8319,0.001341510214842856
8320,0.0003832886286545545
8321,0.001341510214842856
8322,0.000574932899326086
8323,0.000574932899326086
8324,0.0
8325,0.10540436953306198
8326,0.0
8327,0.006515906658023596
8328,0.000574932899326086
8329,0.0
8330,0.0
8331,0.000958221557084471
8332,0.0003832886286545545
8333,0.0
8334,0.005749329458922148
8335,0.0
8336,0.0003832886286545545
8337,0.001149865798652172
8338,0.006707550957798958
8339,0.0003832886286545545
8340,0.23035645484924316
8341,0.0
8342,0.0
8343,0.001149865798652172
8344,0.0
8345,0.06937523931264877
8346,0.0003832886286545545
8347,0.009965503588318825
8348,0.000766577257309109
8349,0.0003832886286545545
8350,0.0003832886286545545
8351,0.04982751980423927
8352,0.0
8353,0.00172479881439358
8354,0.0
8355,0.0003832886286545545
8356,0.0
8357,0.000958221557084471
8358,0.0
8359,0.0
8360,0.0
8361,0.000574932899326086
8362,0.0
8363,0.004024530295282602
8364,0.0
8365,0.38578000664711
8366,0.0
8367,0.0
8368,0.002491375897079706
8369,0.00019164431432727724
8370,0.000574932899326086
8371,0.07052510231733322
8372,0.0003832886286545545
8373,0.001149865798652172
8374,0.0003832886286545545
8375,0.0003832886286545545
8376,0.004599463194608688
8377,0.0
8378,0.0
8379,0.0003832886286545545
8380,0.003066309029236436
8381,0.0003832886286545545
8382,0.0
8383,0.006132618058472872
8384,0.03660406172275543
8385,0.0
8386,0.0
8387,0.000958221557084471
8388,0.1337677240371704
8389,0.000958221557084471
8390,0.0
8391,0.00019164431432727724
8392,0.0
8393,0.0
8394,0.0
8395,0.000574932899326086
8396,0.0
8397,0.00019164431432727724
8398,0.0003832886286545545
8399,0.000958221557084471
8400,0.00019164431432727724
8401,0.0003832886286545545
8402,0.052510540932416916
8403,0.000574932899326086
8404,0.0
8405,0.0
8406,0.00172479881439358
8407,0.000766577257309109
8408,0.0
8409,0.0003832886286545545
8410,0.00019164431432727724
8411,0.0003832886286545545
8412,0.001149865798652172
8413,0.06477577984333038
8414,0.006324262358248234
8415,0.0003832886286545545
8416,0.12418550997972488
8417,0.00019164431432727724
8418,0.0003832886286545545
8419,0.0
8420,0.010157148353755474
8421,0.008049060590565205
8422,0.0
8423,0.0003832886286545545
8424,0.0003832886286545545
8425,0.052510540932416916
8426,0.00019164431432727724
8427,0.002299731597304344
8428,0.0
8429,0.0003832886286545545
8430,0.0003832886286545545
8431,0.0003832886286545545
8432,0.0003832886286545545
8433,0.00019164431432727724
8434,0.023955538868904114
8435,0.00019164431432727724
8436,0.001149865798652172
8437,0.0003832886286545545
8438,0.000574932899326086
8439,0.000574932899326086
8440,0.0
8441,0.0
8442,0.0
8443,0.001533154514618218
8444,0.16481409966945648
8445,0.0003832886286545545
8446,0.002299731597304344
8447,0.36431583762168884
8448,0.0398620143532753
8449,0.0
8450,0.0
8451,0.06132617965340614
8452,0.003257953329011798
8453,0.0
8454,0.0
8455,0.0
8456,0.000766577257309109
8457,0.0003832886286545545
8458,0.0
8459,0.000766577257309109
8460,0.0
8461,0.000574932899326086
8462,0.000766577257309109
8463,0.34936755895614624
8464,0.00594097375869751
8465,0.0
8466,0.03430433198809624
8467,0.001149865798652172
8468,0.22058260440826416
8469,0.0
8470,0.0
8471,0.0
8472,0.0
8473,0.001916443114168942
8474,0.000766577257309109
8475,0.000574932899326086
8476,0.000574932899326086
8477,0.0
8478,0.004024530295282602
8479,0.0
8480,0.00019164431432727724
8481,0.0
8482,0.000574932899326086
8483,0.00172479881439358
8484,0.0
8485,0.0003832886286545545
8486,0.0
8487,0.06554235517978668
8488,0.0
8489,0.00019164431432727724
8490,0.14085856080055237
8491,0.0
8492,0.00019164431432727724
8493,0.471253365278244
8494,0.0
8495,0.0
8496,0.19451896846294403
8497,0.0
8498,0.007474128156900406
8499,0.0
8500,0.0
8501,0.0
8502,0.0
8503,0.000766577257309109
8504,0.00019164431432727724
8505,0.0
8506,0.0
8507,0.0003832886286545545
8508,0.0
8509,0.0
8510,0.000766577257309109
8511,0.0
8512,0.00019164431432727724
8513,0.0003832886286545545
8514,0.000766577257309109
8515,0.0
8516,0.0
8517,0.000766577257309109
8518,0.0003832886286545545
8519,0.000574932899326086
8520,0.0
8521,0.002874664729461074
8522,0.0
8523,0.06420084089040756
8524,0.007474128156900406
8525,0.1098121851682663
8526,0.0003832886286545545
8527,0.00019164431432727724
8528,0.000574932899326086
8529,0.00019164431432727724
8530,0.0003832886286545545
8531,0.0
8532,0.031238021329045296
8533,0.000574932899326086
8534,0.0003832886286545545
8535,0.008623993955552578
8536,0.0
8537,0.00019164431432727724
8538,0.0
8539,0.022230740636587143
8540,0.05576849356293678
8541,0.000766577257309109
8542,0.8924875259399414
8543,0.0003832886286545545
8544,0.000574932899326086
8545,0.0
8546,0.00019164431432727724
8547,0.0
8548,0.00019164431432727724
8549,0.0
8550,0.0
8551,0.0
8552,0.000958221557084471
8553,0.001341510214842856
8554,0.000766577257309109
8555,0.001916443114168942
8556,0.0
8557,0.0
8558,0.000574932899326086
8559,0.0
8560,0.000766577257309109
8561,0.000766577257309109
8562,0.000766577257309109
8563,0.005366040859371424
8564,0.0003832886286545545
8565,0.0
8566,0.005366040859371424
8567,0.0
8568,0.0
8569,0.002108087297528982
8570,0.026255270466208458
8571,0.0
8572,0.000958221557084471
8573,0.000574932899326086
8574,0.0
8575,0.000766577257309109
8576,0.001149865798652172
8577,0.4722115695476532
8578,0.0
8579,0.000574932899326086
8580,0.0
8581,0.00019164431432727724
8582,0.0003832886286545545
8583,0.000574932899326086
8584,0.0
8585,0.002874664729461074
8586,0.0003832886286545545
8587,0.012840168550610542
8588,0.00019164431432727724
8589,0.0003832886286545545
8590,0.000958221557084471
8591,0.00172479881439358
8592,0.006515906658023596
8593,0.0003832886286545545
8594,0.0
8595,0.0
8596,0.000574932899326086
8597,0.48294365406036377
8598,0.002491375897079706
8599,0.001341510214842856
8600,0.0
8601,0.0
8602,0.000574932899326086
8603,0.000766577257309109
8604,0.000766577257309109
8605,0.003832886228337884
8606,0.00019164431432727724
8607,0.00019164431432727724
8608,0.0003832886286545545
8609,0.0003832886286545545
8610,0.0
8611,0.0003832886286545545
8612,0.0003832886286545545
8613,0.000958221557084471
8614,0.00019164431432727724
8615,0.0
8616,0.24262169003486633
8617,0.0
8618,0.002299731597304344
8619,0.0
8620,0.0
8621,0.00019164431432727724
8622,0.001149865798652172
8623,0.01360674574971199
8624,0.33116135001182556
8625,0.0
8626,0.001149865798652172
8627,0.0
8628,0.00019164431432727724
8629,0.0
8630,0.00019164431432727724
8631,0.0
8632,0.0003832886286545545
8633,0.02376389503479004
8634,0.00172479881439358
8635,0.0
8636,0.000766577257309109
8637,0.000574932899326086
8638,0.0
8639,0.0003832886286545545
8640,0.000574932899326086
8641,0.0
8642,0.028555002063512802
8643,0.058451514691114426
8644,0.00019164431432727724
8645,0.0
8646,0.00479110749438405
8647,0.0
8648,0.0
8649,0.002683020429685712
8650,0.0
8651,0.0
8652,0.028363358229398727
8653,0.0
8654,0.00019164431432727724
8655,0.00019164431432727724
8656,0.000574932899326086
8657,0.000574932899326086
8658,0.00019164431432727724
8659,0.000574932899326086
8660,0.0
8661,0.0003832886286545545
8662,0.000766577257309109
8663,0.000766577257309109
8664,0.0
8665,0.0
8666,0.40705251693725586
8667,0.0003832886286545545
8668,0.00019164431432727724
8669,0.0
8670,0.0
8671,0.0
8672,0.0
8673,0.0
8674,0.001341510214842856
8675,0.0
8676,0.001149865798652172
8677,0.0
8678,0.0003832886286545545
8679,0.00019164431432727724
8680,0.04082023724913597
8681,0.0003832886286545545
8682,0.0003832886286545545
8683,0.002299731597304344
8684,0.000766577257309109
8685,0.000766577257309109
8686,0.000766577257309109
8687,0.001341510214842856
8688,0.00019164431432727724
8689,0.0003832886286545545
8690,0.0
8691,0.000766577257309109
8692,0.001149865798652172
8693,0.000574932899326086
8694,0.0
8695,0.000574932899326086
8696,0.0
8697,0.0
8698,0.000958221557084471
8699,0.0
8700,0.0003832886286545545
8701,0.0
8702,0.000766577257309109
8703,0.0
8704,0.024530472233891487
8705,0.00019164431432727724
8706,0.0
8707,0.0
8708,0.0003832886286545545
8709,0.00019164431432727724
8710,0.0003832886286545545
8711,0.000766577257309109
8712,0.00019164431432727724
8713,0.0
8714,0.0003832886286545545
8715,0.0003832886286545545
8716,0.001533154514618218
8717,0.0
8718,0.11786124855279922
8719,0.0
8720,0.0003832886286545545
8721,0.0
8722,0.0
8723,0.000574932899326086
8724,0.0
8725,0.04292832687497139
8726,0.000766577257309109
8727,0.004024530295282602
8728,0.0
8729,0.0
8730,0.002108087297528982
8731,0.2976236045360565
8732,0.00785741675645113
8733,0.00172479881439358
8734,0.0
8735,0.002108087297528982
8736,0.0003832886286545545
8737,0.000958221557084471
8738,0.001341510214842856
8739,0.004024530295282602
8740,0.00019164431432727724
8741,0.002299731597304344
8742,0.000766577257309109
8743,0.05730164796113968
8744,0.000958221557084471
8745,0.0
8746,0.0
8747,0.0
8748,0.008432349190115929
8749,0.0
8750,0.00172479881439358
8751,0.06228439882397652
8752,0.0
8753,0.0
8754,0.0
8755,0.05193560570478439
8756,0.044461481273174286
8757,0.000766577257309109
8758,0.00019164431432727724
8759,0.001149865798652172
8760,0.00019164431432727724
8761,0.2539287209510803
8762,0.05481027066707611
8763,0.01169030275195837
8764,0.024530472233891487
8765,0.00479110749438405
8766,0.00019164431432727724
8767,0.0
8768,0.00977385975420475
8769,0.0
8770,0.0
8771,0.1262935996055603
8772,0.013990034349262714
8773,0.0
8774,0.000766577257309109
8775,0.000574932899326086
8776,0.0
8777,0.001149865798652172
8778,0.0003832886286545545
8779,0.2849750816822052
8780,0.00019164431432727724
8781,0.052893828600645065
8782,0.001149865798652172
8783,0.00019164431432727724
8784,0.000958221557084471
8785,0.000766577257309109
8786,0.0003832886286545545
8787,0.0
8788,0.0
8789,0.003257953329011798
8790,0.0003832886286545545
8791,0.0
8792,0.004982751794159412
8793,0.170755073428154
8794,0.018589498475193977
8795,0.0
8796,0.0003832886286545545
8797,0.0
8798,0.08681487292051315
8799,0.019356075674295425
8800,0.07359141111373901
8801,0.001341510214842856
8802,0.0
8803,0.000958221557084471
8804,0.033729396760463715
8805,0.0
8806,0.0
8807,0.0
8808,0.0003832886286545545
8809,0.0
8810,0.000574932899326086
8811,0.000958221557084471
8812,0.0
8813,0.0
8814,0.00019164431432727724
8815,0.000574932899326086
8816,0.05634342506527901
8817,0.0003832886286545545
8818,0.0003832886286545545
8819,0.00019164431432727724
8820,0.0
8821,0.0003832886286545545
8822,0.02683020383119583
8823,0.0
8824,0.000958221557084471
8825,0.0
8826,0.0
8827,0.3873131573200226
8828,0.00479110749438405
8829,0.012073591351509094
8830,0.0003832886286545545
8831,0.0
8832,0.0
8833,0.0
8834,0.00019164431432727724
8835,0.000574932899326086
8836,0.0003832886286545545
8837,0.00019164431432727724
8838,0.0
8839,0.000958221557084471
8840,0.00019164431432727724
8841,0.0003832886286545545
8842,0.0
8843,0.001149865798652172
8844,0.0003832886286545545
8845,0.0
8846,0.001341510214842856
8847,0.0
8848,0.000766577257309109
8849,0.005557685159146786
8850,0.014181679114699364
8851,0.0003832886286545545
8852,0.001149865798652172
8853,0.0003832886286545545
8854,0.02376389503479004
8855,0.0
8856,0.0
8857,0.0
8858,0.00019164431432727724
8859,0.0003832886286545545
8860,0.00344959762878716
8861,0.0003832886286545545
8862,0.0003832886286545545
8863,0.45822155475616455
8864,0.00977385975420475
8865,0.0003832886286545545
8866,0.000766577257309109
8867,0.013990034349262714
8868,0.0003832886286545545
8869,0.11134534329175949
8870,0.0003832886286545545
8871,0.000958221557084471
8872,0.0
8873,0.0003832886286545545
8874,0.0
8875,0.015906477347016335
8876,0.0
8877,0.00019164431432727724
8878,0.0
8879,0.00019164431432727724
8880,0.0003832886286545545
8881,0.0003832886286545545
8882,0.004024530295282602
8883,0.0003832886286545545
8884,0.0003832886286545545
8885,0.000958221557084471
8886,0.0
8887,0.0
8888,0.00019164431432727724
8889,0.00019164431432727724
8890,0.001533154514618218
8891,0.0
8892,0.0003832886286545545
8893,0.002874664729461074
8894,0.0
8895,0.000574932899326086
8896,0.0
8897,0.0
8898,0.000766577257309109
8899,0.01820620894432068
8900,0.0
8901,0.00019164431432727724
8902,0.0003832886286545545
8903,0.0
8904,0.008049060590565205
8905,0.015139900147914886
8906,0.0003832886286545545
8907,0.0
8908,0.0
8909,0.0
8910,0.0
8911,0.0003832886286545545
8912,0.3585664927959442
8913,0.0
8914,0.00019164431432727724
8915,0.0003832886286545545
8916,0.07704101502895355
8917,0.0
8918,0.00019164431432727724
8919,0.0
8920,0.003066309029236436
8921,0.02587198093533516
8922,0.0
8923,0.000766577257309109
8924,0.000574932899326086
8925,0.0
8926,0.00019164431432727724
8927,0.00019164431432727724
8928,0.0
8929,0.000958221557084471
8930,0.01360674574971199
8931,0.005174396093934774
8932,0.001341510214842856
8933,0.0003832886286545545
8934,0.0
8935,0.0
8936,0.0
8937,0.000766577257309109
8938,0.611536979675293
8939,0.0
8940,0.0
8941,0.002299731597304344
8942,0.0
8943,0.0
8944,0.0003832886286545545
8945,0.002683020429685712
8946,0.000766577257309109
8947,0.00019164431432727724
8948,0.000574932899326086
8949,0.002491375897079706
8950,0.19221924245357513
8951,0.009198926389217377
8952,0.0003832886286545545
8953,0.000574932899326086
8954,0.0003832886286545545
8955,0.000574932899326086
8956,0.000766577257309109
8957,0.00019164431432727724
8958,0.00019164431432727724
8959,0.0
8960,0.008049060590565205
8961,0.022614028304815292
8962,0.01782292127609253
8963,0.000766577257309109
8964,0.0
8965,0.0003832886286545545
8966,0.32809504866600037
8967,0.0
8968,0.0
8969,0.0003832886286545545
8970,0.000766577257309109
8971,0.15101571381092072
8972,0.0
8973,0.0
8974,0.0
8975,0.0
8976,0.000958221557084471
8977,0.0003832886286545545
8978,0.00019164431432727724
8979,0.0
8980,0.000766577257309109
8981,0.0
8982,0.04369490221142769
8983,0.00019164431432727724
8984,0.000766577257309109
8985,0.0
8986,0.0
8987,0.0
8988,0.0003832886286545545
8989,0.009390571154654026
8990,0.3760061264038086
8991,0.17554618418216705
8992,0.000574932899326086
8993,0.002299731597304344
8994,0.0
8995,0.0
8996,0.000574932899326086
8997,0.0
8998,0.0
8999,0.0003832886286545545
9000,0.0
9001,0.0003832886286545545
9002,0.0
9003,0.000766577257309109
9004,0.0
9005,0.003832886228337884
9006,0.010348792187869549
9007,0.002108087297528982
9008,0.0
9009,0.0
9010,0.012265236116945744
9011,0.0
9012,0.002874664729461074
9013,0.004024530295282602
9014,0.0
9015,0.4204676151275635
9016,0.0
9017,0.0
9018,0.0
9019,0.00019164431432727724
9020,0.001149865798652172
9021,0.0
9022,0.49425068497657776
9023,0.0003832886286545545
9024,0.0
9025,0.001149865798652172
9026,0.004599463194608688
9027,0.0
9028,0.0
9029,0.000958221557084471
9030,0.0003832886286545545
9031,0.000766577257309109
9032,0.007474128156900406
9033,0.000574932899326086
9034,0.0
9035,0.0003832886286545545
9036,0.0
9037,0.00019164431432727724
9038,0.0
9039,0.0
9040,0.0003832886286545545
9041,0.000958221557084471
9042,0.000958221557084471
9043,0.000958221557084471
9044,0.0
9045,0.00019164431432727724
9046,0.000574932899326086
9047,0.000574932899326086
9048,0.00019164431432727724
9049,0.007665772456675768
9050,0.001916443114168942
9051,0.000766577257309109
9052,0.0003832886286545545
9053,0.000574932899326086
9054,0.00019164431432727724
9055,0.000574932899326086
9056,0.008240705356001854
9057,0.0003832886286545545
9058,0.0
9059,0.0
9060,0.0
9061,0.007474128156900406
9062,0.001916443114168942
9063,0.0003832886286545545
9064,0.000958221557084471
9065,0.0003832886286545545
9066,0.0
9067,0.0
9068,0.02299731783568859
9069,0.0
9070,0.006132618058472872
9071,0.0
9072,0.01993100717663765
9073,0.009007282555103302
9074,0.000766577257309109
9075,0.0
9076,0.000766577257309109
9077,0.00344959762878716
9078,0.006324262358248234
9079,0.0003832886286545545
9080,0.002491375897079706
9081,0.0
9082,0.001341510214842856
9083,0.002108087297528982
9084,0.0
9085,0.001916443114168942
9086,0.002299731597304344
9087,0.0
9088,0.0003832886286545545
9089,0.0
9090,0.013223457150161266
9091,0.000766577257309109
9092,0.001341510214842856
9093,0.0
9094,0.009198926389217377
9095,0.0
9096,0.00019164431432727724
9097,0.0
9098,0.002683020429685712
9099,0.00019164431432727724
9100,0.0
9101,0.001149865798652172
9102,0.0003832886286545545
9103,0.041395168751478195
9104,0.002683020429685712
9105,0.004216174595057964
9106,0.0
9107,0.0003832886286545545
9108,0.0
9109,0.00019164431432727724
9110,0.0
9111,0.0
9112,0.0
9113,0.0
9114,0.0
9115,0.000574932899326086
9116,0.003066309029236436
9117,0.02510540373623371
9118,0.00019164431432727724
9119,0.00019164431432727724
9120,0.00019164431432727724
9121,0.0
9122,0.0
9123,0.001341510214842856
9124,0.0
9125,0.08221540600061417
9126,0.0
9127,0.000958221557084471
9128,0.0003832886286545545
9129,0.0
9130,0.000574932899326086
9131,0.0
9132,0.0003832886286545545
9133,0.0
9134,0.0
9135,0.029513223096728325
9136,0.0
9137,0.0
9138,0.0
9139,0.0003832886286545545
9140,0.05346876382827759
9141,0.0003832886286545545
9142,0.0
9143,0.002108087297528982
9144,0.000766577257309109
9145,0.2533537745475769
9146,0.0
9147,0.000958221557084471
9148,0.0003832886286545545
9149,0.0
9150,0.000574932899326086
9151,0.0003832886286545545
9152,0.0
9153,0.0
9154,0.00019164431432727724
9155,0.000574932899326086
9156,0.0
9157,0.0
9158,0.000574932899326086
9159,0.016673054546117783
9160,0.0
9161,0.00019164431432727724
9162,0.0
9163,0.0
9164,0.0
9165,0.001149865798652172
9166,0.0003832886286545545
9167,0.0
9168,0.0594097338616848
9169,0.0
9170,0.0
9171,0.001341510214842856
9172,0.003257953329011798
9173,0.00019164431432727724
9174,0.015906477347016335
9175,0.000766577257309109
9176,0.02299731783568859
9177,0.0
9178,0.000958221557084471
9179,0.0
9180,0.0
9181,0.0
9182,0.0
9183,0.0
9184,0.016673054546117783
9185,0.000766577257309109
9186,0.0
9187,0.0
9188,0.0
9189,0.0
9190,0.0
9191,0.0
9192,0.000574932899326086
9193,0.0
9194,0.00344959762878716
9195,0.0
9196,0.03564584255218506
9197,0.0
9198,0.001149865798652172
9199,0.0
9200,0.000766577257309109
9201,0.0
9202,0.0003832886286545545
9203,0.002683020429685712
9204,0.0
9205,0.000766577257309109
9206,0.0
9207,0.00019164431432727724
9208,0.00019164431432727724
9209,0.0
9210,0.02548869326710701
9211,0.0
9212,0.03104637749493122
9213,0.000766577257309109
9214,0.0
9215,0.000574932899326086
9216,0.0003832886286545545
9217,0.004982751794159412
9218,0.0
9219,0.00019164431432727724
9220,0.0003832886286545545
9221,0.7970486879348755
9222,0.48696818947792053
9223,0.0
9224,0.000574932899326086
9225,0.007665772456675768
9226,0.5459946393966675
9227,0.000574932899326086
9228,0.00019164431432727724
9229,0.000958221557084471
9230,0.0
9231,0.0
9232,0.0003832886286545545
9233,0.0
9234,0.0
9235,0.000766577257309109
9236,0.000574932899326086
9237,0.0
9238,0.00019164431432727724
9239,0.0
9240,0.000958221557084471
9241,0.0
9242,0.000766577257309109
9243,0.012265236116945744
9244,0.5795323848724365
9245,0.000574932899326086
9246,0.00172479881439358
9247,0.001916443114168942
9248,0.0
9249,0.0
9250,0.000958221557084471
9251,0.004599463194608688
9252,0.03487926349043846
9253,0.001916443114168942
9254,0.002683020429685712
9255,0.0
9256,0.0
9257,0.00344959762878716
9258,0.0003832886286545545
9259,0.0
9260,0.0003832886286545545
9261,0.002683020429685712
9262,0.38386353850364685
9263,0.000574932899326086
9264,0.06113453581929207
9265,0.0
9266,0.0003832886286545545
9267,0.004407818894833326
9268,0.0
9269,0.000574932899326086
9270,0.13779225945472717
9271,0.0
9272,0.001341510214842856
9273,0.0
9274,0.0003832886286545545
9275,0.0003832886286545545
9276,0.7397470474243164
9277,0.000958221557084471
9278,0.00344959762878716
9279,0.0
9280,0.001533154514618218
9281,0.000958221557084471
9282,0.0003832886286545545
9283,0.0003832886286545545
9284,0.000958221557084471
9285,0.002299731597304344
9286,0.0
9287,0.007474128156900406
9288,0.009965503588318825
9289,0.0003832886286545545
9290,0.06496742367744446
9291,0.0
9292,0.00019164431432727724
9293,0.0003832886286545545
9294,0.00172479881439358
9295,0.00019164431432727724
9296,0.001341510214842856
9297,0.0003832886286545545
9298,0.0
9299,0.012073591351509094
9300,0.0
9301,0.0003832886286545545
9302,0.003832886228337884
9303,0.002491375897079706
9304,0.0003832886286545545
9305,0.000766577257309109
9306,0.0
9307,0.0003832886286545545
9308,0.001149865798652172
9309,0.0
9310,0.0003832886286545545
9311,0.0
9312,0.000766577257309109
9313,0.000574932899326086
9314,0.004216174595057964
9315,0.0
9316,0.001916443114168942
9317,0.000574932899326086
9318,0.007090839557349682
9319,0.0003832886286545545
9320,0.0003832886286545545
9321,0.0
9322,0.07224990427494049
9323,0.003641241928562522
9324,0.000574932899326086
9325,0.0
9326,0.001341510214842856
9327,0.002491375897079706
9328,0.02759678103029728
9329,0.00019164431432727724
9330,0.000958221557084471
9331,0.10923725366592407
9332,0.000574932899326086
9333,0.0
9334,0.00019164431432727724
9335,0.000574932899326086
9336,0.000574932899326086
9337,0.0003832886286545545
9338,0.0
9339,0.0003832886286545545
9340,0.000766577257309109
9341,0.00019164431432727724
9342,0.000958221557084471
9343,0.000766577257309109
9344,0.005749329458922148
9345,0.0003832886286545545
9346,0.0
9347,0.0
9348,0.000766577257309109
9349,0.6128785014152527
9350,0.0
9351,0.00172479881439358
9352,0.001533154514618218
9353,0.0003832886286545545
9354,0.0003832886286545545
9355,0.0
9356,0.0003832886286545545
9357,0.0
9358,0.0003832886286545545
9359,0.000958221557084471
9360,0.00019164431432727724
9361,0.0
9362,0.00019164431432727724
9363,0.6515906453132629
9364,0.0
9365,0.0003832886286545545
9366,0.0
9367,0.000574932899326086
9368,0.0
9369,0.0003832886286545545
9370,0.0
9371,0.000766577257309109
9372,0.004407818894833326
9373,0.000766577257309109
9374,0.0
9375,0.000958221557084471
9376,0.000766577257309109
9377,0.0
9378,0.004024530295282602
9379,0.0
9380,0.0
9381,0.00019164431432727724
9382,0.2842085063457489
9383,0.00019164431432727724
9384,0.00019164431432727724
9385,0.00019164431432727724
9386,0.0
9387,0.00019164431432727724
9388,0.001533154514618218
9389,0.0
9390,0.0
9391,0.10042161494493484
9392,0.0003832886286545545
9393,0.816979706287384
9394,0.004982751794159412
9395,0.00479110749438405
9396,0.0003832886286545545
9397,0.0
9398,0.000766577257309109
9399,0.00019164431432727724
9400,0.0
9401,0.0
9402,0.08681487292051315
9403,0.0
9404,0.002491375897079706
9405,0.09754694998264313
9406,0.0
9407,0.0
9408,0.0
9409,0.000766577257309109
9410,0.04177846014499664
9411,0.0
9412,0.003641241928562522
9413,0.002491375897079706
9414,0.0003832886286545545
9415,0.0
9416,0.008623993955552578
9417,0.001149865798652172
9418,0.0003832886286545545
9419,0.00019164431432727724
9420,0.000574932899326086
9421,0.0
9422,0.01571483351290226
9423,0.00019164431432727724
9424,0.000958221557084471
9425,0.00172479881439358
9426,0.04216174781322479
9427,0.000766577257309109
9428,0.0
9429,0.00019164431432727724
9430,0.0
9431,0.0003832886286545545
9432,0.001533154514618218
9433,0.000958221557084471
9434,0.005174396093934774
9435,0.00019164431432727724
9436,0.00019164431432727724
9437,0.000574932899326086
9438,0.0
9439,0.24377155303955078
9440,0.0
9441,0.0
9442,0.00019164431432727724
9443,0.00019164431432727724
9444,0.006707550957798958
9445,0.00019164431432727724
9446,0.000574932899326086
9447,0.0
9448,0.0
9449,0.010923725552856922
9450,0.00019164431432727724
9451,0.000766577257309109
9452,0.003066309029236436
9453,0.38520506024360657
9454,0.0
9455,0.001916443114168942
9456,0.0
9457,0.000766577257309109
9458,0.08125718683004379
9459,0.0003832886286545545
9460,0.0
9461,0.000574932899326086
9462,0.0
9463,0.008432349190115929
9464,0.0
9465,0.0
9466,0.005366040859371424
9467,0.0
9468,0.002299731597304344
9469,0.043119970709085464
9470,0.0003832886286545545
9471,0.0
9472,0.015906477347016335
9473,0.0003832886286545545
9474,0.03219624236226082
9475,0.0095822149887681
9476,0.032579533755779266
9477,0.0
9478,0.0003832886286545545
9479,0.005366040859371424
9480,0.0003832886286545545
9481,0.0
9482,0.0
9483,0.0
9484,0.00019164431432727724
9485,0.00785741675645113
9486,0.0
9487,0.0
9488,0.000766577257309109
9489,0.02721349149942398
9490,0.022230740636587143
9491,0.000958221557084471
9492,0.000574932899326086
9493,0.00019164431432727724
9494,0.003257953329011798
9495,0.0003832886286545545
9496,0.0003832886286545545
9497,0.0
9498,0.0
9499,0.0003832886286545545
9500,0.0
9501,0.0
9502,0.0003832886286545545
9503,0.00019164431432727724
9504,0.000958221557084471
9505,0.0003832886286545545
9506,0.000574932899326086
9507,0.002299731597304344
9508,0.0
9509,0.016289766877889633
9510,0.0003832886286545545
9511,0.002874664729461074
9512,0.001916443114168942
9513,0.000766577257309109
9514,0.0
9515,0.00019164431432727724
9516,0.000574932899326086
9517,0.0
9518,0.0
9519,0.032004598528146744
9520,0.0
9521,0.009965503588318825
9522,0.03871215134859085
9523,0.0
9524,0.0
9525,0.10463779419660568
9526,0.0
9527,0.0
9528,0.000766577257309109
9529,0.010923725552856922
9530,0.004024530295282602
9531,0.003257953329011798
9532,0.0
9533,0.0003832886286545545
9534,0.0003832886286545545
9535,0.001341510214842856
9536,0.05576849356293678
9537,0.03353775292634964
9538,0.0
9539,0.00019164431432727724
9540,0.0
9541,0.0
9542,0.0003832886286545545
9543,0.0
9544,0.0003832886286545545
9545,0.0
9546,0.08010732382535934
9547,0.04676121100783348
9548,0.014948256313800812
9549,0.001916443114168942
9550,0.001149865798652172
9551,0.002108087297528982
9552,0.000574932899326086
9553,0.0
9554,0.0003832886286545545
9555,0.0
9556,0.000958221557084471
9557,0.0
9558,0.001916443114168942
9559,0.0
9560,0.35300880670547485
9561,0.16577233374118805
9562,0.001916443114168942
9563,0.00479110749438405
9564,0.07608278840780258
9565,0.0
9566,0.0
9567,0.3487926423549652
9568,0.005749329458922148
9569,0.026638558134436607
9570,0.000958221557084471
9571,0.001341510214842856
9572,0.0
9573,0.0
9574,0.0
9575,0.0
9576,0.00019164431432727724
9577,0.002874664729461074
9578,0.0
9579,0.001149865798652172
9580,0.00019164431432727724
9581,0.001341510214842856
9582,0.003257953329011798
9583,0.0003832886286545545
9584,0.0
9585,0.0
9586,0.0
9587,0.3284783363342285
9588,0.0
9589,0.000958221557084471
9590,0.0
9591,0.0003832886286545545
9592,0.000766577257309109
9593,0.011307014152407646
9594,0.008815637789666653
9595,0.0
9596,0.0
9597,0.0
9598,0.00344959762878716
9599,0.0003832886286545545
9600,0.003641241928562522
9601,0.00019164431432727724
9602,0.0
9603,0.0003832886286545545
9604,0.0003832886286545545
9605,0.00019164431432727724
9606,0.00019164431432727724
9607,0.000574932899326086
9608,0.0
9609,0.0
9610,0.00019164431432727724
9611,0.0
9612,0.0
9613,0.0
9614,0.001341510214842856
9615,0.0
9616,0.000766577257309109
9617,0.0
9618,0.0003832886286545545
9619,0.004216174595057964
9620,0.007474128156900406
9621,0.00019164431432727724
9622,0.0
9623,0.0003832886286545545
9624,0.0003832886286545545
9625,0.000574932899326086
9626,0.0
9627,0.6138367056846619
9628,0.00019164431432727724
9629,0.012648524716496468
9630,0.0003832886286545545
9631,0.010923725552856922
9632,0.0
9633,0.0003832886286545545
9634,0.000958221557084471
9635,0.5329627990722656
9636,0.0003832886286545545
9637,0.0
9638,0.001149865798652172
9639,0.0
9640,0.0003832886286545545
9641,0.0
9642,0.000574932899326086
9643,0.00019164431432727724
9644,0.00019164431432727724
9645,0.0
9646,0.0
9647,0.013990034349262714
9648,0.10578765720129013
9649,0.4405902624130249
9650,0.032579533755779266
9651,0.00172479881439358
9652,0.9517056345939636
9653,0.001533154514618218
9654,0.0003832886286545545
9655,0.0003832886286545545
9656,0.000574932899326086
9657,0.000766577257309109
9658,0.0003832886286545545
9659,0.000766577257309109
9660,0.0
9661,0.000574932899326086
9662,0.0003832886286545545
9663,0.0003832886286545545
9664,0.03392104431986809
9665,0.000574932899326086
9666,0.00019164431432727724
9667,0.08988118171691895
9668,0.008049060590565205
9669,0.0
9670,0.000574932899326086
9671,0.001916443114168942
9672,0.0003832886286545545
9673,0.002299731597304344
9674,0.004024530295282602
9675,0.0
9676,0.0
9677,0.0003832886286545545
9678,0.031238021329045296
9679,0.0003832886286545545
9680,0.001916443114168942
9681,0.0003832886286545545
9682,0.00019164431432727724
9683,0.001533154514618218
9684,0.0
9685,0.000766577257309109
9686,0.004216174595057964
9687,0.0
9688,0.0
9689,0.0003832886286545545
9690,0.032579533755779266
9691,0.0
9692,0.0003832886286545545
9693,0.0
9694,0.0
9695,0.00019164431432727724
9696,0.0
9697,0.0
9698,0.000958221557084471
9699,0.001341510214842856
9700,0.0
9701,0.0
9702,0.0
9703,0.000958221557084471
9704,0.00019164431432727724
9705,0.0
9706,0.0
9707,0.000766577257309109
9708,0.46972018480300903
9709,0.00172479881439358
9710,0.000574932899326086
9711,0.0
9712,0.0003832886286545545
9713,0.002683020429685712
9714,0.0
9715,0.0003832886286545545
9716,0.006132618058472872
9717,0.0003832886286545545
9718,0.000574932899326086
9719,0.012840168550610542
9720,0.0003832886286545545
9721,0.000958221557084471
9722,0.000574932899326086
9723,0.0003832886286545545
9724,0.000574932899326086
9725,0.0003832886286545545
9726,0.0
9727,0.00019164431432727724
9728,0.0
9729,0.000574932899326086
9730,0.00019164431432727724
9731,0.0
9732,0.018397852778434753
9733,0.00019164431432727724
9734,0.00019164431432727724
9735,0.000766577257309109
9736,0.0003832886286545545
9737,0.0
9738,0.043119970709085464
9739,0.0003832886286545545
9740,0.0003832886286545545
9741,0.000766577257309109
9742,0.00019164431432727724
9743,0.00019164431432727724
9744,0.0003832886286545545
9745,0.000574932899326086
9746,0.0
9747,0.11038712412118912
9748,0.0
9749,0.002108087297528982
9750,0.00019164431432727724
9751,0.0
9752,0.0
9753,0.0003832886286545545
9754,0.00019164431432727724
9755,0.0003832886286545545
9756,0.000766577257309109
9757,0.0003832886286545545
9758,0.0
9759,0.0
9760,0.00172479881439358
9761,0.010923725552856922
9762,0.0
9763,0.001341510214842856
9764,0.0
9765,0.00019164431432727724
9766,0.00479110749438405
9767,0.004599463194608688
9768,0.00019164431432727724
9769,0.000574932899326086
9770,0.0
9771,0.000958221557084471
9772,0.0
9773,0.0
9774,0.0003832886286545545
9775,0.000574932899326086
9776,0.000574932899326086
9777,0.000958221557084471
9778,0.0
9779,0.00019164431432727724
9780,0.000766577257309109
9781,0.0
9782,0.037178996950387955
9783,0.00019164431432727724
9784,0.0
9785,0.003832886228337884
9786,0.00019164431432727724
9787,0.00019164431432727724
9788,0.000766577257309109
9789,0.000766577257309109
9790,0.4848600924015045
9791,0.0
9792,0.0
9793,0.016289766877889633
9794,0.0
9795,0.000766577257309109
9796,0.006515906658023596
9797,0.0
9798,0.0003832886286545545
9799,0.0
9800,0.49060943722724915
9801,0.0
9802,0.001533154514618218
9803,0.000766577257309109
9804,0.0003832886286545545
9805,0.0
9806,0.0
9807,0.0003832886286545545
9808,0.001341510214842856
9809,0.001149865798652172
9810,0.0
9811,0.0
9812,0.0
9813,0.001149865798652172
9814,0.000958221557084471
9815,0.039095439016819
9816,0.022805672138929367
9817,0.000574932899326086
9818,0.0003832886286545545
9819,0.0003832886286545545
9820,0.0
9821,0.0003832886286545545
9822,0.0
9823,0.0003832886286545545
9824,0.00019164431432727724
9825,0.0
9826,0.0
9827,0.00785741675645113
9828,0.001341510214842856
9829,0.0
9830,0.0003832886286545545
9831,0.000766577257309109
9832,0.0003832886286545545
9833,0.00019164431432727724
9834,0.0
9835,0.000766577257309109
9836,0.0003832886286545545
9837,0.0
9838,0.0
9839,0.00019164431432727724
9840,0.0
9841,0.0003832886286545545
9842,0.001533154514618218
9843,0.0
9844,0.4262169301509857
9845,0.000766577257309109
9846,0.000574932899326086
9847,0.013223457150161266
9848,0.001533154514618218
9849,0.0
9850,0.0003832886286545545
9851,0.07761594653129578
9852,0.0
9853,0.0
9854,0.0
9855,0.002491375897079706
9856,0.0
9857,0.0
9858,0.001149865798652172
9859,0.00344959762878716
9860,0.00019164431432727724
9861,0.0
9862,0.000574932899326086
9863,0.0
9864,0.0
9865,0.0003832886286545545
9866,0.0003832886286545545
9867,0.000574932899326086
9868,0.0003832886286545545
9869,0.00019164431432727724
9870,0.0003832886286545545
9871,0.0
9872,0.0003832886286545545
9873,0.0
9874,0.0
9875,0.0003832886286545545
9876,0.001149865798652172
9877,0.0
9878,0.0
9879,0.0003832886286545545
9880,0.009007282555103302
9881,0.001916443114168942
9882,0.002299731597304344
9883,0.000574932899326086
9884,0.0
9885,0.00019164431432727724
9886,0.001341510214842856
9887,0.000766577257309109
9888,0.0
9889,0.016673054546117783
9890,0.0
9891,0.006324262358248234
9892,0.0
9893,0.07397470623254776
9894,0.0
9895,0.001149865798652172
9896,0.0
9897,0.0
9898,0.00019164431432727724
9899,0.003257953329011798
9900,0.0003832886286545545
9901,0.0
9902,0.00019164431432727724
9903,0.0
9904,0.0
9905,0.0
9906,0.15005749464035034
9907,0.000574932899326086
9908,0.00019164431432727724
9909,0.0
9910,0.0
9911,0.000574932899326086
9912,0.006707550957798958
9913,0.0
9914,0.006707550957798958
9915,0.006132618058472872
9916,0.0003832886286545545
9917,0.0
9918,0.000958221557084471
9919,0.0003832886286545545
9920,0.0
9921,0.005366040859371424
9922,0.0003832886286545545
9923,0.00019164431432727724
9924,0.0
9925,0.0
9926,0.00172479881439358
9927,0.00019164431432727724
9928,0.0
9929,0.0
9930,0.0003832886286545545
9931,0.20333461463451385
9932,0.000574932899326086
9933,0.0
9934,0.03411268815398216
9935,0.0003832886286545545
9936,0.0
9937,0.0
9938,0.00019164431432727724
9939,0.0
9940,0.00019164431432727724
9941,0.0
9942,0.0
9943,0.38578000664711
9944,0.06400919705629349
9945,0.0
9946,0.0003832886286545545
9947,0.0003832886286545545
9948,0.0
9949,0.003066309029236436
9950,0.000574932899326086
9951,0.0
9952,0.000574932899326086
9953,0.0
9954,0.001341510214842856
9955,0.000574932899326086
9956,0.0
9957,0.0003832886286545545
9958,0.00019164431432727724
9959,0.0
9960,0.0
9961,0.000574932899326086
9962,0.0
9963,0.0
9964,0.000574932899326086
9965,0.000766577257309109
9966,0.0
9967,0.0
9968,0.012648524716496468
9969,0.0
9970,0.0
9971,0.0
9972,0.0
9973,0.001149865798652172
9974,0.001149865798652172
9975,0.0
9976,0.003257953329011798
9977,0.0
9978,0.0
9979,0.00019164431432727724
9980,0.0
9981,0.0
9982,0.0003832886286545545
9983,0.0195477195084095
9984,0.001149865798652172
9985,0.0
9986,0.0
9987,0.0
9988,0.0
9989,0.000958221557084471
9990,0.0
9991,0.0
9992,0.0
9993,0.000574932899326086
9994,0.00479110749438405
9995,0.000766577257309109
9996,0.007665772456675768
9997,0.0
9998,0.0
9999,0.0003832886286545545
10000,0.00019164431432727724
10001,0.0003832886286545545
10002,0.00785741675645113
10003,0.07454963773488998
10004,0.00019164431432727724
10005,0.0003832886286545545
10006,0.0
10007,0.000574932899326086
10008,0.0003832886286545545
10009,0.000766577257309109
10010,0.006132618058472872
10011,0.000574932899326086
10012,0.00019164431432727724
10013,0.0003832886286545545
10014,0.000766577257309109
10015,0.000766577257309109
10016,0.43407437205314636
10017,0.00019164431432727724
10018,0.0003832886286545545
10019,0.000766577257309109
10020,0.026063626632094383
10021,0.001916443114168942
10022,0.8501341342926025
10023,0.000766577257309109
10024,0.0
10025,0.001149865798652172
10026,0.000766577257309109
10027,0.0003832886286545545
10028,0.019739363342523575
10029,0.00019164431432727724
10030,0.0
10031,0.0003832886286545545
10032,0.0
10033,0.00019164431432727724
10034,0.00172479881439358
10035,0.0003832886286545545
10036,0.0
10037,0.0
10038,0.00019164431432727724
10039,0.000574932899326086
10040,0.43714067339897156
10041,0.000766577257309109
10042,0.0003832886286545545
10043,0.0003832886286545545
10044,0.000766577257309109
10045,0.000574932899326086
10046,0.000766577257309109
10047,0.0
10048,0.002108087297528982
10049,0.0003832886286545545
10050,0.000766577257309109
10051,0.002491375897079706
10052,0.00977385975420475
10053,0.0
10054,0.043503258377313614
10055,0.008049060590565205
10056,0.4089689552783966
10057,0.0
10058,0.0003832886286545545
10059,0.0
10060,0.0
10061,0.0003832886286545545
10062,0.000766577257309109
10063,0.000766577257309109
10064,0.08240704983472824
10065,0.0
10066,0.03219624236226082
10067,0.09601379930973053
10068,0.000766577257309109
10069,0.0003832886286545545
10070,0.001149865798652172
10071,0.000574932899326086
10072,0.000958221557084471
10073,0.001149865798652172
10074,0.0
10075,0.0
10076,0.00019164431432727724
10077,0.0
10078,0.011498658917844296
10079,0.0
10080,0.0003832886286545545
10081,0.000574932899326086
10082,0.8944039940834045
10083,0.12974320352077484
10084,0.0
10085,0.07282483577728271
10086,0.000574932899326086
10087,0.0003832886286545545
10088,0.015906477347016335
10089,0.24300497770309448
10090,0.00019164431432727724
10091,0.0
10092,0.000766577257309109
10093,0.0
10094,0.0
10095,0.0
10096,0.0003832886286545545
10097,0.001149865798652172
10098,0.0
10099,0.0
10100,0.0
10101,0.00172479881439358
10102,0.000574932899326086
10103,0.000766577257309109
10104,0.00785741675645113
10105,0.000958221557084471
10106,0.0003832886286545545
10107,0.0
10108,0.0
10109,0.011115370318293571
10110,0.000574932899326086
10111,0.00019164431432727724
10112,0.000766577257309109
10113,0.001149865798652172
10114,0.0
10115,0.03871215134859085
10116,0.0003832886286545545
10117,0.0
10118,0.0
10119,0.002108087297528982
10120,0.00019164431432727724
10121,0.06228439882397652
10122,0.010157148353755474
10123,0.000574932899326086
10124,0.23265619575977325
10125,0.000766577257309109
10126,0.0
10127,0.0
10128,0.01360674574971199
10129,0.19126102328300476
10130,0.026638558134436607
10131,0.001533154514618218
10132,0.001341510214842856
10133,0.00019164431432727724
10134,0.004216174595057964
10135,0.006132618058472872
10136,0.0
10137,0.006324262358248234
10138,0.000958221557084471
10139,0.000766577257309109
10140,0.0003832886286545545
10141,0.000574932899326086
10142,0.0
10143,0.0
10144,0.007090839557349682
10145,0.00019164431432727724
10146,0.010348792187869549
10147,0.0
10148,0.000766577257309109
10149,0.0
10150,0.00019164431432727724
10151,0.0
10152,0.02088923007249832
10153,0.0
10154,0.0
10155,0.0
10156,0.00172479881439358
10157,0.00019164431432727724
10158,0.0
10159,0.00019164431432727724
10160,0.0003832886286545545
10161,0.0
10162,0.00019164431432727724
10163,0.0
10164,0.000574932899326086
10165,0.0
10166,0.0003832886286545545
10167,0.000574932899326086
10168,0.0003832886286545545
10169,0.0003832886286545545
10170,0.16730548441410065
10171,0.001916443114168942
10172,0.002683020429685712
10173,0.00019164431432727724
10174,0.0
10175,0.001533154514618218
10176,0.000958221557084471
10177,0.0
10178,0.32579532265663147
10179,0.8261786103248596
10180,0.0
10181,0.000574932899326086
10182,0.002683020429685712
10183,0.001149865798652172
10184,0.0
10185,0.0
10186,0.0
10187,0.00019164431432727724
10188,0.0003832886286545545
10189,0.0
10190,0.001533154514618218
10191,0.00019164431432727724
10192,0.0
10193,0.0
10194,0.001533154514618218
10195,0.0
10196,0.004599463194608688
10197,0.0
10198,0.000958221557084471
10199,0.0
10200,0.01782292127609253
10201,0.000574932899326086
10202,0.0
10203,0.000574932899326086
10204,0.0
10205,0.000766577257309109
10206,0.000574932899326086
10207,0.3256036937236786
10208,0.006132618058472872
10209,0.017247987911105156
10210,0.001341510214842856
10211,0.0003832886286545545
10212,0.0003832886286545545
10213,0.000958221557084471
10214,0.0
10215,0.0003832886286545545
10216,0.0003832886286545545
10217,0.004216174595057964
10218,0.0
10219,0.00019164431432727724
10220,0.0003832886286545545
10221,0.0
10222,0.0003832886286545545
10223,0.0003832886286545545
10224,0.0
10225,0.0003832886286545545
10226,0.002874664729461074
10227,0.00019164431432727724
10228,0.000766577257309109
10229,0.010732081718742847
10230,0.000958221557084471
10231,0.000766577257309109
10232,0.0
10233,0.001341510214842856
10234,0.3790724277496338
10235,0.0003832886286545545
10236,0.0003832886286545545
10237,0.0003832886286545545
10238,0.0
10239,0.0
10240,0.0
10241,0.00019164431432727724
10242,0.0
10243,0.0
10244,0.002683020429685712
10245,0.0
10246,0.0
10247,0.0
10248,0.018014565110206604
10249,0.004407818894833326
10250,0.0
10251,0.0
10252,0.041395168751478195
10253,0.00019164431432727724
10254,0.0
10255,0.010540436953306198
10256,0.0003832886286545545
10257,0.0
10258,0.06305097788572311
10259,0.0
10260,0.0
10261,0.000766577257309109
10262,0.0
10263,0.0003832886286545545
10264,0.000958221557084471
10265,0.001533154514618218
10266,0.0003832886286545545
10267,0.00019164431432727724
10268,0.0
10269,0.049444232136011124
10270,0.0003832886286545545
10271,0.0
10272,0.001341510214842856
10273,0.0003832886286545545
10274,0.001149865798652172
10275,0.0
10276,0.0003832886286545545
10277,0.0003832886286545545
10278,0.000766577257309109
10279,0.002491375897079706
10280,0.003832886228337884
10281,0.00019164431432727724
10282,0.0
10283,0.001341510214842856
10284,0.003641241928562522
10285,0.016481410712003708
10286,0.0003832886286545545
10287,0.35914143919944763
10288,0.01571483351290226
10289,0.0003832886286545545
10290,0.00019164431432727724
10291,0.003066309029236436
10292,0.0003832886286545545
10293,0.001916443114168942
10294,0.0003832886286545545
10295,0.0
10296,0.00019164431432727724
10297,0.0
10298,0.008240705356001854
10299,0.00019164431432727724
10300,0.0
10301,0.0
10302,0.039287082850933075
10303,0.00344959762878716
10304,0.00689919525757432
10305,0.00019164431432727724
10306,0.0
10307,0.0003832886286545545
10308,0.00019164431432727724
10309,0.0
10310,0.08374856412410736
10311,0.000574932899326086
10312,0.010157148353755474
10313,0.0
10314,0.0
10315,0.00019164431432727724
10316,0.0
10317,0.0
10318,0.004599463194608688
10319,0.002108087297528982
10320,0.004216174595057964
10321,0.0
10322,0.000766577257309109
10323,0.00019164431432727724
10324,0.0
10325,0.002108087297528982
10326,0.002299731597304344
10327,0.003257953329011798
10328,0.0
10329,0.001341510214842856
10330,0.0
10331,0.0
10332,0.0
10333,0.012456879951059818
10334,0.001341510214842856
10335,0.000766577257309109
10336,0.00019164431432727724
10337,0.001341510214842856
10338,0.0
10339,0.001916443114168942
10340,0.0
10341,0.000958221557084471
10342,0.0
10343,0.0
10344,0.0
10345,0.001916443114168942
10346,0.0
10347,0.000574932899326086
10348,0.0003832886286545545
10349,0.016289766877889633
10350,0.00019164431432727724
10351,0.000574932899326086
10352,0.06880030781030655
10353,0.0003832886286545545
10354,0.0
10355,0.0
10356,0.0
10357,0.0
10358,0.0003832886286545545
10359,0.018589498475193977
10360,0.0
10361,0.002108087297528982
10362,0.00019164431432727724
10363,0.0
10364,0.0977385938167572
10365,0.0
10366,0.000766577257309109
10367,0.000574932899326086
10368,0.0
10369,0.0
10370,0.14871598780155182
10371,0.0
10372,0.0
10373,0.5415868163108826
10374,0.0
10375,0.0
10376,0.0
10377,0.0003832886286545545
10378,0.0
10379,0.0003832886286545545
10380,0.000766577257309109
10381,0.000574932899326086
10382,0.00344959762878716
10383,0.00019164431432727724
10384,0.0
10385,0.0003832886286545545
10386,0.1525488644838333
10387,0.0
10388,0.000574932899326086
10389,0.14679953455924988
10390,0.00479110749438405
10391,0.0003832886286545545
10392,0.0
10393,0.000574932899326086
10394,0.00019164431432727724
10395,0.00019164431432727724
10396,0.0003832886286545545
10397,0.009007282555103302
10398,0.000574932899326086
10399,0.000574932899326086
10400,0.0
10401,0.0003832886286545545
10402,0.004982751794159412
10403,0.0
10404,0.0
10405,0.0
10406,0.0003832886286545545
10407,0.000958221557084471
10408,0.0003832886286545545
10409,0.0
10410,0.001149865798652172
10411,0.00977385975420475
10412,0.0003832886286545545
10413,0.0003832886286545545
10414,0.5845151543617249
10415,0.03679570555686951
10416,0.00019164431432727724
10417,0.0
10418,0.001341510214842856
10419,0.0
10420,0.15772326290607452
10421,0.00019164431432727724
10422,0.000766577257309109
10423,0.010348792187869549
10424,0.0
10425,0.00019164431432727724
10426,0.0003832886286545545
10427,0.017631275579333305
10428,0.0003832886286545545
10429,0.0003832886286545545
10430,0.039670370519161224
10431,0.00019164431432727724
10432,0.0
10433,0.0003832886286545545
10434,0.0003832886286545545
10435,0.0
10436,0.0
10437,0.0
10438,0.00019164431432727724
10439,0.0003832886286545545
10440,0.0
10441,0.5429283380508423
10442,0.0
10443,0.00479110749438405
10444,0.0
10445,0.0691835954785347
10446,0.000574932899326086
10447,0.001916443114168942
10448,0.005366040859371424
10449,0.00344959762878716
10450,0.0003832886286545545
10451,0.0
10452,0.000958221557084471
10453,0.001341510214842856
10454,0.000958221557084471
10455,0.001149865798652172
10456,0.000766577257309109
10457,0.0
10458,0.0
10459,0.0
10460,0.000958221557084471
10461,0.001533154514618218
10462,0.00019164431432727724
10463,0.003257953329011798
10464,0.00019164431432727724
10465,0.0
10466,0.0003832886286545545
10467,0.000574932899326086
10468,0.001916443114168942
10469,0.0
10470,0.0
10471,0.000574932899326086
10472,0.0
10473,0.000574932899326086
10474,0.0
10475,0.0
10476,0.003641241928562522
10477,0.04043694958090782
10478,0.006132618058472872
10479,0.000958221557084471
10480,0.0
10481,0.0
10482,0.001533154514618218
10483,0.0003832886286545545
10484,0.00019164431432727724
10485,0.0
10486,0.0
10487,0.0003832886286545545
10488,0.0
10489,0.0
10490,0.001149865798652172
10491,0.000574932899326086
10492,0.0
10493,0.09831353276968002
10494,0.09601379930973053
10495,0.0
10496,0.000766577257309109
10497,0.0
10498,0.0003832886286545545
10499,0.0
10500,0.0003832886286545545
10501,0.04043694958090782
10502,0.04216174781322479
10503,0.0003832886286545545
10504,0.00019164431432727724
10505,0.00689919525757432
10506,0.0003832886286545545
10507,0.000574932899326086
10508,0.0
10509,0.0003832886286545545
10510,0.000574932899326086
10511,0.0
10512,0.0
10513,0.46071290969848633
10514,0.003066309029236436
10515,0.000766577257309109
10516,0.0
10517,0.000766577257309109
10518,0.001533154514618218
10519,0.0
10520,0.000574932899326086
10521,0.0
10522,0.001341510214842856
10523,0.0
10524,0.000766577257309109
10525,0.001533154514618218
10526,0.0003832886286545545
10527,0.000766577257309109
10528,0.00019164431432727724
10529,0.00019164431432727724
10530,0.0
10531,0.2901494801044464
10532,0.000574932899326086
10533,0.001533154514618218
10534,0.0003832886286545545
10535,0.00019164431432727724
10536,0.0
10537,0.0
10538,0.00019164431432727724
10539,0.0
10540,0.03698735311627388
10541,0.0
10542,0.00019164431432727724
10543,0.00019164431432727724
10544,0.0
10545,0.00019164431432727724
10546,0.0
10547,0.000574932899326086
10548,0.00019164431432727724
10549,0.001149865798652172
10550,0.0
10551,0.00019164431432727724
10552,0.0003832886286545545
10553,0.001149865798652172
10554,0.004216174595057964
10555,0.003832886228337884
10556,0.2098505198955536
10557,0.000766577257309109
10558,0.000766577257309109
10559,0.000958221557084471
10560,0.0
10561,0.0095822149887681
10562,0.00172479881439358
10563,0.014373322948813438
10564,0.0
10565,0.00172479881439358
10566,0.0
10567,0.0003832886286545545
10568,0.0
10569,0.001149865798652172
10570,0.0
10571,0.001533154514618218
10572,0.002874664729461074
10573,0.0
10574,0.0003832886286545545
10575,0.003832886228337884
10576,0.00172479881439358
10577,0.19509389996528625
10578,0.002683020429685712
10579,0.001916443114168942
10580,0.0003832886286545545
10581,0.000766577257309109
10582,0.000574932899326086
10583,0.0003832886286545545
10584,0.0
10585,0.0
10586,0.16826370358467102
10587,0.04637792333960533
10588,0.0
10589,0.001341510214842856
10590,0.000574932899326086
10591,0.21866615116596222
10592,0.00019164431432727724
10593,0.0
10594,0.00019164431432727724
10595,0.00019164431432727724
10596,0.0191644299775362
10597,0.09754694998264313
10598,0.0003832886286545545
10599,0.001149865798652172
10600,0.005749329458922148
10601,0.00019164431432727724
10602,0.0003832886286545545
10603,0.00594097375869751
10604,0.0003832886286545545
10605,0.0003832886286545545
10606,0.002108087297528982
10607,0.0
10608,0.0
10609,0.000574932899326086
10610,0.0003832886286545545
10611,0.001149865798652172
10612,0.5072824954986572
10613,0.00172479881439358
10614,0.0
10615,0.0
10616,0.0
10617,0.000574932899326086
10618,0.0
10619,0.002683020429685712
10620,0.5143733024597168
10621,0.00019164431432727724
10622,0.001533154514618218
10623,0.0
10624,0.00019164431432727724
10625,0.00019164431432727724
10626,0.0003832886286545545
10627,0.0
10628,0.001341510214842856
10629,0.000574932899326086
10630,0.0
10631,0.0
10632,0.0
10633,0.0003832886286545545
10634,0.00019164431432727724
10635,0.000574932899326086
10636,0.001149865798652172
10637,0.0
10638,0.0
10639,0.000574932899326086
10640,0.0
10641,0.00019164431432727724
10642,0.001149865798652172
10643,0.0
10644,0.04848600924015045
10645,0.0
10646,0.04580298811197281
10647,0.0
10648,0.00019164431432727724
10649,0.000574932899326086
10650,0.0003832886286545545
10651,0.000574932899326086
10652,0.0003832886286545545
10653,0.0
10654,0.0
10655,0.0
10656,0.000574932899326086
10657,0.0
10658,0.002299731597304344
10659,0.00019164431432727724
10660,0.0
10661,0.000766577257309109
10662,0.0
10663,0.0095822149887681
10664,0.0003832886286545545
10665,0.0003832886286545545
10666,0.012456879951059818
10667,0.0
10668,0.000574932899326086
10669,0.0
10670,0.0003832886286545545
10671,0.0
10672,0.014756611548364162
10673,0.000574932899326086
10674,0.003832886228337884
10675,0.0003832886286545545
10676,0.00019164431432727724
10677,0.02376389503479004
10678,0.000574932899326086
10679,0.0
10680,0.00785741675645113
10681,0.00019164431432727724
10682,0.002683020429685712
10683,0.000766577257309109
10684,0.0003832886286545545
10685,0.0003832886286545545
10686,0.0
10687,0.0
10688,0.0
10689,0.0
10690,0.0003832886286545545
10691,0.0
10692,0.000958221557084471
10693,0.003832886228337884
10694,0.00172479881439358
10695,0.0
10696,0.00019164431432727724
10697,0.0
10698,0.0
10699,0.003257953329011798
10700,0.000574932899326086
10701,0.0003832886286545545
10702,0.002683020429685712
10703,0.0
10704,0.000574932899326086
10705,0.0
10706,0.00344959762878716
10707,0.0
10708,0.0003832886286545545
10709,0.0
10710,0.000766577257309109
10711,0.00019164431432727724
10712,0.0
10713,0.000766577257309109
10714,0.0003832886286545545
10715,0.003066309029236436
10716,0.000766577257309109
10717,0.000958221557084471
10718,0.005557685159146786
10719,0.0
10720,0.0003832886286545545
10721,0.0
10722,0.0
10723,0.0
10724,0.0
10725,0.002491375897079706
10726,0.0
10727,0.0
10728,0.0
10729,0.005174396093934774
10730,0.0
10731,0.00019164431432727724
10732,0.001149865798652172
10733,0.0
10734,0.00172479881439358
10735,0.0
10736,0.00019164431432727724
10737,0.00019164431432727724
10738,0.0
10739,0.00019164431432727724
10740,0.010348792187869549
10741,0.003066309029236436
10742,0.0
10743,0.00019164431432727724
10744,0.000574932899326086
10745,0.00019164431432727724
10746,0.06343426555395126
10747,0.0003832886286545545
10748,0.0
10749,0.001149865798652172
10750,0.2577615976333618
10751,0.0
10752,0.0003832886286545545
10753,0.03430433198809624
10754,0.00019164431432727724
10755,0.0003832886286545545
10756,0.0
10757,0.000958221557084471
10758,0.00019164431432727724
10759,0.0
10760,0.000574932899326086
10761,0.000574932899326086
10762,0.0003832886286545545
10763,0.000958221557084471
10764,0.000766577257309109
10765,0.0
10766,0.0095822149887681
10767,0.000574932899326086
10768,0.0
10769,0.000574932899326086
10770,0.001149865798652172
10771,0.0003832886286545545
10772,0.0
10773,0.0003832886286545545
10774,0.03564584255218506
10775,0.33269453048706055
10776,0.00019164431432727724
10777,0.0
10778,0.0
10779,0.0003832886286545545
10780,0.0003832886286545545
10781,0.0003832886286545545
10782,0.00344959762878716
10783,0.00172479881439358
10784,0.0
10785,0.0
10786,0.000574932899326086
10787,0.0
10788,0.0003832886286545545
10789,0.0
10790,0.00019164431432727724
10791,0.000574932899326086
10792,0.0
10793,0.00019164431432727724
10794,0.0
10795,0.22058260440826416
10796,0.0
10797,0.10942889750003815
10798,0.0
10799,0.0
10800,0.0
10801,0.0
10802,0.0
10803,0.00019164431432727724
10804,0.0
10805,0.0
10806,0.000766577257309109
10807,0.00019164431432727724
10808,0.0
10809,0.000958221557084471
10810,0.000958221557084471
10811,0.0
10812,0.0003832886286545545
10813,0.000766577257309109
10814,0.0
10815,0.041395168751478195
10816,0.0
10817,0.005174396093934774
10818,0.0
10819,0.015331544913351536
10820,0.0
10821,0.0003832886286545545
10822,0.0
10823,0.000766577257309109
10824,0.0003832886286545545
10825,0.0
10826,0.000574932899326086
10827,0.000574932899326086
10828,0.0
10829,0.0003832886286545545
10830,0.09965503960847855
10831,0.022230740636587143
10832,0.0
10833,0.000574932899326086
10834,0.000766577257309109
10835,0.006707550957798958
10836,0.000958221557084471
10837,0.0003832886286545545
10838,0.0
10839,0.6998850107192993
10840,0.0
10841,0.0
10842,0.011115370318293571
10843,0.0003832886286545545
10844,0.08585665374994278
10845,0.0
10846,0.0
10847,0.0
10848,0.06075124442577362
10849,0.0
10850,0.008815637789666653
10851,0.0
10852,0.0481027215719223
10853,0.001149865798652172
10854,0.04005366191267967
10855,0.0003832886286545545
10856,0.00019164431432727724
10857,0.0
10858,0.0003832886286545545
10859,0.0
10860,0.0
10861,0.0003832886286545545
10862,0.0
10863,0.002108087297528982
10864,0.000958221557084471
10865,0.002299731597304344
10866,0.0
10867,0.01169030275195837
10868,0.0
10869,0.0
10870,0.000766577257309109
10871,0.003641241928562522
10872,0.0
10873,0.0
10874,0.001341510214842856
10875,0.000574932899326086
10876,0.000958221557084471
10877,0.0
10878,0.0
10879,0.0
10880,0.005557685159146786
10881,0.05021080747246742
10882,0.001533154514618218
10883,0.000766577257309109
10884,0.00019164431432727724
10885,0.00019164431432727724
10886,0.004024530295282602
10887,0.00019164431432727724
10888,0.00019164431432727724
10889,0.000574932899326086
10890,0.0
10891,0.0
10892,0.0
10893,0.0
10894,0.0
10895,0.0
10896,0.00019164431432727724
10897,0.0
10898,0.009007282555103302
10899,0.00019164431432727724
10900,0.078190878033638
10901,0.0003832886286545545
10902,0.0
10903,0.0
10904,0.0
10905,0.028746645897626877
10906,0.003832886228337884
10907,0.0
10908,0.0
10909,0.0
10910,0.0
10911,0.0
10912,0.0
10913,0.001149865798652172
10914,0.002108087297528982
10915,0.002299731597304344
10916,0.0
10917,0.0
10918,0.0
10919,0.0
10920,0.005749329458922148
10921,0.0
10922,0.0
10923,0.7152165770530701
10924,0.00019164431432727724
10925,0.0003832886286545545
10926,0.000766577257309109
10927,0.000958221557084471
10928,0.0
10929,0.0
10930,0.00019164431432727724
10931,0.0
10932,0.0003832886286545545
10933,0.004407818894833326
10934,0.00019164431432727724
10935,0.0003832886286545545
10936,0.06803373247385025
10937,0.0003832886286545545
10938,0.0
10939,0.003066309029236436
10940,0.0003832886286545545
10941,0.0
10942,0.0
10943,0.000574932899326086
10944,0.000574932899326086
10945,0.001149865798652172
10946,0.0
10947,0.0003832886286545545
10948,0.000574932899326086
10949,0.0
10950,0.003641241928562522
10951,0.000574932899326086
10952,0.0003832886286545545
10953,0.0
10954,0.000574932899326086
10955,0.0
10956,0.002299731597304344
10957,0.0
10958,0.0003832886286545545
10959,0.0003832886286545545
10960,0.0
10961,0.0003832886286545545
10962,0.001533154514618218
10963,0.0
10964,0.6379839181900024
10965,0.10502108186483383
10966,0.0003832886286545545
10967,0.0
10968,0.0003832886286545545
10969,0.004024530295282602
10970,0.002491375897079706
10971,0.001533154514618218
10972,0.000574932899326086
10973,0.000958221557084471
10974,0.000958221557084471
10975,0.000574932899326086
10976,0.0003832886286545545
10977,0.0003832886286545545
10978,0.010732081718742847
10979,0.0003832886286545545
10980,0.00019164431432727724
10981,0.0
10982,0.0
10983,0.000766577257309109
10984,0.002108087297528982
10985,0.0
10986,0.0
10987,0.000574932899326086
10988,0.000766577257309109
10989,0.0
10990,0.004216174595057964
10991,0.0
10992,0.0
10993,0.005749329458922148
10994,0.001149865798652172
10995,0.000958221557084471
10996,0.00172479881439358
10997,0.000574932899326086
10998,0.0
10999,0.0
11000,0.007665772456675768
11001,0.0
11002,0.2330394834280014
11003,0.00019164431432727724
11004,0.004599463194608688
11005,0.0
11006,0.0
11007,0.0
11008,0.22039096057415009
11009,0.0
11010,0.0
11011,0.0
11012,0.001149865798652172
11013,0.001533154514618218
11014,0.0
11015,0.006707550957798958
11016,0.000574932899326086
11017,0.00019164431432727724
11018,0.00019164431432727724
11019,0.02759678103029728
11020,0.0
11021,0.00689919525757432
11022,0.000574932899326086
11023,0.001916443114168942
11024,0.0003832886286545545
11025,0.010348792187869549
11026,0.0
11027,0.0
11028,0.000574932899326086
11029,0.006707550957798958
11030,0.0003832886286545545
11031,0.0
11032,0.0
11033,0.0
11034,0.0003832886286545545
11035,0.00019164431432727724
11036,0.005749329458922148
11037,0.01169030275195837
11038,0.000958221557084471
11039,0.0
11040,0.000766577257309109
11041,0.0
11042,0.001149865798652172
11043,0.000958221557084471
11044,0.001341510214842856
11045,0.009198926389217377
11046,0.000766577257309109
11047,0.0
11048,0.000574932899326086
11049,0.0
11050,0.001533154514618218
11051,0.001341510214842856
11052,0.0
11053,0.0
11054,0.00019164431432727724
11055,0.000958221557084471
11056,0.0
11057,0.04082023724913597
11058,0.0
11059,0.1000383272767067
11060,0.0
11061,0.0003832886286545545
11062,0.03315446525812149
11063,0.0
11064,0.002874664729461074
11065,0.0003832886286545545
11066,0.0003832886286545545
11067,0.001341510214842856
11068,0.00019164431432727724
11069,0.0
11070,0.0
11071,0.0
11072,0.0
11073,0.000958221557084471
11074,0.000766577257309109
11075,0.000574932899326086
11076,0.6832119822502136
11077,0.00019164431432727724
11078,0.0003832886286545545
11079,0.00019164431432727724
11080,0.000574932899326086
11081,0.0003832886286545545
11082,0.0003832886286545545
11083,0.0
11084,0.0
11085,0.0003832886286545545
11086,0.0
11087,0.000574932899326086
11088,0.001149865798652172
11089,0.004982751794159412
11090,0.0
11091,0.031621310859918594
11092,0.0
11093,0.000766577257309109
11094,0.0003832886286545545
11095,0.0
11096,0.16481409966945648
11097,0.0
11098,0.001916443114168942
11099,0.018589498475193977
11100,0.0
11101,0.0
11102,0.0
11103,0.7357224822044373
11104,0.000766577257309109
11105,0.000958221557084471
11106,0.0
11107,0.0
11108,0.0
11109,0.0
11110,0.005174396093934774
11111,0.0
11112,0.000766577257309109
11113,0.000958221557084471
11114,0.000574932899326086
11115,0.0
11116,0.0
11117,0.006515906658023596
11118,0.0003832886286545545
11119,0.0
11120,0.0003832886286545545
11121,0.00019164431432727724
11122,0.00019164431432727724
11123,0.0
11124,0.010923725552856922
11125,0.0
11126,0.000958221557084471
11127,0.0003832886286545545
11128,0.1617477983236313
11129,0.000766577257309109
11130,0.0003832886286545545
11131,0.000958221557084471
11132,0.0
11133,0.005366040859371424
11134,0.0586431585252285
11135,0.00019164431432727724
11136,0.0
11137,0.001533154514618218
11138,0.002683020429685712
11139,0.001341510214842856
11140,0.00019164431432727724
11141,0.0
11142,0.0
11143,0.0
11144,0.000574932899326086
11145,0.0
11146,0.001916443114168942
11147,0.0
11148,0.002683020429685712
11149,0.001916443114168942
11150,0.0
11151,0.0
11152,0.005749329458922148
11153,0.06707550585269928
11154,0.0003832886286545545
11155,0.0
11156,0.0
11157,0.00019164431432727724
11158,0.0003832886286545545
11159,0.0
11160,0.0
11161,0.00172479881439358
11162,0.000574932899326086
11163,0.5256803631782532
11164,0.007474128156900406
11165,0.001533154514618218
11166,0.0
11167,0.069950170814991
11168,0.029896512627601624
11169,0.0
11170,0.00019164431432727724
11171,0.0
11172,0.0
11173,0.001149865798652172
11174,0.0
11175,0.0
11176,0.003832886228337884
11177,0.0
11178,0.0003832886286545545
11179,0.00019164431432727724
11180,0.00019164431432727724
11181,0.001149865798652172
11182,0.0003832886286545545
11183,0.00019164431432727724
11184,0.009007282555103302
11185,0.000574932899326086
11186,0.0
11187,0.011115370318293571
11188,0.0
11189,0.0
11190,0.000574932899326086
11191,0.002108087297528982
11192,0.5917976498603821
11193,0.000574932899326086
11194,0.0
11195,0.0003832886286545545
11196,0.001149865798652172
11197,0.0003832886286545545
11198,0.002874664729461074
11199,0.0003832886286545545
11200,0.0
11201,0.0
11202,0.0
11203,0.000766577257309109
11204,0.05576849356293678
11205,0.000766577257309109
11206,0.0
11207,0.0
11208,0.000574932899326086
11209,0.002108087297528982
11210,0.0
11211,0.0
11212,0.004216174595057964
11213,0.0
11214,0.0
11215,0.0
11216,0.0
11217,0.000574932899326086
11218,0.0
11219,0.00019164431432727724
11220,0.0
11221,0.0
11222,0.0
11223,0.21483327448368073
11224,0.0
11225,0.0
11226,0.0
11227,0.0
11228,0.00019164431432727724
11229,0.000574932899326086
11230,0.0
11231,0.00977385975420475
11232,0.008623993955552578
11233,0.0
11234,0.000958221557084471
11235,0.001916443114168942
11236,0.001341510214842856
11237,0.00019164431432727724
11238,0.000766577257309109
11239,0.0
11240,0.00019164431432727724
11241,0.000766577257309109
11242,0.0
11243,0.0
11244,0.04925258830189705
11245,0.000766577257309109
11246,0.0
11247,0.000958221557084471
11248,0.00019164431432727724
11249,0.1165197417140007
11250,0.001916443114168942
11251,0.0
11252,0.0
11253,0.00019164431432727724
11254,0.00019164431432727724
11255,0.0
11256,0.0
11257,0.001149865798652172
11258,0.000766577257309109
11259,0.006132618058472872
11260,0.000574932899326086
11261,0.01360674574971199
11262,0.0
11263,0.0
11264,0.000958221557084471
11265,0.0
11266,0.004599463194608688
11267,0.001533154514618218
11268,0.0
11269,0.0
11270,0.0
11271,0.0003832886286545545
11272,0.000766577257309109
11273,0.0003832886286545545
11274,0.0
11275,0.01379839051514864
11276,0.0
11277,0.000766577257309109
11278,0.0
11279,0.0
11280,0.002299731597304344
11281,0.002491375897079706
11282,0.0
11283,0.001149865798652172
11284,0.0
11285,0.125527024269104
11286,0.00019164431432727724
11287,0.000958221557084471
11288,0.001341510214842856
11289,0.00019164431432727724
11290,0.05423533916473389
11291,0.0
11292,0.009198926389217377
11293,0.001533154514618218
11294,0.00019164431432727724
11295,0.0003832886286545545
11296,0.000574932899326086
11297,0.0
11298,0.09122268855571747
11299,0.000574932899326086
11300,0.0
11301,0.00019164431432727724
11302,0.000574932899326086
11303,0.0
11304,0.00019164431432727724
11305,0.010540436953306198
11306,0.0003832886286545545
11307,0.0003832886286545545
11308,0.0003832886286545545
11309,0.0
11310,0.00019164431432727724
11311,0.001341510214842856
11312,0.002108087297528982
11313,0.0
11314,0.00019164431432727724
11315,0.0003832886286545545
11316,0.0
11317,0.3367190361022949
11318,0.002299731597304344
11319,0.0003832886286545545
11320,0.0
11321,0.03602913022041321
11322,0.000574932899326086
11323,0.0
11324,0.00019164431432727724
11325,0.19202759861946106
11326,0.0
11327,0.0003832886286545545
11328,0.00019164431432727724
11329,0.0003832886286545545
11330,0.0
11331,0.0003832886286545545
11332,0.0
11333,0.0
11334,0.07934074103832245
11335,0.0
11336,0.00019164431432727724
11337,0.0
11338,0.000766577257309109
11339,0.0003832886286545545
11340,0.0
11341,0.010732081718742847
11342,0.001341510214842856
11343,0.0003832886286545545
11344,0.00019164431432727724
11345,0.000574932899326086
11346,0.0
11347,0.0
11348,0.0003832886286545545
11349,0.0003832886286545545
11350,0.0
11351,0.000958221557084471
11352,0.002874664729461074
11353,0.0003832886286545545
11354,0.3947872817516327
11355,0.0
11356,0.00019164431432727724
11357,0.014756611548364162
11358,0.000766577257309109
11359,0.0
11360,0.0003832886286545545
11361,0.00172479881439358
11362,0.0
11363,0.002683020429685712
11364,0.00019164431432727724
11365,0.0
11366,0.0
11367,0.000958221557084471
11368,0.012073591351509094
11369,0.022614028304815292
11370,0.0003832886286545545
11371,0.0
11372,0.000574932899326086
11373,0.00019164431432727724
11374,0.0
11375,0.0
11376,0.0003832886286545545
11377,0.0
11378,0.0
11379,0.0
11380,0.000766577257309109
11381,0.002874664729461074
11382,0.000766577257309109
11383,0.000574932899326086
11384,0.0
11385,0.0003832886286545545
11386,0.0
11387,0.001341510214842856
11388,0.00019164431432727724
11389,0.0
11390,0.0
11391,0.00019164431432727724
11392,0.00479110749438405
11393,0.000766577257309109
11394,0.0
11395,0.23208126425743103
11396,0.0
11397,0.023572249338030815
11398,0.0003832886286545545
11399,0.0003832886286545545
11400,0.006707550957798958
11401,0.0
11402,0.0
11403,0.00019164431432727724
11404,0.013031813316047192
11405,0.000766577257309109
11406,0.0
11407,0.0
11408,0.0
11409,0.000574932899326086
11410,0.0
11411,0.000958221557084471
11412,0.0003832886286545545
11413,0.15963971614837646
11414,0.10636258870363235
11415,0.2644691467285156
11416,0.0
11417,0.001533154514618218
11418,0.00019164431432727724
11419,0.0
11420,0.0003832886286545545
11421,0.000574932899326086
11422,0.0
11423,0.0003832886286545545
11424,0.0
11425,0.0003832886286545545
11426,0.0
11427,0.0
11428,0.0003832886286545545
11429,0.00019164431432727724
11430,0.00019164431432727724
11431,0.0
11432,0.0
11433,0.0
11434,0.0
11435,0.0
11436,0.0003832886286545545
11437,0.000958221557084471
11438,0.0
11439,0.001341510214842856
11440,0.0003832886286545545
11441,0.005749329458922148
11442,0.00172479881439358
11443,0.00019164431432727724
11444,0.0
11445,0.0
11446,0.0
11447,0.7244154810905457
11448,0.029513223096728325
11449,0.000766577257309109
11450,0.0
11451,0.001341510214842856
11452,0.000958221557084471
11453,0.000766577257309109
11454,0.0003832886286545545
11455,0.000766577257309109
11456,0.00344959762878716
11457,0.009198926389217377
11458,0.0
11459,0.001533154514618218
11460,0.0
11461,0.0
11462,0.001149865798652172
11463,0.001149865798652172
11464,0.000766577257309109
11465,0.001149865798652172
11466,0.0
11467,0.0003832886286545545
11468,0.002108087297528982
11469,0.0
11470,0.0
11471,0.004982751794159412
11472,0.3901877999305725
11473,0.01379839051514864
11474,0.0003832886286545545
11475,0.00785741675645113
11476,0.11441165208816528
11477,0.000574932899326086
11478,0.0
11479,0.0
11480,0.00019164431432727724
11481,0.008432349190115929
11482,0.0
11483,0.000766577257309109
11484,0.00019164431432727724
11485,0.0
11486,0.10099655389785767
11487,0.002683020429685712
11488,0.000574932899326086
11489,0.0
11490,0.00019164431432727724
11491,0.0003832886286545545
11492,0.0
11493,0.000574932899326086
11494,0.0
11495,0.005557685159146786
11496,0.0003832886286545545
11497,0.005557685159146786
11498,0.0
11499,0.0
11500,0.5471444725990295
11501,0.0
11502,0.00019164431432727724
11503,0.010348792187869549
11504,0.00019164431432727724
11505,0.0
11506,0.0
11507,0.0
11508,0.00019164431432727724
11509,0.39823687076568604
11510,0.000958221557084471
11511,0.04043694958090782
11512,0.0
11513,0.00019164431432727724
11514,0.0
11515,0.0
11516,0.02338060550391674
11517,0.0
11518,0.009198926389217377
11519,0.01188194751739502
11520,0.0
11521,0.0003832886286545545
11522,0.0
11523,0.013031813316047192
11524,0.0
11525,0.0
11526,0.00019164431432727724
11527,0.0
11528,0.0
11529,0.0
11530,0.016481410712003708
11531,0.0003832886286545545
11532,0.0
11533,0.001341510214842856
11534,0.00019164431432727724
11535,0.000958221557084471
11536,0.0
11537,0.00019164431432727724
11538,0.00019164431432727724
11539,0.0
11540,0.000574932899326086
11541,0.0003832886286545545
11542,0.0
11543,0.000574932899326086
11544,0.0003832886286545545
11545,0.005557685159146786
11546,0.002683020429685712
11547,0.001916443114168942
11548,0.06477577984333038
11549,0.001149865798652172
11550,0.0003832886286545545
11551,0.0
11552,0.0
11553,0.01705634407699108
11554,0.0
11555,0.0
11556,0.002491375897079706
11557,0.00019164431432727724
11558,0.012840168550610542
11559,0.000574932899326086
11560,0.001149865798652172
11561,0.00344959762878716
11562,0.00479110749438405
11563,0.000574932899326086
11564,0.0003832886286545545
11565,0.0
11566,0.0
11567,0.0
11568,0.0
11569,0.0
11570,0.016481410712003708
11571,0.0003832886286545545
11572,0.00019164431432727724
11573,0.00479110749438405
11574,0.00344959762878716
11575,0.001341510214842856
11576,0.000766577257309109
11577,0.28976619243621826
11578,0.0
11579,0.0
11580,0.002683020429685712
11581,0.0
11582,0.005174396093934774
11583,0.000766577257309109
11584,0.000958221557084471
11585,0.0
11586,0.01188194751739502
11587,0.000574932899326086
11588,0.00019164431432727724
11589,0.000958221557084471
11590,0.0
11591,0.0
11592,0.0
11593,0.0
11594,0.000766577257309109
11595,0.0003832886286545545
11596,0.024530472233891487
11597,0.0
11598,0.0
11599,0.022614028304815292
11600,0.0003832886286545545
11601,0.007282483857125044
11602,0.001341510214842856
11603,0.0003832886286545545
11604,0.0003832886286545545
11605,0.0
11606,0.00019164431432727724
11607,0.0
11608,0.0
11609,0.0
11610,0.00019164431432727724
11611,0.000958221557084471
11612,0.0003832886286545545
11613,0.0
11614,0.001149865798652172
11615,0.007090839557349682
11616,0.05596013739705086
11617,0.000766577257309109
11618,0.001149865798652172
11619,0.0
11620,0.018014565110206604
11621,0.0003832886286545545
11622,0.0
11623,0.0003832886286545545
11624,0.0
11625,0.000574932899326086
11626,0.000574932899326086
11627,0.000766577257309109
11628,0.0
11629,0.00019164431432727724
11630,0.0003832886286545545
11631,0.0
11632,0.0
11633,0.001149865798652172
11634,0.003066309029236436
11635,0.0
11636,0.001149865798652172
11637,0.021847451105713844
11638,0.21617478132247925
11639,0.001149865798652172
11640,0.001916443114168942
11641,0.007665772456675768
11642,0.22039096057415009
11643,0.0
11644,0.0003832886286545545
11645,0.000574932899326086
11646,0.00172479881439358
11647,0.000958221557084471
11648,0.0
11649,0.010348792187869549
11650,0.2224990427494049
11651,0.0003832886286545545
11652,0.2113836705684662
11653,0.000766577257309109
11654,0.00594097375869751
11655,0.000574932899326086
11656,0.001341510214842856
11657,0.002108087297528982
11658,0.0003832886286545545
11659,0.0
11660,0.000574932899326086
11661,0.000766577257309109
11662,0.17018014192581177
11663,0.07090839743614197
11664,0.001341510214842856
11665,0.011498658917844296
11666,0.000958221557084471
11667,0.05059409886598587
11668,0.000574932899326086
11669,0.001533154514618218
11670,0.000958221557084471
11671,0.0003832886286545545
11672,0.10329627990722656
11673,0.0
11674,0.008240705356001854
11675,0.0003832886286545545
11676,0.0
11677,0.00019164431432727724
11678,0.00019164431432727724
11679,0.001916443114168942
11680,0.0003832886286545545
11681,0.000766577257309109
11682,0.0
11683,0.0
11684,0.00977385975420475
11685,0.0
11686,0.0003832886286545545
11687,0.0
11688,0.000574932899326086
11689,0.000958221557084471
11690,0.0
11691,0.00019164431432727724
11692,0.0003832886286545545
11693,0.000574932899326086
11694,0.000574932899326086
11695,0.0003832886286545545
11696,0.000574932899326086
11697,0.00019164431432727724
11698,0.001149865798652172
11699,0.001149865798652172
11700,0.01379839051514864
11701,0.000574932899326086
11702,0.0
11703,0.000574932899326086
11704,0.0003832886286545545
11705,0.0003832886286545545
11706,0.0
11707,0.00019164431432727724
11708,0.0
11709,0.0
11710,0.0
11711,0.40398621559143066
11712,0.0003832886286545545
11713,0.000766577257309109
11714,0.0
11715,0.0
11716,0.000574932899326086
11717,0.0
11718,0.0
11719,0.000574932899326086
11720,0.0003832886286545545
11721,0.000574932899326086
11722,0.0
11723,0.0
11724,0.001341510214842856
11725,0.005366040859371424
11726,0.01820620894432068
11727,0.0
11728,0.0
11729,0.4835186004638672
11730,0.000574932899326086
11731,0.000574932899326086
11732,0.000574932899326086
11733,0.0003832886286545545
11734,0.31544652581214905
11735,0.0
11736,0.029896512627601624
11737,0.004024530295282602
11738,0.0003832886286545545
11739,0.0
11740,0.0
11741,0.000574932899326086
11742,0.001341510214842856
11743,0.0
11744,0.3129551410675049
11745,0.0003832886286545545
11746,0.0
11747,0.0
11748,0.0
11749,0.001341510214842856
11750,0.000766577257309109
11751,0.0
11752,0.000766577257309109
11753,0.001533154514618218
11754,0.0
11755,0.002491375897079706
11756,0.000574932899326086
11757,0.0
11758,0.000766577257309109
11759,0.0003832886286545545
11760,0.0
11761,0.0
11762,0.00019164431432727724
11763,0.000766577257309109
11764,0.0003832886286545545
11765,0.0
11766,0.0
11767,0.002874664729461074
11768,0.000766577257309109
11769,0.0
11770,0.003832886228337884
11771,0.0
11772,0.14833270013332367
11773,0.00019164431432727724
11774,0.017247987911105156
11775,0.0
11776,0.0003832886286545545
11777,0.020505940541625023
11778,0.002108087297528982
11779,0.00172479881439358
11780,0.0
11781,0.00019164431432727724
11782,0.001341510214842856
11783,0.0
11784,0.0
11785,0.00019164431432727724
11786,0.00019164431432727724
11787,0.0003832886286545545
11788,0.00019164431432727724
11789,0.0003832886286545545
11790,0.000958221557084471
11791,0.2600613236427307
11792,0.0
11793,0.0
11794,0.0
11795,0.0003832886286545545
11796,0.0
11797,0.002108087297528982
11798,0.001149865798652172
11799,0.0
11800,0.002874664729461074
11801,0.0003832886286545545
11802,0.0003832886286545545
11803,0.0
11804,0.0
11805,0.002491375897079706
11806,0.002491375897079706
11807,0.001149865798652172
11808,0.000766577257309109
11809,0.0
11810,0.03737064078450203
11811,0.00019164431432727724
11812,0.0
11813,0.008432349190115929
11814,0.0
11815,0.0
11816,0.001341510214842856
11817,0.0
11818,0.0
11819,0.000574932899326086
11820,0.0
11821,0.001533154514618218
11822,0.0003832886286545545
11823,0.0
11824,0.001149865798652172
11825,0.000766577257309109
11826,0.02721349149942398
11827,0.0
11828,0.001149865798652172
11829,0.30854734778404236
11830,0.000958221557084471
11831,0.00019164431432727724
11832,0.0003832886286545545
11833,0.0003832886286545545
11834,0.00019164431432727724
11835,0.0
11836,0.0003832886286545545
11837,0.000574932899326086
11838,0.0
11839,0.0
11840,0.0
11841,0.0
11842,0.0
11843,0.000574932899326086
11844,0.0
11845,0.0003832886286545545
11846,0.000574932899326086
11847,0.0003832886286545545
11848,0.0
11849,0.001916443114168942
11850,0.0003832886286545545
11851,0.00019164431432727724
11852,0.00019164431432727724
11853,0.00019164431432727724
11854,0.00019164431432727724
11855,0.0
11856,0.32522037625312805
11857,0.0
11858,0.003832886228337884
11859,0.003257953329011798
11860,0.0
11861,0.0
11862,0.000766577257309109
11863,0.0
11864,0.0003832886286545545
11865,0.0
11866,0.001149865798652172
11867,0.007090839557349682
11868,0.0
11869,0.00019164431432727724
11870,0.001533154514618218
11871,0.0
11872,0.22671522200107574
11873,0.0
11874,0.000766577257309109
11875,0.04235339164733887
11876,0.024530472233891487
11877,0.0003832886286545545
11878,0.0003832886286545545
11879,0.003066309029236436
11880,0.1157531589269638
11881,0.7786508202552795
11882,0.000766577257309109
11883,0.0003832886286545545
11884,0.0
11885,0.003641241928562522
11886,0.0
11887,0.0
11888,0.001916443114168942
11889,0.00172479881439358
11890,0.0
11891,0.000958221557084471
11892,0.000766577257309109
11893,0.0
11894,0.0
11895,0.14296665787696838
11896,0.000766577257309109
11897,0.0003832886286545545
11898,0.0
11899,0.0
11900,0.0
11901,0.0003832886286545545
11902,0.008815637789666653
11903,0.00344959762878716
11904,0.0
11905,0.009965503588318825
11906,0.0
11907,0.0
11908,0.05653507262468338
11909,0.0
11910,0.01820620894432068
11911,0.0
11912,0.004407818894833326
11913,0.000574932899326086
11914,0.0
11915,0.06132617965340614
11916,0.00019164431432727724
11917,0.0
11918,0.006324262358248234
11919,0.0
11920,0.0
11921,0.004599463194608688
11922,0.00172479881439358
11923,0.001533154514618218
11924,0.07474128156900406
11925,0.0
11926,0.02587198093533516
11927,0.00019164431432727724
11928,0.001533154514618218
11929,0.0
11930,0.006515906658023596
11931,0.0
11932,0.0003832886286545545
11933,0.20889230072498322
11934,0.0
11935,0.0
11936,0.0003832886286545545
11937,0.000574932899326086
11938,0.0003832886286545545
11939,0.04369490221142769
11940,0.00172479881439358
11941,0.00019164431432727724
11942,0.0
11943,0.0684170201420784
11944,0.0
11945,0.001533154514618218
11946,0.0
11947,0.0
11948,0.0
11949,0.0003832886286545545
11950,0.0003832886286545545
11951,0.0
11952,0.00019164431432727724
11953,0.10808739066123962
11954,0.0
11955,0.0
11956,0.015906477347016335
11957,0.0
11958,0.01188194751739502
11959,0.0
11960,0.0003832886286545545
11961,0.001149865798652172
11962,0.003257953329011798
11963,0.004216174595057964
11964,0.008240705356001854
11965,0.0
11966,0.04254503548145294
11967,0.000574932899326086
11968,0.139900341629982
11969,0.0003832886286545545
11970,0.0
11971,0.0
11972,0.002491375897079706
11973,0.007474128156900406
11974,0.2315063178539276
11975,0.10808739066123962
11976,0.0
11977,0.00977385975420475
11978,0.0
11979,0.0
11980,0.002874664729461074
11981,0.000766577257309109
11982,0.000958221557084471
11983,0.006324262358248234
11984,0.000574932899326086
11985,0.0003832886286545545
11986,0.000574932899326086
11987,0.0
11988,0.000574932899326086
11989,0.0
11990,0.008432349190115929
11991,0.001341510214842856
11992,0.0
11993,0.012840168550610542
11994,0.00019164431432727724
11995,0.000574932899326086
11996,0.001341510214842856
11997,0.0
11998,0.0
11999,0.0
12000,0.001533154514618218
12001,0.000958221557084471
12002,0.0
12003,0.000766577257309109
12004,0.003257953329011798
12005,0.013031813316047192
12006,0.11038712412118912
12007,0.0003832886286545545
12008,0.0
12009,0.001149865798652172
12010,0.0
12011,0.0003832886286545545
12012,0.003257953329011798
12013,0.0
12014,0.001149865798652172
12015,0.45285549759864807
12016,0.0
12017,0.0003832886286545545
12018,0.0
12019,0.010157148353755474
12020,0.0
12021,0.00019164431432727724
12022,0.0003832886286545545
12023,0.0
12024,0.0
12025,0.0
12026,0.0
12027,0.0
12028,0.0
12029,0.001341510214842856
12030,0.0003832886286545545
12031,0.008049060590565205
12032,0.0
12033,0.000958221557084471
12034,0.0003832886286545545
12035,0.001149865798652172
12036,0.000958221557084471
12037,0.0003832886286545545
12038,0.00019164431432727724
12039,0.000574932899326086
12040,0.000574932899326086
12041,0.000766577257309109
12042,0.0
12043,0.0003832886286545545
12044,0.0
12045,0.0003832886286545545
12046,0.00019164431432727724
12047,0.20122651755809784
12048,0.001341510214842856
12049,0.000574932899326086
12050,0.00019164431432727724
12051,0.0
12052,0.00019164431432727724
12053,0.0003832886286545545
12054,0.0
12055,0.0003832886286545545
12056,0.005366040859371424
12057,0.0
12058,0.05308547243475914
12059,0.4586048424243927
12060,0.0
12061,0.0
12062,0.000766577257309109
12063,0.000958221557084471
12064,0.03142966702580452
12065,0.0
12066,0.013415101915597916
12067,0.0
12068,0.12284400314092636
12069,0.0
12070,0.0
12071,0.0
12072,0.0
12073,0.0
12074,0.2934074401855469
12075,0.05653507262468338
12076,0.001533154514618218
12077,0.00019164431432727724
12078,0.0
12079,0.0
12080,0.0003832886286545545
12081,0.0003832886286545545
12082,0.0
12083,0.0
12084,0.0
12085,0.0
12086,0.0
12087,0.000574932899326086
12088,0.00019164431432727724
12089,0.0
12090,0.18589498102664948
12091,0.0003832886286545545
12092,0.0003832886286545545
12093,0.00019164431432727724
12094,0.000766577257309109
12095,0.0
12096,0.0003832886286545545
12097,0.000574932899326086
12098,0.0
12099,0.0003832886286545545
12100,0.0
12101,0.0
12102,0.029513223096728325
12103,0.0003832886286545545
12104,0.0003832886286545545
12105,0.00019164431432727724
12106,0.03449597582221031
12107,0.001341510214842856
12108,0.0003832886286545545
12109,0.0003832886286545545
12110,0.0
12111,0.001916443114168942
12112,0.000958221557084471
12113,0.001341510214842856
12114,0.0
12115,0.00479110749438405
12116,0.0
12117,0.0003832886286545545
12118,0.0
12119,0.0003832886286545545
12120,0.00977385975420475
12121,0.0003832886286545545
12122,0.002108087297528982
12123,0.000574932899326086
12124,0.000958221557084471
12125,0.000766577257309109
12126,0.000574932899326086
12127,0.003641241928562522
12128,0.001149865798652172
12129,0.0
12130,0.07205826044082642
12131,0.0
12132,0.0
12133,0.00019164431432727724
12134,0.002299731597304344
12135,0.030088156461715698
12136,0.08298198878765106
12137,0.14085856080055237
12138,0.000766577257309109
12139,0.000766577257309109
12140,0.021464163437485695
12141,0.000958221557084471
12142,0.0
12143,0.00019164431432727724
12144,0.001533154514618218
12145,0.0
12146,0.00019164431432727724
12147,0.0
12148,0.0003832886286545545
12149,0.0
12150,0.0003832886286545545
12151,0.00019164431432727724
12152,0.00172479881439358
12153,0.000766577257309109
12154,0.000574932899326086
12155,0.0003832886286545545
12156,0.0003832886286545545
12157,0.0
12158,0.0003832886286545545
12159,0.00019164431432727724
12160,0.00019164431432727724
12161,0.0
12162,0.0
12163,0.0003832886286545545
12164,0.00172479881439358
12165,0.0
12166,0.0
12167,0.001341510214842856
12168,0.0003832886286545545
12169,0.02127251774072647
12170,0.0
12171,0.0
12172,0.000574932899326086
12173,0.000766577257309109
12174,0.0
12175,0.0
12176,0.016289766877889633
12177,0.00019164431432727724
12178,0.001341510214842856
12179,0.000766577257309109
12180,0.0
12181,0.001916443114168942
12182,0.0
12183,0.00019164431432727724
12184,0.00019164431432727724
12185,0.002299731597304344
12186,0.005174396093934774
12187,0.0003832886286545545
12188,0.0
12189,0.0
12190,0.5860483050346375
12191,0.000574932899326086
12192,0.000958221557084471
12193,0.0003832886286545545
12194,0.0
12195,0.0
12196,0.00594097375869751
12197,0.008815637789666653
12198,0.000574932899326086
12199,0.051169030368328094
12200,0.0
12201,0.0
12202,0.002299731597304344
12203,0.0
12204,0.0
12205,0.0
12206,0.00019164431432727724
12207,0.000958221557084471
12208,0.000766577257309109
12209,0.002683020429685712
12210,0.000574932899326086
12211,0.000958221557084471
12212,0.00689919525757432
12213,0.0
12214,0.002108087297528982
12215,0.001149865798652172
12216,0.0003832886286545545
12217,0.0003832886286545545
12218,0.0
12219,0.0003832886286545545
12220,0.0003832886286545545
12221,0.003066309029236436
12222,0.0
12223,0.001341510214842856
12224,0.002108087297528982
12225,0.9555385112762451
12226,0.000574932899326086
12227,0.00019164431432727724
12228,0.0
12229,0.0003832886286545545
12230,0.0003832886286545545
12231,0.001341510214842856
12232,0.001149865798652172
12233,0.006707550957798958
12234,0.0003832886286545545
12235,0.0
12236,0.003257953329011798
12237,0.0
12238,0.000958221557084471
12239,0.00019164431432727724
12240,0.0
12241,0.0
12242,0.0003832886286545545
12243,0.008432349190115929
12244,0.0
12245,0.000766577257309109
12246,0.000766577257309109
12247,0.0
12248,0.0003832886286545545
12249,0.00019164431432727724
12250,0.00172479881439358
12251,0.00172479881439358
12252,0.0003832886286545545
12253,0.009007282555103302
12254,0.0
12255,0.006324262358248234
12256,0.0
12257,0.00019164431432727724
12258,0.0003832886286545545
12259,0.000766577257309109
12260,0.0
12261,0.018972786143422127
12262,0.000766577257309109
12263,0.000574932899326086
12264,0.001149865798652172
12265,0.000574932899326086
12266,0.000766577257309109
12267,0.000574932899326086
12268,0.00019164431432727724
12269,0.027021847665309906
12270,0.00019164431432727724
12271,0.058451514691114426
12272,0.006324262358248234
12273,0.001149865798652172
12274,0.00172479881439358
12275,0.000574932899326086
12276,0.0
12277,0.0
12278,0.000958221557084471
12279,0.0
12280,0.11096205562353134
12281,0.0
12282,0.0003832886286545545
12283,0.00019164431432727724
12284,0.0
12285,0.001149865798652172
12286,0.00019164431432727724
12287,0.0
12288,0.0
12289,0.000766577257309109
12290,0.000574932899326086
12291,0.0
12292,0.0
12293,0.00019164431432727724
12294,0.000766577257309109
12295,0.0
12296,0.0
12297,0.0
12298,0.0
12299,0.0003832886286545545
12300,0.0
12301,0.00019164431432727724
12302,0.000574932899326086
12303,0.000574932899326086
12304,0.00019164431432727724
12305,0.040628593415021896
12306,0.00172479881439358
12307,0.10387121140956879
12308,0.014564967714250088
12309,0.000766577257309109
12310,0.0
12311,0.0
12312,0.00019164431432727724
12313,0.0
12314,0.002683020429685712
12315,0.0
12316,0.00019164431432727724
12317,0.291682630777359
12318,0.00172479881439358
12319,0.0
12320,0.0
12321,0.001149865798652172
12322,0.0003832886286545545
12323,0.00019164431432727724
12324,0.000574932899326086
12325,0.0003832886286545545
12326,0.001341510214842856
12327,0.00019164431432727724
12328,0.000766577257309109
12329,0.000574932899326086
12330,0.0003832886286545545
12331,0.09946339577436447
12332,0.00977385975420475
12333,0.0
12334,0.0
12335,0.00019164431432727724
12336,0.343618243932724
12337,0.0
12338,0.0
12339,0.01379839051514864
12340,0.00479110749438405
12341,0.0
12342,0.0003832886286545545
12343,0.00019164431432727724
12344,0.0003832886286545545
12345,0.00019164431432727724
12346,0.000958221557084471
12347,0.008432349190115929
12348,0.000958221557084471
12349,0.0003832886286545545
12350,0.05634342506527901
12351,0.0
12352,0.00019164431432727724
12353,0.0003832886286545545
12354,0.0
12355,0.3886546492576599
12356,0.0003832886286545545
12357,0.0
12358,0.0
12359,0.00019164431432727724
12360,0.000574932899326086
12361,0.0
12362,0.0003832886286545545
12363,0.0
12364,0.0
12365,0.001341510214842856
12366,0.000574932899326086
12367,0.00019164431432727724
12368,0.727290153503418
12369,0.0
12370,0.0
12371,0.0
12372,0.0
12373,0.0
12374,0.0
12375,0.0
12376,0.0
12377,0.00019164431432727724
12378,0.0
12379,0.08125718683004379
12380,0.000574932899326086
12381,0.0003832886286545545
12382,0.00019164431432727724
12383,0.001533154514618218
12384,0.000574932899326086
12385,0.001341510214842856
12386,0.008049060590565205
12387,0.00019164431432727724
12388,0.0
12389,0.0003832886286545545
12390,0.00019164431432727724
12391,0.0
12392,0.0
12393,0.003257953329011798
12394,0.00019164431432727724
12395,0.0003832886286545545
12396,0.000766577257309109
12397,0.0
12398,0.0003832886286545545
12399,0.000766577257309109
12400,0.0003832886286545545
12401,0.0
12402,0.002683020429685712
12403,0.002108087297528982
12404,0.0
12405,0.0
12406,0.000766577257309109
12407,0.02798006869852543
12408,0.023572249338030815
12409,0.000574932899326086
12410,0.0
12411,0.00019164431432727724
12412,0.0
12413,0.002299731597304344
12414,0.0003832886286545545
12415,0.006515906658023596
12416,0.0
12417,0.0
12418,0.00019164431432727724
12419,0.0
12420,0.00019164431432727724
12421,0.0
12422,0.001916443114168942
12423,0.0003832886286545545
12424,0.00019164431432727724
12425,0.0
12426,0.00019164431432727724
12427,0.0
12428,0.0003832886286545545
12429,0.0
12430,0.0
12431,0.0
12432,0.0
12433,0.03641241788864136
12434,0.0
12435,0.00019164431432727724
12436,0.000574932899326086
12437,0.000766577257309109
12438,0.001149865798652172
12439,0.00019164431432727724
12440,0.001341510214842856
12441,0.0
12442,0.004024530295282602
12443,0.0
12444,0.001533154514618218
12445,0.001149865798652172
12446,0.0003832886286545545
12447,0.00019164431432727724
12448,0.00019164431432727724
12449,0.0954388678073883
12450,0.0
12451,0.0
12452,0.00019164431432727724
12453,0.05021080747246742
12454,0.0
12455,0.001341510214842856
12456,0.0
12457,0.0
12458,0.0
12459,0.000574932899326086
12460,0.000958221557084471
12461,0.0003832886286545545
12462,0.002299731597304344
12463,0.0003832886286545545
12464,0.0003832886286545545
12465,0.0
12466,0.0003832886286545545
12467,0.0894978940486908
12468,0.001533154514618218
12469,0.0003832886286545545
12470,0.002874664729461074
12471,0.0
12472,0.0
12473,0.1180528923869133
12474,0.000574932899326086
12475,0.002108087297528982
12476,0.0
12477,0.10406286269426346
12478,0.0
12479,0.00019164431432727724
12480,0.000574932899326086
12481,0.00019164431432727724
12482,0.4931007921695709
12483,0.0
12484,0.00019164431432727724
12485,0.000574932899326086
12486,0.00019164431432727724
12487,0.3104637861251831
12488,0.0
12489,0.00785741675645113
12490,0.0
12491,0.0
12492,0.000574932899326086
12493,0.0
12494,0.000958221557084471
12495,0.001149865798652172
12496,0.000958221557084471
12497,0.0
12498,0.004407818894833326
12499,0.0003832886286545545
12500,0.0003832886286545545
12501,0.00172479881439358
12502,0.001341510214842856
12503,0.006132618058472872
12504,0.0003832886286545545
12505,0.000574932899326086
12506,0.000574932899326086
12507,0.0
12508,0.0
12509,0.0
12510,0.0
12511,0.0
12512,0.0
12513,0.00019164431432727724
12514,0.00019164431432727724
12515,0.0003832886286545545
12516,0.011307014152407646
12517,0.0003832886286545545
12518,0.0003832886286545545
12519,0.00019164431432727724
12520,0.0
12521,0.0
12522,0.001916443114168942
12523,0.00019164431432727724
12524,0.00019164431432727724
12525,0.003641241928562522
12526,0.00172479881439358
12527,0.000574932899326086
12528,0.00019164431432727724
12529,0.000766577257309109
12530,0.000574932899326086
12531,0.001149865798652172
12532,0.000958221557084471
12533,0.0003832886286545545
12534,0.000958221557084471
12535,0.001149865798652172
12536,0.00019164431432727724
12537,0.0003832886286545545
12538,0.013031813316047192
12539,0.0
12540,0.0
12541,0.0
12542,0.03411268815398216
12543,0.0
12544,0.0
12545,0.000958221557084471
12546,0.001916443114168942
12547,0.000766577257309109
12548,0.00785741675645113
12549,0.000574932899326086
12550,0.0
12551,0.000958221557084471
12552,0.001149865798652172
12553,0.001916443114168942
12554,0.01609812118113041
12555,0.0
12556,0.0
12557,0.14315830171108246
12558,0.0
12559,0.0
12560,0.0003832886286545545
12561,0.0003832886286545545
12562,0.0003832886286545545
12563,0.00172479881439358
12564,0.0
12565,0.008815637789666653
12566,0.012648524716496468
12567,0.0003832886286545545
12568,0.0003832886286545545
12569,0.0003832886286545545
12570,0.0
12571,0.01782292127609253
12572,0.0
12573,0.00019164431432727724
12574,0.001341510214842856
12575,0.000766577257309109
12576,0.000574932899326086
12577,0.000766577257309109
12578,0.0
12579,0.003066309029236436
12580,0.003832886228337884
12581,0.043503258377313614
12582,0.00019164431432727724
12583,0.00019164431432727724
12584,0.0
12585,0.002683020429685712
12586,0.000766577257309109
12587,0.000574932899326086
12588,0.0003832886286545545
12589,0.0
12590,0.0
12591,0.0
12592,0.0
12593,0.0
12594,0.000574932899326086
12595,0.002299731597304344
12596,0.0
12597,0.0003832886286545545
12598,0.00019164431432727724
12599,0.00019164431432727724
12600,0.000574932899326086
12601,0.00019164431432727724
12602,0.0
12603,0.033346109092235565
12604,0.07589114457368851
12605,0.0
12606,0.0003832886286545545
12607,0.001916443114168942
12608,0.0003832886286545545
12609,0.00019164431432727724
12610,0.0
12611,0.0
12612,0.2953238785266876
12613,0.00594097375869751
12614,0.00019164431432727724
12615,0.0
12616,0.0
12617,0.003832886228337884
12618,0.0
12619,0.0954388678073883
12620,0.0003832886286545545
12621,0.00019164431432727724
12622,0.00019164431432727724
12623,0.0003832886286545545
12624,0.000766577257309109
12625,0.00019164431432727724
12626,0.0
12627,0.00019164431432727724
12628,0.0
12629,0.001149865798652172
12630,0.002108087297528982
12631,0.0
12632,0.00019164431432727724
12633,0.0
12634,0.0
12635,0.0003832886286545545
12636,0.0
12637,0.001533154514618218
12638,0.000958221557084471
12639,0.7821004390716553
12640,0.006515906658023596
12641,0.0
12642,0.001916443114168942
12643,0.0003832886286545545
12644,0.001149865798652172
12645,0.0
12646,0.043119970709085464
12647,0.002299731597304344
12648,0.0003832886286545545
12649,0.0
12650,0.00019164431432727724
12651,0.0
12652,0.0
12653,0.0003832886286545545
12654,0.003641241928562522
12655,0.00019164431432727724
12656,0.0003832886286545545
12657,0.002491375897079706
12658,0.032579533755779266
12659,0.0
12660,0.004407818894833326
12661,0.00019164431432727724
12662,0.12821003794670105
12663,0.0003832886286545545
12664,0.0
12665,0.0
12666,0.000574932899326086
12667,0.0003832886286545545
12668,0.0
12669,0.00019164431432727724
12670,0.000958221557084471
12671,0.0003832886286545545
12672,0.00019164431432727724
12673,0.000958221557084471
12674,0.0
12675,0.001341510214842856
12676,0.0
12677,0.00019164431432727724
12678,0.00019164431432727724
12679,0.0003832886286545545
12680,0.0
12681,0.0
12682,0.0
12683,0.002874664729461074
12684,0.1947106122970581
12685,0.0
12686,0.0
12687,0.0003832886286545545
12688,0.003066309029236436
12689,0.000766577257309109
12690,0.0003832886286545545
12691,0.012073591351509094
12692,0.008240705356001854
12693,0.0
12694,0.03277117758989334
12695,0.060559600591659546
12696,0.000766577257309109
12697,0.0
12698,0.0
12699,0.06975852698087692
12700,0.0
12701,0.000574932899326086
12702,0.0003832886286545545
12703,0.000574932899326086
12704,0.0
12705,0.0003832886286545545
12706,0.0
12707,0.0003832886286545545
12708,0.10367956757545471
12709,0.016864698380231857
12710,0.0
12711,0.0
12712,0.00019164431432727724
12713,0.0003832886286545545
12714,0.0
12715,0.000766577257309109
12716,0.00019164431432727724
12717,0.003257953329011798
12718,0.000766577257309109
12719,0.0003832886286545545
12720,0.000766577257309109
12721,0.00019164431432727724
12722,0.0
12723,0.0003832886286545545
12724,0.0
12725,0.0
12726,0.0
12727,0.0
12728,0.0
12729,0.0
12730,0.00019164431432727724
12731,0.0
12732,0.0003832886286545545
12733,0.0
12734,0.00019164431432727724
12735,0.04503641277551651
12736,0.001149865798652172
12737,0.00019164431432727724
12738,0.000766577257309109
12739,0.000958221557084471
12740,0.0
12741,0.000574932899326086
12742,0.0003832886286545545
12743,0.002874664729461074
12744,0.0
12745,0.0
12746,0.0
12747,0.05825987085700035
12748,0.0
12749,0.0
12750,0.0
12751,0.08298198878765106
12752,0.00019164431432727724
12753,0.00019164431432727724
12754,0.0003832886286545545
12755,0.11441165208816528
12756,0.0
12757,0.00019164431432727724
12758,0.0
12759,0.0
12760,0.0
12761,0.0578765794634819
12762,0.0
12763,0.0003832886286545545
12764,0.0
12765,0.010732081718742847
12766,0.000574932899326086
12767,0.0
12768,0.0003832886286545545
12769,0.005749329458922148
12770,0.0
12771,0.0003832886286545545
12772,0.0003832886286545545
12773,0.0
12774,0.001533154514618218
12775,0.0
12776,0.00019164431432727724
12777,0.0003832886286545545
12778,0.0
12779,0.0
12780,0.00019164431432727724
12781,0.0
12782,0.0003832886286545545
12783,0.0
12784,0.0
12785,0.000766577257309109
12786,0.037945572286844254
12787,0.0
12788,0.0
12789,0.0
12790,0.0
12791,0.0
12792,0.0003832886286545545
12793,0.4518972933292389
12794,0.005749329458922148
12795,0.002491375897079706
12796,0.0003832886286545545
12797,0.0
12798,0.0
12799,0.0
12800,0.0
12801,0.004407818894833326
12802,0.0
12803,0.0
12804,0.003641241928562522
12805,0.0003832886286545545
12806,0.0
12807,0.008815637789666653
12808,0.003832886228337884
12809,0.003257953329011798
12810,0.001916443114168942
12811,0.000574932899326086
12812,0.00019164431432727724
12813,0.000958221557084471
12814,0.0003832886286545545
12815,0.0003832886286545545
12816,0.021847451105713844
12817,0.019356075674295425
12818,0.0003832886286545545
12819,0.005749329458922148
12820,0.0
12821,0.000574932899326086
12822,0.0003832886286545545
12823,0.0
12824,0.0003832886286545545
12825,0.000958221557084471
12826,0.20045994222164154
12827,0.000766577257309109
12828,0.0
12829,0.00019164431432727724
12830,0.00019164431432727724
12831,0.0003832886286545545
12832,0.004024530295282602
12833,0.0
12834,0.00019164431432727724
12835,0.000958221557084471
12836,0.03449597582221031
12837,0.023572249338030815
12838,0.025680337101221085
12839,0.0
12840,0.000574932899326086
12841,0.0
12842,0.00019164431432727724
12843,0.09754694998264313
12844,0.001341510214842856
12845,0.0003832886286545545
12846,0.0
12847,0.0003832886286545545
12848,0.00019164431432727724
12849,0.000574932899326086
12850,0.00019164431432727724
12851,0.0
12852,0.0
12853,0.002491375897079706
12854,0.00172479881439358
12855,0.0003832886286545545
12856,0.0
12857,0.006132618058472872
12858,0.0003832886286545545
12859,0.03142966702580452
12860,0.0
12861,0.00019164431432727724
12862,0.0
12863,0.0
12864,0.00689919525757432
12865,0.0
12866,0.0
12867,0.0
12868,0.0
12869,0.012073591351509094
12870,0.00344959762878716
12871,0.000766577257309109
12872,0.0
12873,0.000574932899326086
12874,0.002108087297528982
12875,0.0003832886286545545
12876,0.006324262358248234
12877,0.000766577257309109
12878,0.0
12879,0.0003832886286545545
12880,0.0
12881,0.001341510214842856
12882,0.00019164431432727724
12883,0.001341510214842856
12884,0.0003832886286545545
12885,0.000574932899326086
12886,0.000766577257309109
12887,0.0
12888,0.00019164431432727724
12889,0.00019164431432727724
12890,0.001533154514618218
12891,0.003066309029236436
12892,0.0
12893,0.017247987911105156
12894,0.000958221557084471
12895,0.0
12896,0.000766577257309109
12897,0.005557685159146786
12898,0.3204292953014374
12899,0.000766577257309109
12900,0.00019164431432727724
12901,0.0003832886286545545
12902,0.0
12903,0.002108087297528982
12904,0.000574932899326086
12905,0.0
12906,0.0
12907,0.000958221557084471
12908,0.00019164431432727724
12909,0.00019164431432727724
12910,0.001533154514618218
12911,0.00019164431432727724
12912,0.0
12913,0.0
12914,0.0003832886286545545
12915,0.000574932899326086
12916,0.0003832886286545545
12917,0.07359141111373901
12918,0.001149865798652172
12919,0.741280198097229
12920,0.001149865798652172
12921,0.001533154514618218
12922,0.000574932899326086
12923,0.0
12924,0.0
12925,0.013031813316047192
12926,0.00594097375869751
12927,0.027405135333538055
12928,0.02932157926261425
12929,0.010348792187869549
12930,0.00019164431432727724
12931,0.00019164431432727724
12932,0.0
12933,0.0
12934,0.0003832886286545545
12935,0.00019164431432727724
12936,0.0
12937,0.00019164431432727724
12938,0.0
12939,0.0
12940,0.000766577257309109
12941,0.000766577257309109
12942,0.007090839557349682
12943,0.00019164431432727724
12944,0.000574932899326086
12945,0.002299731597304344
12946,0.8597163558006287
12947,0.009198926389217377
12948,0.0
12949,0.0
12950,0.0003832886286545545
12951,0.00019164431432727724
12952,0.00019164431432727724
12953,0.08509007096290588
12954,0.0
12955,0.010157148353755474
12956,0.0
12957,0.0
12958,0.0
12959,0.000958221557084471
12960,0.0
12961,0.0
12962,0.0
12963,0.0
12964,0.0
12965,0.0
12966,0.0
12967,0.003641241928562522
12968,0.130126491189003
12969,0.00019164431432727724
12970,0.0
12971,0.000766577257309109
12972,0.000574932899326086
12973,0.513990044593811
12974,0.0
12975,0.0003832886286545545
12976,0.0
12977,0.002108087297528982
12978,0.000766577257309109
12979,0.0003832886286545545
12980,0.0
12981,0.0
12982,0.0
12983,0.000574932899326086
12984,0.0
12985,0.0
12986,0.0
12987,0.0
12988,0.001341510214842856
12989,0.0
12990,0.000766577257309109
12991,0.0
12992,0.0
12993,0.0
12994,0.04369490221142769
12995,0.0
12996,0.0003832886286545545
12997,0.0
12998,0.0003832886286545545
12999,0.09467228502035141
13000,0.0003832886286545545
13001,0.0
13002,0.00019164431432727724
13003,0.0003832886286545545
13004,0.00594097375869751
13005,0.001341510214842856
13006,0.013223457150161266
13007,0.0
13008,0.0
13009,0.000574932899326086
13010,0.00019164431432727724
13011,0.000958221557084471
13012,0.000574932899326086
13013,0.00019164431432727724
13014,0.000574932899326086
13015,0.000574932899326086
13016,0.0
13017,0.004599463194608688
13018,0.001149865798652172
13019,0.0003832886286545545
13020,0.00019164431432727724
13021,0.00019164431432727724
13022,0.024338826537132263
13023,0.001533154514618218
13024,0.0
13025,0.009390571154654026
13026,0.0
13027,0.001341510214842856
13028,0.0
13029,0.0
13030,0.00019164431432727724
13031,0.0
13032,0.002683020429685712
13033,0.002683020429685712
13034,0.0
13035,0.0
13036,0.00019164431432727724
13037,0.0
13038,0.002491375897079706
13039,0.0
13040,0.028363358229398727
13041,0.002683020429685712
13042,0.00019164431432727724
13043,0.00019164431432727724
13044,0.0
13045,0.000574932899326086
13046,0.05960138142108917
13047,0.0003832886286545545
13048,0.0003832886286545545
13049,0.001341510214842856
13050,0.021464163437485695
13051,0.0
13052,0.0
13053,0.000574932899326086
13054,0.002108087297528982
13055,0.0
13056,0.0003832886286545545
13057,0.000958221557084471
13058,0.0
13059,0.23476427793502808
13060,0.0
13061,0.0
13062,0.006132618058472872
13063,0.0
13064,0.0
13065,0.000766577257309109
13066,0.0
13067,0.0
13068,0.0
13069,0.45515522360801697
13070,0.015331544913351536
13071,0.002299731597304344
13072,0.0003832886286545545
13073,0.001341510214842856
13074,0.0
13075,0.002108087297528982
13076,0.020314296707510948
13077,0.001341510214842856
13078,0.0
13079,0.0
13080,0.0
13081,0.0
13082,0.004024530295282602
13083,0.0003832886286545545
13084,0.00172479881439358
13085,0.00594097375869751
13086,0.0
13087,0.000766577257309109
13088,0.00019164431432727724
13089,0.03392104431986809
13090,0.00019164431432727724
13091,0.0
13092,0.19106937944889069
13093,0.0095822149887681
13094,0.0
13095,0.000574932899326086
13096,0.0
13097,0.00172479881439358
13098,0.01379839051514864
13099,0.0
13100,0.00019164431432727724
13101,0.0
13102,0.0
13103,0.0
13104,0.003832886228337884
13105,0.0003832886286545545
13106,0.00019164431432727724
13107,0.001149865798652172
13108,0.006132618058472872
13109,0.0003832886286545545
13110,0.009390571154654026
13111,0.0
13112,0.00019164431432727724
13113,0.000574932899326086
13114,0.0003832886286545545
13115,0.00019164431432727724
13116,0.000574932899326086
13117,0.0
13118,0.0
13119,0.00019164431432727724
13120,0.0
13121,0.0
13122,0.0
13123,0.0003832886286545545
13124,0.0003832886286545545
13125,0.000766577257309109
13126,0.0
13127,0.0
13128,0.002491375897079706
13129,0.000766577257309109
13130,0.000766577257309109
13131,0.000958221557084471
13132,0.0
13133,0.0910310447216034
13134,0.0
13135,0.0003832886286545545
13136,0.00019164431432727724
13137,0.000574932899326086
13138,0.0003832886286545545
13139,0.00019164431432727724
13140,0.3208125829696655
13141,0.002299731597304344
13142,0.000574932899326086
13143,0.0
13144,0.0
13145,0.00019164431432727724
13146,0.00019164431432727724
13147,0.0095822149887681
13148,0.0003832886286545545
13149,0.000574932899326086
13150,0.00019164431432727724
13151,0.0
13152,0.00019164431432727724
13153,0.0
13154,0.002299731597304344
13155,0.0
13156,0.0
13157,0.000766577257309109
13158,0.248945951461792
13159,0.0
13160,0.002108087297528982
13161,0.001533154514618218
13162,0.0003832886286545545
13163,0.0
13164,0.00019164431432727724
13165,0.0
13166,0.026255270466208458
13167,0.000574932899326086
13168,0.0
13169,0.000766577257309109
13170,0.00019164431432727724
13171,0.000766577257309109
13172,0.00019164431432727724
13173,0.000958221557084471
13174,0.0
13175,0.00019164431432727724
13176,0.0
13177,0.001916443114168942
13178,0.0
13179,0.30107319355010986
13180,0.43273285031318665
13181,0.000766577257309109
13182,0.0
13183,0.0
13184,0.0
13185,0.004216174595057964
13186,0.0
13187,0.000574932899326086
13188,0.002299731597304344
13189,0.003641241928562522
13190,0.00019164431432727724
13191,0.0
13192,0.000958221557084471
13193,0.0
13194,0.0
13195,0.0
13196,0.000574932899326086
13197,0.0
13198,0.000574932899326086
13199,0.004024530295282602
13200,0.00019164431432727724
13201,0.000766577257309109
13202,0.0
13203,0.00019164431432727724
13204,0.0
13205,0.12169413268566132
13206,0.0003832886286545545
13207,0.000574932899326086
13208,0.002299731597304344
13209,0.0
13210,0.003257953329011798
13211,0.0
13212,0.0
13213,0.00019164431432727724
13214,0.012073591351509094
13215,0.004407818894833326
13216,0.0
13217,0.0
13218,0.0
13219,0.007474128156900406
13220,0.004024530295282602
13221,0.000766577257309109
13222,0.000574932899326086
13223,0.000766577257309109
13224,0.0
13225,0.0
13226,0.0
13227,0.000574932899326086
13228,0.0
13229,0.001533154514618218
13230,0.0003832886286545545
13231,0.001149865798652172
13232,0.000958221557084471
13233,0.0
13234,0.00019164431432727724
13235,0.000574932899326086
13236,0.0003832886286545545
13237,0.00019164431432727724
13238,0.0
13239,0.0398620143532753
13240,0.0
13241,0.0
13242,0.018972786143422127
13243,0.00019164431432727724
13244,0.060942888259887695
13245,0.000574932899326086
13246,0.0
13247,0.00019164431432727724
13248,0.0
13249,0.0
13250,0.04752779006958008
13251,0.0
13252,0.00019164431432727724
13253,0.00019164431432727724
13254,0.0
13255,0.46588730812072754
13256,0.0
13257,0.001533154514618218
13258,0.08470678329467773
13259,0.0
13260,0.004407818894833326
13261,0.00019164431432727724
13262,0.000766577257309109
13263,0.00019164431432727724
13264,0.000574932899326086
13265,0.0003832886286545545
13266,0.0
13267,0.0
13268,0.0003832886286545545
13269,0.17343810200691223
13270,0.00019164431432727724
13271,0.044461481273174286
13272,0.001149865798652172
13273,0.0003832886286545545
13274,0.0
13275,0.00019164431432727724
13276,0.0
13277,0.000766577257309109
13278,0.0
13279,0.0
13280,0.0
13281,0.000766577257309109
13282,0.000574932899326086
13283,0.0
13284,0.1496742069721222
13285,0.0
13286,0.0
13287,0.0
13288,0.001916443114168942
13289,0.00019164431432727724
13290,0.0003832886286545545
13291,0.001916443114168942
13292,0.0
13293,0.0
13294,0.0
13295,0.000958221557084471
13296,0.007282483857125044
13297,0.0
13298,0.0
13299,0.0
13300,0.000766577257309109
13301,0.0003832886286545545
13302,0.000574932899326086
13303,0.0003832886286545545
13304,0.002299731597304344
13305,0.0003832886286545545
13306,0.0
13307,0.0
13308,0.000574932899326086
13309,0.0
13310,0.000574932899326086
13311,0.000574932899326086
13312,0.00019164431432727724
13313,0.011115370318293571
13314,0.0
13315,0.000766577257309109
13316,0.0003832886286545545
13317,0.000766577257309109
13318,0.00019164431432727724
13319,0.024722116068005562
13320,0.000574932899326086
13321,0.0
13322,0.003066309029236436
13323,0.5051743984222412
13324,0.007665772456675768
13325,0.00019164431432727724
13326,0.0
13327,0.000766577257309109
13328,0.004982751794159412
13329,0.000574932899326086
13330,0.014373322948813438
13331,0.0003832886286545545
13332,0.002108087297528982
13333,0.000574932899326086
13334,0.0003832886286545545
13335,0.0
13336,0.0
13337,0.0003832886286545545
13338,0.00019164431432727724
13339,0.002874664729461074
13340,0.05442698299884796
13341,0.000958221557084471
13342,0.0003832886286545545
13343,0.0
13344,0.0
13345,0.00019164431432727724
13346,0.0
13347,0.000574932899326086
13348,0.04177846014499664
13349,0.000574932899326086
13350,0.3441931903362274
13351,0.32196244597435
13352,0.0
13353,0.0
13354,0.001916443114168942
13355,0.0
13356,0.0
13357,0.015139900147914886
13358,0.00689919525757432
13359,0.0
13360,0.00019164431432727724
13361,0.000958221557084471
13362,0.001533154514618218
13363,0.0
13364,0.012648524716496468
13365,0.001916443114168942
13366,0.000958221557084471
13367,0.0
13368,0.0
13369,0.0
13370,0.0
13371,0.0003832886286545545
13372,0.00019164431432727724
13373,0.0
13374,0.0
13375,0.00019164431432727724
13376,0.001533154514618218
13377,0.000574932899326086
13378,0.0
13379,0.0003832886286545545
13380,0.000958221557084471
13381,0.001533154514618218
13382,0.0
13383,0.005557685159146786
13384,0.000958221557084471
13385,0.00019164431432727724
13386,0.001341510214842856
13387,0.0
13388,0.0
13389,0.0
13390,0.0
13391,0.0
13392,0.000766577257309109
13393,0.0
13394,0.0
13395,0.0
13396,0.026638558134436607
13397,0.000766577257309109
13398,0.0
13399,0.00172479881439358
13400,0.0
13401,0.000574932899326086
13402,0.0
13403,0.0
13404,0.0003832886286545545
13405,0.014756611548364162
13406,0.0488692969083786
13407,0.0
13408,0.0
13409,0.0
13410,0.0
13411,0.0
13412,0.003066309029236436
13413,0.04982751980423927
13414,0.13875047862529755
13415,0.0
13416,0.00019164431432727724
13417,0.000574932899326086
13418,0.001149865798652172
13419,0.027021847665309906
13420,0.0003832886286545545
13421,0.0
13422,0.00019164431432727724
13423,0.0
13424,0.0
13425,0.0
13426,0.0003832886286545545
13427,0.01993100717663765
13428,0.026063626632094383
13429,0.00172479881439358
13430,0.0003832886286545545
13431,0.0
13432,0.0
13433,0.000958221557084471
13434,0.0
13435,0.12035262584686279
13436,0.003066309029236436
13437,0.00019164431432727724
13438,0.002108087297528982
13439,0.0
13440,0.10157148540019989
13441,0.000958221557084471
13442,0.001149865798652172
13443,0.0
13444,0.000958221557084471
13445,0.002108087297528982
13446,0.00019164431432727724
13447,0.002299731597304344
13448,0.0
13449,0.0
13450,0.000766577257309109
13451,0.000574932899326086
13452,0.017631275579333305
13453,0.0003832886286545545
13454,0.0
13455,0.00019164431432727724
13456,0.001149865798652172
13457,0.04120352491736412
13458,0.02893828973174095
13459,0.000574932899326086
13460,0.0
13461,0.0
13462,0.0
13463,0.0003832886286545545
13464,0.000766577257309109
13465,0.03181295469403267
13466,0.004216174595057964
13467,0.003066309029236436
13468,0.585473358631134
13469,0.0
13470,0.0
13471,0.000766577257309109
13472,0.0003832886286545545
13473,0.001149865798652172
13474,0.0
13475,0.0
13476,0.0003832886286545545
13477,0.0
13478,0.0
13479,0.0003832886286545545
13480,0.04503641277551651
13481,0.0
13482,0.0
13483,0.0
13484,0.0
13485,0.0
13486,0.0
13487,0.010732081718742847
13488,0.05998466908931732
13489,0.001341510214842856
13490,0.000766577257309109
13491,0.0
13492,0.001533154514618218
13493,0.001149865798652172
13494,0.001533154514618218
13495,0.00019164431432727724
13496,0.0003832886286545545
13497,0.000574932899326086
13498,0.0
13499,0.001149865798652172
13500,0.0
13501,0.007474128156900406
13502,0.0
13503,0.000574932899326086
13504,0.0
13505,0.0
13506,0.0003832886286545545
13507,0.0003832886286545545
13508,0.0003832886286545545
13509,0.02414718270301819
13510,0.000574932899326086
13511,0.0195477195084095
13512,0.000574932899326086
13513,0.001916443114168942
13514,0.0003832886286545545
13515,0.007090839557349682
13516,0.000574932899326086
13517,0.0
13518,0.001149865798652172
13519,0.0
13520,0.003257953329011798
13521,0.014181679114699364
13522,0.0
13523,0.00019164431432727724
13524,0.0
13525,0.0003832886286545545
13526,0.002299731597304344
13527,0.0
13528,0.00172479881439358
13529,0.0
13530,0.0
13531,0.00019164431432727724
13532,0.0
13533,0.03698735311627388
13534,0.000958221557084471
13535,0.0
13536,0.001533154514618218
13537,0.000574932899326086
13538,0.000574932899326086
13539,0.0
13540,0.00019164431432727724
13541,0.0
13542,0.0
13543,0.00019164431432727724
13544,0.0
13545,0.0
13546,0.0
13547,0.0
13548,0.00019164431432727724
13549,0.5772326588630676
13550,0.014181679114699364
13551,0.002491375897079706
13552,0.024530472233891487
13553,0.00019164431432727724
13554,0.0
13555,0.000574932899326086
13556,0.0
13557,0.02683020383119583
13558,0.00019164431432727724
13559,0.0
13560,0.00019164431432727724
13561,0.000766577257309109
13562,0.001916443114168942
13563,0.0
13564,0.000766577257309109
13565,0.0003832886286545545
13566,0.000574932899326086
13567,0.09984668344259262
13568,0.0
13569,0.00019164431432727724
13570,0.000574932899326086
13571,0.0003832886286545545
13572,0.003257953329011798
13573,0.0003832886286545545
13574,0.16328094899654388
13575,0.0
13576,0.0
13577,0.000574932899326086
13578,0.0
13579,0.0003832886286545545
13580,0.000766577257309109
13581,0.002299731597304344
13582,0.000766577257309109
13583,0.000574932899326086
13584,0.0
13585,0.013415101915597916
13586,0.0003832886286545545
13587,0.0
13588,0.00689919525757432
13589,0.003066309029236436
13590,0.0
13591,0.0
13592,0.0003832886286545545
13593,0.00344959762878716
13594,0.00019164431432727724
13595,0.0003832886286545545
13596,0.0
13597,0.01188194751739502
13598,0.000958221557084471
13599,0.0003832886286545545
13600,0.0
13601,0.0
13602,0.0
13603,0.0
13604,0.0
13605,0.00977385975420475
13606,0.001149865798652172
13607,0.0
13608,0.03602913022041321
13609,0.000574932899326086
13610,0.0003832886286545545
13611,0.0
13612,0.00172479881439358
13613,0.00172479881439358
13614,0.0
13615,0.0
13616,0.000574932899326086
13617,0.21100038290023804
13618,0.001341510214842856
13619,0.00594097375869751
13620,0.00019164431432727724
13621,0.0
13622,0.0
13623,0.0
13624,0.0
13625,0.0
13626,0.0
13627,0.0
13628,0.00019164431432727724
13629,0.000574932899326086
13630,0.0
13631,0.000766577257309109
13632,0.0
13633,0.0
13634,0.0
13635,0.0
13636,0.001341510214842856
13637,0.000958221557084471
13638,0.0
13639,0.0
13640,0.0
13641,0.015331544913351536
13642,0.001916443114168942
13643,0.00172479881439358
13644,0.0003832886286545545
13645,0.0
13646,0.00019164431432727724
13647,0.007665772456675768
13648,0.00019164431432727724
13649,0.000574932899326086
13650,0.0003832886286545545
13651,0.003066309029236436
13652,0.001533154514618218
13653,0.00019164431432727724
13654,0.0
13655,0.0
13656,0.001533154514618218
13657,0.00019164431432727724
13658,0.000574932899326086
13659,0.0
13660,0.0
13661,0.001149865798652172
13662,0.0003832886286545545
13663,0.004599463194608688
13664,0.024530472233891487
13665,0.0
13666,0.0
13667,0.00019164431432727724
13668,0.00785741675645113
13669,0.0
13670,0.0
13671,0.014181679114699364
13672,0.7249904274940491
13673,0.0
13674,0.0
13675,0.00019164431432727724
13676,0.0
13677,0.0003832886286545545
13678,0.0003832886286545545
13679,0.0003832886286545545
13680,0.000766577257309109
13681,0.000958221557084471
13682,0.00019164431432727724
13683,0.0003832886286545545
13684,0.0
13685,0.00172479881439358
13686,0.010157148353755474
13687,0.021080873906612396
13688,0.07167497277259827
13689,0.001533154514618218
13690,0.000574932899326086
13691,0.0003832886286545545
13692,0.001149865798652172
13693,0.000574932899326086
13694,0.012073591351509094
13695,0.022805672138929367
13696,0.00019164431432727724
13697,0.000958221557084471
13698,0.0
13699,0.00019164431432727724
13700,0.001533154514618218
13701,0.0
13702,0.0
13703,0.0
13704,0.0
13705,0.0
13706,0.00019164431432727724
13707,0.0
13708,0.00019164431432727724
13709,0.0
13710,0.020505940541625023
13711,0.00019164431432727724
13712,0.000958221557084471
13713,0.002108087297528982
13714,0.0
13715,0.0
13716,0.0003832886286545545
13717,0.000574932899326086
13718,0.0
13719,0.0
13720,0.0
13721,0.000766577257309109
13722,0.03411268815398216
13723,0.0
13724,0.000574932899326086
13725,0.000766577257309109
13726,0.002683020429685712
13727,0.0
13728,0.0003832886286545545
13729,0.0
13730,0.0
13731,0.0
13732,0.001149865798652172
13733,0.07359141111373901
13734,0.0
13735,0.003066309029236436
13736,0.0
13737,0.0
13738,0.12667688727378845
13739,0.001149865798652172
13740,0.0
13741,0.0
13742,0.0
13743,0.001533154514618218
13744,0.00019164431432727724
13745,0.0003832886286545545
13746,0.00019164431432727724
13747,0.0
13748,0.0
13749,0.0
13750,0.0
13751,0.00019164431432727724
13752,0.001341510214842856
13753,0.0
13754,0.0
13755,0.003257953329011798
13756,0.00019164431432727724
13757,0.00019164431432727724
13758,0.03104637749493122
13759,0.0
13760,0.0
13761,0.38463011384010315
13762,0.001533154514618218
13763,0.0
13764,0.2502874732017517
13765,0.0
13766,0.001341510214842856
13767,0.0
13768,0.000574932899326086
13769,0.0
13770,0.002683020429685712
13771,0.0
13772,0.001341510214842856
13773,0.0
13774,0.0003832886286545545
13775,0.08623994141817093
13776,0.057493291795253754
13777,0.001916443114168942
13778,0.0003832886286545545
13779,0.0
13780,0.00019164431432727724
13781,0.00019164431432727724
13782,0.005749329458922148
13783,0.00019164431432727724
13784,0.0
13785,0.0
13786,0.044461481273174286
13787,0.0
13788,0.0003832886286545545
13789,0.000958221557084471
13790,0.001149865798652172
13791,0.00019164431432727724
13792,0.0
13793,0.0
13794,0.0
13795,0.6525488495826721
13796,0.010732081718742847
13797,0.00019164431432727724
13798,0.0
13799,0.0003832886286545545
13800,0.00019164431432727724
13801,0.0003832886286545545
13802,0.05346876382827759
13803,0.0
13804,0.0003832886286545545
13805,0.000766577257309109
13806,0.000574932899326086
13807,0.0
13808,0.004982751794159412
13809,0.000766577257309109
13810,0.0
13811,0.010923725552856922
13812,0.0
13813,0.26427748799324036
13814,0.0
13815,0.000574932899326086
13816,0.0003832886286545545
13817,0.00019164431432727724
13818,0.0
13819,0.003257953329011798
13820,0.0
13821,0.0
13822,0.0
13823,0.0
13824,0.003641241928562522
13825,0.00019164431432727724
13826,0.0
13827,0.0
13828,0.0
13829,0.0
13830,0.000574932899326086
13831,0.0
13832,0.004216174595057964
13833,0.0003832886286545545
13834,0.004982751794159412
13835,0.10387121140956879
13836,0.0003832886286545545
13837,0.0
13838,0.0
13839,0.0
13840,0.001341510214842856
13841,0.0003832886286545545
13842,0.0003832886286545545
13843,0.002491375897079706
13844,0.00019164431432727724
13845,0.00019164431432727724
13846,0.000574932899326086
13847,0.000766577257309109
13848,0.00019164431432727724
13849,0.00019164431432727724
13850,0.0
13851,0.0
13852,0.000766577257309109
13853,0.0
13854,0.0
13855,0.0
13856,0.0095822149887681
13857,0.0
13858,0.002108087297528982
13859,0.19988501071929932
13860,0.0
13861,0.0
13862,0.000958221557084471
13863,0.0
13864,0.0
13865,0.000766577257309109
13866,0.0
13867,0.001341510214842856
13868,0.0
13869,0.0
13870,0.008240705356001854
13871,0.0586431585252285
13872,0.0003832886286545545
13873,0.0
13874,0.0
13875,0.0
13876,0.0003832886286545545
13877,0.05576849356293678
13878,0.0
13879,0.003641241928562522
13880,0.0
13881,0.0
13882,0.0003832886286545545
13883,0.00977385975420475
13884,0.0003832886286545545
13885,0.005749329458922148
13886,0.2811422049999237
13887,0.002491375897079706
13888,0.0
13889,0.5770410299301147
13890,0.001341510214842856
13891,0.000958221557084471
13892,0.0
13893,0.10214641690254211
13894,0.0
13895,0.005366040859371424
13896,0.0
13897,0.0003832886286545545
13898,0.00019164431432727724
13899,0.0
13900,0.000958221557084471
13901,0.00019164431432727724
13902,0.00019164431432727724
13903,0.000574932899326086
13904,0.0095822149887681
13905,0.02932157926261425
13906,0.20582598447799683
13907,0.001149865798652172
13908,0.000958221557084471
13909,0.0
13910,0.0
13911,0.0
13912,0.0
13913,0.0
13914,0.0
13915,0.000958221557084471
13916,0.000574932899326086
13917,0.00172479881439358
13918,0.0
13919,0.001533154514618218
13920,0.007474128156900406
13921,0.000766577257309109
13922,0.0
13923,0.00019164431432727724
13924,0.001149865798652172
13925,0.0
13926,0.0003832886286545545
13927,0.002491375897079706
13928,0.10291299223899841
13929,0.0003832886286545545
13930,0.0
13931,0.0
13932,0.00172479881439358
13933,0.0
13934,0.000958221557084471
13935,0.0
13936,0.0
13937,0.0
13938,0.00019164431432727724
13939,0.0
13940,0.0
13941,0.003066309029236436
13942,0.001341510214842856
13943,0.0
13944,0.000574932899326086
13945,0.000574932899326086
13946,0.0
13947,0.00019164431432727724
13948,0.001149865798652172
13949,0.0
13950,0.001149865798652172
13951,0.0
13952,0.001149865798652172
13953,0.0003832886286545545
13954,0.002108087297528982
13955,0.0003832886286545545
13956,0.0003832886286545545
13957,0.0
13958,0.0
13959,0.001533154514618218
13960,0.012648524716496468
13961,0.0003832886286545545
13962,0.002299731597304344
13963,0.0003832886286545545
13964,0.0
13965,0.01743963174521923
13966,0.015139900147914886
13967,0.0003832886286545545
13968,0.0
13969,0.0
13970,0.0
13971,0.000766577257309109
13972,0.006132618058472872
13973,0.00019164431432727724
13974,0.0
13975,0.0
13976,0.05998466908931732
13977,0.01379839051514864
13978,0.5538520216941833
13979,0.00019164431432727724
13980,0.013031813316047192
13981,0.0
13982,0.000574932899326086
13983,0.0003832886286545545
13984,0.000766577257309109
13985,0.000574932899326086
13986,0.0
13987,0.000574932899326086
13988,0.0
13989,0.0
13990,0.006707550957798958
13991,0.0
13992,0.000574932899326086
13993,0.04637792333960533
13994,0.0
13995,0.0003832886286545545
13996,0.000766577257309109
13997,0.00019164431432727724
13998,0.0
13999,0.0
14000,0.0
14001,0.00019164431432727724
14002,0.001916443114168942
14003,0.00019164431432727724
14004,0.000766577257309109
14005,0.0
14006,0.000958221557084471
14007,0.000574932899326086
14008,0.0
14009,0.00019164431432727724
14010,0.00019164431432727724
14011,0.000574932899326086
14012,0.00019164431432727724
14013,0.0
14014,0.0
14015,0.00594097375869751
14016,0.00019164431432727724
14017,0.0
14018,0.001533154514618218
14019,0.0
14020,0.5153315663337708
14021,0.003257953329011798
14022,0.000958221557084471
14023,0.0
14024,0.0003832886286545545
14025,0.0
14026,0.00019164431432727724
14027,0.02414718270301819
14028,0.0
14029,0.000574932899326086
14030,0.000766577257309109
14031,0.000958221557084471
14032,0.0
14033,0.0
14034,0.00019164431432727724
14035,0.000766577257309109
14036,0.00344959762878716
14037,0.00019164431432727724
14038,0.000958221557084471
14039,0.000766577257309109
14040,0.0
14041,0.13127635419368744
14042,0.0003832886286545545
14043,0.005749329458922148
14044,0.001341510214842856
14045,0.0
14046,0.000574932899326086
14047,0.0003832886286545545
14048,0.0003832886286545545
14049,0.001149865798652172
14050,0.0003832886286545545
14051,0.0
14052,0.002108087297528982
14053,0.0003832886286545545
14054,0.001341510214842856
14055,0.0003832886286545545
14056,0.014948256313800812
14057,0.000766577257309109
14058,0.000766577257309109
14059,0.004024530295282602
14060,0.013990034349262714
14061,0.0
14062,0.0
14063,0.0
14064,0.00019164431432727724
14065,0.0
14066,0.0
14067,0.004599463194608688
14068,0.02548869326710701
14069,0.00019164431432727724
14070,0.0
14071,0.007282483857125044
14072,0.000574932899326086
14073,0.003641241928562522
14074,0.0
14075,0.0
14076,0.0
14077,0.0
14078,0.0
14079,0.0003832886286545545
14080,0.000574932899326086
14081,0.001149865798652172
14082,0.000766577257309109
14083,0.6550402641296387
14084,0.004024530295282602
14085,0.5425450205802917
14086,0.0
14087,0.0
14088,0.0
14089,0.000574932899326086
14090,0.000574932899326086
14091,0.04273667931556702
14092,0.00019164431432727724
14093,0.00019164431432727724
14094,0.0003832886286545545
14095,0.011307014152407646
14096,0.000958221557084471
14097,0.000958221557084471
14098,0.0
14099,0.0
14100,0.0
14101,0.0
14102,0.002683020429685712
14103,0.000766577257309109
14104,0.0
14105,0.01360674574971199
14106,0.001341510214842856
14107,0.2893829047679901
14108,0.0
14109,0.0
14110,0.0
14111,0.07033345848321915
14112,0.000766577257309109
14113,0.0
14114,0.000766577257309109
14115,0.004407818894833326
14116,0.0
14117,0.000574932899326086
14118,0.0003832886286545545
14119,0.0
14120,0.00019164431432727724
14121,0.000766577257309109
14122,0.0
14123,0.004599463194608688
14124,0.00019164431432727724
14125,0.00019164431432727724
14126,0.00019164431432727724
14127,0.001341510214842856
14128,0.0003832886286545545
14129,0.00019164431432727724
14130,0.0
14131,0.0
14132,0.0
14133,0.00479110749438405
14134,0.0
14135,0.009198926389217377
14136,0.0
14137,0.0
14138,0.00019164431432727724
14139,0.001149865798652172
14140,0.0003832886286545545
14141,0.0
14142,0.0
14143,0.00019164431432727724
14144,0.000958221557084471
14145,0.001916443114168942
14146,0.00019164431432727724
14147,0.00019164431432727724
14148,0.002299731597304344
14149,0.24798773229122162
14150,0.00019164431432727724
14151,0.000958221557084471
14152,0.000574932899326086
14153,0.0
14154,0.0
14155,0.00019164431432727724
14156,0.00019164431432727724
14157,0.000574932899326086
14158,0.01169030275195837
14159,0.0
14160,0.000574932899326086
14161,0.0
14162,0.0
14163,0.0
14164,0.0
14165,0.00344959762878716
14166,0.0
14167,0.0
14168,0.0
14169,0.0003832886286545545
14170,0.0
14171,0.0
14172,0.00344959762878716
14173,0.001533154514618218
14174,0.000766577257309109
14175,0.0
14176,0.05174396187067032
14177,0.0
14178,0.0
14179,0.0
14180,0.0
14181,0.05442698299884796
14182,0.001149865798652172
14183,0.000958221557084471
14184,0.000574932899326086
14185,0.0
14186,0.0
14187,0.002874664729461074
14188,0.0
14189,0.0
14190,0.002491375897079706
14191,0.0
14192,0.000574932899326086
14193,0.0003832886286545545
14194,0.0
14195,0.000574932899326086
14196,0.000766577257309109
14197,0.0003832886286545545
14198,0.001533154514618218
14199,0.000574932899326086
14200,0.0
14201,0.1504407823085785
14202,0.0
14203,0.00019164431432727724
14204,0.0
14205,0.00019164431432727724
14206,0.0
14207,0.0003832886286545545
14208,0.17228823900222778
14209,0.00172479881439358
14210,0.0
14211,0.0
14212,0.000766577257309109
14213,0.0
14214,0.0
14215,0.0
14216,0.0
14217,0.000766577257309109
14218,0.0
14219,0.0
14220,0.00019164431432727724
14221,0.0
14222,0.000574932899326086
14223,0.0003832886286545545
14224,0.0
14225,0.0
14226,0.00977385975420475
14227,0.000766577257309109
14228,0.0
14229,0.0
14230,0.0
14231,0.001341510214842856
14232,0.0
14233,0.000574932899326086
14234,0.000958221557084471
14235,0.0
14236,0.0003832886286545545
14237,0.000574932899326086
14238,0.000766577257309109
14239,0.001916443114168942
14240,0.31008049845695496
14241,0.5684170126914978
14242,0.0
14243,0.001149865798652172
14244,0.0
14245,0.00019164431432727724
14246,0.0003832886286545545
14247,0.00019164431432727724
14248,0.0
14249,0.003066309029236436
14250,0.00019164431432727724
14251,0.0
14252,0.00019164431432727724
14253,0.0
14254,0.000766577257309109
14255,0.000574932899326086
14256,0.0
14257,0.000958221557084471
14258,0.00344959762878716
14259,0.0
14260,0.00019164431432727724
14261,0.1000383272767067
14262,0.000574932899326086
14263,0.0
14264,0.0
14265,0.0
14266,0.000958221557084471
14267,0.001533154514618218
14268,0.0
14269,0.0
14270,0.0
14271,0.000766577257309109
14272,0.0
14273,0.000574932899326086
14274,0.0
14275,0.000958221557084471
14276,0.0
14277,0.003257953329011798
14278,0.42065924406051636
14279,0.000574932899326086
14280,0.00019164431432727724
14281,0.49827519059181213
14282,0.000574932899326086
14283,0.0
14284,0.0
14285,0.007282483857125044
14286,0.17190495133399963
14287,0.001533154514618218
14288,0.0
14289,0.0
14290,0.00019164431432727724
14291,0.0003832886286545545
14292,0.00019164431432727724
14293,0.000574932899326086
14294,0.0
14295,0.002299731597304344
14296,0.0003832886286545545
14297,0.003832886228337884
14298,0.000574932899326086
14299,0.13491758704185486
14300,0.00019164431432727724
14301,0.009007282555103302
14302,0.0
14303,0.0
14304,0.0003832886286545545
14305,0.0003832886286545545
14306,0.017631275579333305
14307,0.000766577257309109
14308,0.0
14309,0.001533154514618218
14310,0.0
14311,0.001149865798652172
14312,0.007665772456675768
14313,0.0
14314,0.0
14315,0.4325411915779114
14316,0.041011881083250046
14317,0.0
14318,0.0
14319,0.032962821424007416
14320,0.001149865798652172
14321,0.001149865798652172
14322,0.07838252186775208
14323,0.000766577257309109
14324,0.0
14325,0.00019164431432727724
14326,0.0003832886286545545
14327,0.00019164431432727724
14328,0.0003832886286545545
14329,0.002683020429685712
14330,0.000958221557084471
14331,0.0
14332,0.0003832886286545545
14333,0.0
14334,0.002683020429685712
14335,0.0
14336,0.000766577257309109
14337,0.000766577257309109
14338,0.0
14339,0.0
14340,0.0
14341,0.000574932899326086
14342,0.004407818894833326
14343,0.0
14344,0.0
14345,0.000766577257309109
14346,0.000766577257309109
14347,0.000574932899326086
14348,0.001916443114168942
14349,0.001341510214842856
14350,0.0
14351,0.0003832886286545545
14352,0.008623993955552578
14353,0.0
14354,0.000574932899326086
14355,0.001149865798652172
14356,0.000766577257309109
14357,0.0
14358,0.000766577257309109
14359,0.003066309029236436
14360,0.010348792187869549
14361,0.0003832886286545545
14362,0.023955538868904114
14363,0.00019164431432727724
14364,0.000766577257309109
14365,0.00019164431432727724
14366,0.0003832886286545545
14367,0.0003832886286545545
14368,0.0
14369,0.000574932899326086
14370,0.0
14371,0.0
14372,0.0
14373,0.0
14374,0.000766577257309109
14375,0.0
14376,0.009007282555103302
14377,0.262935996055603
14378,0.002683020429685712
14379,0.0
14380,0.2368723601102829
14381,0.00019164431432727724
14382,0.0
14383,0.04082023724913597
14384,0.000574932899326086
14385,0.0003832886286545545
14386,0.004216174595057964
14387,0.001533154514618218
14388,0.0
14389,0.00019164431432727724
14390,0.0
14391,0.0
14392,0.0
14393,0.09007282555103302
14394,0.0
14395,0.000766577257309109
14396,0.009390571154654026
14397,0.00019164431432727724
14398,0.0
14399,0.014948256313800812
14400,0.0
14401,0.20965887606143951
14402,0.00019164431432727724
14403,0.0
14404,0.0
14405,0.004024530295282602
14406,0.005557685159146786
14407,0.000958221557084471
14408,0.00019164431432727724
14409,0.003641241928562522
14410,0.0
14411,0.000574932899326086
14412,0.00019164431432727724
14413,0.0
14414,0.0003832886286545545
14415,0.000574932899326086
14416,0.3909543752670288
14417,0.00172479881439358
14418,0.001149865798652172
14419,0.030854733660817146
14420,0.001916443114168942
14421,0.005366040859371424
14422,0.002299731597304344
14423,0.0003832886286545545
14424,0.001916443114168942
14425,0.00019164431432727724
14426,0.00019164431432727724
14427,0.0
14428,0.0
14429,0.00019164431432727724
14430,0.0
14431,0.0
14432,0.001149865798652172
14433,0.009007282555103302
14434,0.0
14435,0.0
14436,0.004599463194608688
14437,0.001149865798652172
14438,0.000574932899326086
14439,0.0003832886286545545
14440,0.0
14441,0.000766577257309109
14442,0.0
14443,0.0003832886286545545
14444,0.001341510214842856
14445,0.00019164431432727724
14446,0.00019164431432727724
14447,0.34610962867736816
14448,0.0
14449,0.0
14450,0.008432349190115929
14451,0.001533154514618218
14452,0.052893828600645065
14453,0.00019164431432727724
14454,0.002874664729461074
14455,0.0003832886286545545
14456,0.0
14457,0.000958221557084471
14458,0.003066309029236436
14459,0.023955538868904114
14460,0.00019164431432727724
14461,0.0
14462,0.0003832886286545545
14463,0.000766577257309109
14464,0.000574932899326086
14465,0.0
14466,0.0
14467,0.001533154514618218
14468,0.001149865798652172
14469,0.0
14470,0.00019164431432727724
14471,0.0003832886286545545
14472,0.030854733660817146
14473,0.00019164431432727724
14474,0.0
14475,0.0
14476,0.00019164431432727724
14477,0.000958221557084471
14478,0.011498658917844296
14479,0.000958221557084471
14480,0.0003832886286545545
14481,0.0003832886286545545
14482,0.0003832886286545545
14483,0.0003832886286545545
14484,0.000574932899326086
14485,0.02510540373623371
14486,0.0
14487,0.0
14488,0.002108087297528982
14489,0.6088539958000183
14490,0.0003832886286545545
14491,0.000574932899326086
14492,0.000574932899326086
14493,0.03813721612095833
14494,0.0
14495,0.0
14496,0.12840168178081512
14497,0.013990034349262714
14498,0.00019164431432727724
14499,0.0
14500,0.0003832886286545545
14501,0.0003832886286545545
14502,0.000958221557084471
14503,0.0003832886286545545
14504,0.0
14505,0.00689919525757432
14506,0.0003832886286545545
14507,0.0
14508,0.000958221557084471
14509,0.000958221557084471
14510,0.00172479881439358
14511,0.000958221557084471
14512,0.0
14513,0.014181679114699364
14514,0.00019164431432727724
14515,0.000574932899326086
14516,0.0
14517,0.0003832886286545545
14518,0.0003832886286545545
14519,0.00019164431432727724
14520,0.000574932899326086
14521,0.00019164431432727724
14522,0.002874664729461074
14523,0.000574932899326086
14524,0.000958221557084471
14525,0.8815638422966003
14526,0.00019164431432727724
14527,0.00019164431432727724
14528,0.010732081718742847
14529,0.0003832886286545545
14530,0.1316596418619156
14531,0.0
14532,0.0003832886286545545
14533,0.0
14534,0.2315063178539276
14535,0.0
14536,0.0
14537,0.003832886228337884
14538,0.000958221557084471
14539,0.001916443114168942
14540,0.0
14541,0.0003832886286545545
14542,0.00019164431432727724
14543,0.0003832886286545545
14544,0.000574932899326086
14545,0.0003832886286545545
14546,0.00019164431432727724
14547,0.00019164431432727724
14548,0.0003832886286545545
14549,0.5958221554756165
14550,0.9193177223205566
14551,0.00019164431432727724
14552,0.000574932899326086
14553,0.001533154514618218
14554,0.10463779419660568
14555,0.0
14556,0.015139900147914886
14557,0.001341510214842856
14558,0.00172479881439358
14559,0.00019164431432727724
14560,0.003832886228337884
14561,0.0
14562,0.0003832886286545545
14563,0.0003832886286545545
14564,0.0
14565,0.000958221557084471
14566,0.0
14567,0.00019164431432727724
14568,0.0
14569,0.0
14570,0.0
14571,0.0003832886286545545
14572,0.0
14573,0.000574932899326086
14574,0.013990034349262714
14575,0.0
14576,0.00019164431432727724
14577,0.001533154514618218
14578,0.000958221557084471
14579,0.018972786143422127
14580,0.0
14581,0.31391337513923645
14582,0.000574932899326086
14583,0.0
14584,0.00019164431432727724
14585,0.05615178123116493
14586,0.00019164431432727724
14587,0.001533154514618218
14588,0.015139900147914886
14589,0.0
14590,0.0003832886286545545
14591,0.015906477347016335
14592,0.0
14593,0.0003832886286545545
14594,0.000766577257309109
14595,0.0
14596,0.0003832886286545545
14597,0.0003832886286545545
14598,0.0
14599,0.0003832886286545545
14600,0.001149865798652172
14601,0.003257953329011798
14602,0.0
14603,0.024530472233891487
14604,0.0003832886286545545
14605,0.0
14606,0.0
14607,0.0
14608,0.0
14609,0.0003832886286545545
14610,0.00019164431432727724
14611,0.06707550585269928
14612,0.0003832886286545545
14613,0.000766577257309109
14614,0.0
14615,0.0003832886286545545
14616,0.00019164431432727724
14617,0.0
14618,0.000958221557084471
14619,0.0003832886286545545
14620,0.0
14621,0.00019164431432727724
14622,0.00977385975420475
14623,0.11326178908348083
14624,0.0
14625,0.00019164431432727724
14626,0.002683020429685712
14627,0.0
14628,0.004599463194608688
14629,0.0
14630,0.000766577257309109
14631,0.001533154514618218
14632,0.000766577257309109
14633,0.000766577257309109
14634,0.000574932899326086
14635,0.23878881335258484
14636,0.02510540373623371
14637,0.0
14638,0.0003832886286545545
14639,0.0
14640,0.0
14641,0.12571866810321808
14642,0.038903795182704926
14643,0.0
14644,0.002299731597304344
14645,0.11977769434452057
14646,0.0
14647,0.0
14648,0.003066309029236436
14649,0.001533154514618218
14650,0.022614028304815292
14651,0.0
14652,0.0
14653,0.0003832886286545545
14654,0.00019164431432727724
14655,0.0
14656,0.000958221557084471
14657,0.00019164431432727724
14658,0.0003832886286545545
14659,0.0
14660,0.003257953329011798
14661,0.001341510214842856
14662,0.0
14663,0.00019164431432727724
14664,0.00019164431432727724
14665,0.9532387852668762
14666,0.001533154514618218
14667,0.0
14668,0.002299731597304344
14669,0.001149865798652172
14670,0.0
14671,0.00019164431432727724
14672,0.0
14673,0.00019164431432727724
14674,0.0
14675,0.0
14676,0.0
14677,0.28363358974456787
14678,0.0
14679,0.0
14680,0.00172479881439358
14681,0.000574932899326086
14682,0.0
14683,0.0
14684,0.0
14685,0.00019164431432727724
14686,0.0
14687,0.001341510214842856
14688,0.002299731597304344
14689,0.0
14690,0.0
14691,0.0
14692,0.00019164431432727724
14693,0.0
14694,0.0003832886286545545
14695,0.003641241928562522
14696,0.00019164431432727724
14697,0.0
14698,0.000574932899326086
14699,0.0
14700,0.0003832886286545545
14701,0.0
14702,0.000574932899326086
14703,0.0
14704,0.0
14705,0.001533154514618218
14706,0.0
14707,0.0
14708,0.000574932899326086
14709,0.0003832886286545545
14710,0.1834035962820053
14711,0.0
14712,0.031621310859918594
14713,0.0003832886286545545
14714,0.0003832886286545545
14715,0.0
14716,0.0
14717,0.000766577257309109
14718,0.00019164431432727724
14719,0.000766577257309109
14720,0.008049060590565205
14721,0.000574932899326086
14722,0.00019164431432727724
14723,0.00344959762878716
14724,0.000574932899326086
14725,0.009390571154654026
14726,0.000766577257309109
14727,0.06151782348752022
14728,0.000958221557084471
14729,0.0003832886286545545
14730,0.0
14731,0.0
14732,0.0003832886286545545
14733,0.00019164431432727724
14734,0.005557685159146786
14735,0.00019164431432727724
14736,0.0003832886286545545
14737,0.001149865798652172
14738,0.0
14739,0.0003832886286545545
14740,0.00019164431432727724
14741,0.0003832886286545545
14742,0.000958221557084471
14743,0.004407818894833326
14744,0.00019164431432727724
14745,0.001149865798652172
14746,0.000574932899326086
14747,0.0
14748,0.000766577257309109
14749,0.0003832886286545545
14750,0.0003832886286545545
14751,0.0
14752,0.000958221557084471
14753,0.0
14754,0.0
14755,0.0
14756,0.000766577257309109
14757,0.0
14758,0.0003832886286545545
14759,0.0003832886286545545
14760,0.00019164431432727724
14761,0.0
14762,0.0
14763,0.0
14764,0.00019164431432727724
14765,0.0
14766,0.0
14767,0.001533154514618218
14768,0.004024530295282602
14769,0.0
14770,0.002299731597304344
14771,0.0
14772,0.0
14773,0.0
14774,0.002874664729461074
14775,0.0
14776,0.0
14777,0.000766577257309109
14778,0.000574932899326086
14779,0.0
14780,0.0
14781,0.0
14782,0.0003832886286545545
14783,0.0
14784,0.0003832886286545545
14785,0.0
14786,0.017631275579333305
14787,0.0
14788,0.0
14789,0.004982751794159412
14790,0.007665772456675768
14791,0.0
14792,0.00019164431432727724
14793,0.000766577257309109
14794,0.0003832886286545545
14795,0.0
14796,0.0
14797,0.0
14798,0.0
14799,0.001149865798652172
14800,0.000574932899326086
14801,0.0
14802,0.0
14803,0.0003832886286545545
14804,0.001533154514618218
14805,0.000958221557084471
14806,0.0003832886286545545
14807,0.015906477347016335
14808,0.0
14809,0.000958221557084471
14810,0.002874664729461074
14811,0.0003832886286545545
14812,0.00019164431432727724
14813,0.003257953329011798
14814,0.0003832886286545545
14815,0.0
14816,0.0
14817,0.0
14818,0.2188577950000763
14819,0.03315446525812149
14820,0.0
14821,0.000766577257309109
14822,0.00689919525757432
14823,0.000574932899326086
14824,0.000574932899326086
14825,0.010348792187869549
14826,0.0003832886286545545
14827,0.003066309029236436
14828,0.0
14829,0.005749329458922148
14830,0.0
14831,0.000766577257309109
14832,0.0
14833,0.0
14834,0.0
14835,0.00689919525757432
14836,0.00019164431432727724
14837,0.000766577257309109
14838,0.0
14839,0.0003832886286545545
14840,0.8871214985847473
14841,0.0
14842,0.000766577257309109
14843,0.0
14844,0.001149865798652172
14845,0.03487926349043846
14846,0.00019164431432727724
14847,0.0003832886286545545
14848,0.0
14849,0.0
14850,0.0
14851,0.0
14852,0.018781142309308052
14853,0.0
14854,0.001149865798652172
14855,0.001149865798652172
14856,0.0
14857,0.0
14858,0.000766577257309109
14859,0.000766577257309109
14860,0.000958221557084471
14861,0.08202376216650009
14862,0.0003832886286545545
14863,0.001533154514618218
14864,0.0
14865,0.0003832886286545545
14866,0.0003832886286545545
14867,0.00019164431432727724
14868,0.000574932899326086
14869,0.00019164431432727724
14870,0.00019164431432727724
14871,0.0
14872,0.0
14873,0.06247604265809059
14874,0.00019164431432727724
14875,0.00019164431432727724
14876,0.3631659746170044
14877,0.004216174595057964
14878,0.0003832886286545545
14879,0.06285933405160904
14880,0.005749329458922148
14881,0.0
14882,0.00019164431432727724
14883,0.0
14884,0.000574932899326086
14885,0.0
14886,0.0003832886286545545
14887,0.0003832886286545545
14888,0.001533154514618218
14889,0.000574932899326086
14890,0.000574932899326086
14891,0.00019164431432727724
14892,0.00019164431432727724
14893,0.014756611548364162
14894,0.00344959762878716
14895,0.00019164431432727724
14896,0.000766577257309109
14897,0.021464163437485695
14898,0.000766577257309109
14899,0.0003832886286545545
14900,0.007090839557349682
14901,0.06477577984333038
14902,0.0003832886286545545
14903,0.0
14904,0.0
14905,0.0
14906,0.00019164431432727724
14907,0.000766577257309109
14908,0.000766577257309109
14909,0.000574932899326086
14910,0.0
14911,0.0
14912,0.00019164431432727724
14913,0.14085856080055237
14914,0.0003832886286545545
14915,0.0
14916,0.00019164431432727724
14917,0.00594097375869751
14918,0.0003832886286545545
14919,0.0003832886286545545
14920,0.0003832886286545545
14921,0.00019164431432727724
14922,0.005557685159146786
14923,0.0
14924,0.00019164431432727724
14925,0.002491375897079706
14926,0.012456879951059818
14927,0.00019164431432727724
14928,0.001533154514618218
14929,0.000766577257309109
14930,0.0
14931,0.00019164431432727724
14932,0.00019164431432727724
14933,0.001149865798652172
14934,0.000766577257309109
14935,0.024530472233891487
14936,0.001533154514618218
14937,0.0
14938,0.10540436953306198
14939,0.000958221557084471
14940,0.0
14941,0.0003832886286545545
14942,0.020505940541625023
14943,0.00172479881439358
14944,0.0
14945,0.0003832886286545545
14946,0.001916443114168942
14947,0.000766577257309109
14948,0.0
14949,0.0
14950,0.0
14951,0.0
14952,0.0
14953,0.007282483857125044
14954,0.00019164431432727724
14955,0.0
14956,0.0003832886286545545
14957,0.0003832886286545545
14958,0.0
14959,0.0003832886286545545
14960,0.0
14961,0.02414718270301819
14962,0.00019164431432727724
14963,0.00019164431432727724
14964,0.00344959762878716
14965,0.0003832886286545545
14966,0.0003832886286545545
14967,0.0
14968,0.0
14969,0.0
14970,0.0003832886286545545
14971,0.0003832886286545545
14972,0.00019164431432727724
14973,0.001341510214842856
14974,0.4768110513687134
14975,0.5825986862182617
14976,0.0
14977,0.0
14978,0.0
14979,0.0
14980,0.0
14981,0.0
14982,0.0003832886286545545
14983,0.002299731597304344
14984,0.0
14985,0.0
14986,0.0003832886286545545
14987,0.000766577257309109
14988,0.002683020429685712
14989,0.0003832886286545545
14990,0.0003832886286545545
14991,0.00019164431432727724
14992,0.00019164431432727724
14993,0.003066309029236436
14994,0.0
14995,0.001341510214842856
14996,0.000574932899326086
14997,0.000958221557084471
14998,0.0003832886286545545
14999,0.000766577257309109
15000,0.0
15001,0.001149865798652172
15002,0.0003832886286545545
15003,0.001149865798652172
15004,0.0
15005,0.000574932899326086
15006,0.0
15007,0.0
15008,0.0003832886286545545
15009,0.0
15010,0.0003832886286545545
15011,0.0
15012,0.022422384470701218
15013,0.6146032810211182
15014,0.0
15015,0.000766577257309109
15016,0.000574932899326086
15017,0.07129168510437012
15018,0.00019164431432727724
15019,0.014181679114699364
15020,0.000958221557084471
15021,0.00019164431432727724
15022,0.001341510214842856
15023,0.000574932899326086
15024,0.0003832886286545545
15025,0.00019164431432727724
15026,0.0
15027,0.0
15028,0.0003832886286545545
15029,0.0
15030,0.011307014152407646
15031,0.06381755322217941
15032,0.00019164431432727724
15033,0.0
15034,0.0003832886286545545
15035,0.0
15036,0.22460712492465973
15037,0.000766577257309109
15038,0.00019164431432727724
15039,0.0003832886286545545
15040,0.0003832886286545545
15041,0.02299731783568859
15042,0.004024530295282602
15043,0.0
15044,0.0
15045,0.00019164431432727724
15046,0.00019164431432727724
15047,0.00019164431432727724
15048,0.000958221557084471
15049,0.000766577257309109
15050,0.00019164431432727724
15051,0.00785741675645113
15052,0.000766577257309109
15053,0.2698351740837097
15054,0.02127251774072647
15055,0.0
15056,0.4586048424243927
15057,0.0
15058,0.001149865798652172
15059,0.0003832886286545545
15060,0.005749329458922148
15061,0.0
15062,0.008623993955552578
15063,0.0003832886286545545
15064,0.00019164431432727724
15065,0.000574932899326086
15066,0.0
15067,0.0
15068,0.004599463194608688
15069,0.0
15070,0.0
15071,0.0
15072,0.003641241928562522
15073,0.000766577257309109
15074,0.0
15075,0.00019164431432727724
15076,0.0
15077,0.0
15078,0.001341510214842856
15079,0.00019164431432727724
15080,0.0
15081,0.04331161454319954
15082,0.0
15083,0.0
15084,0.0003832886286545545
15085,0.000574932899326086
15086,0.0
15087,0.000574932899326086
15088,0.0
15089,0.0
15090,0.00479110749438405
15091,0.0
15092,0.001149865798652172
15093,0.0
15094,0.000766577257309109
15095,0.004407818894833326
15096,0.0
15097,0.00019164431432727724
15098,0.000574932899326086
15099,0.00019164431432727724
15100,0.00019164431432727724
15101,0.0
15102,0.0003832886286545545
15103,0.010157148353755474
15104,0.0
15105,0.000766577257309109
15106,0.0003832886286545545
15107,0.0
15108,0.0
15109,0.3758144974708557
15110,0.0003832886286545545
15111,0.000958221557084471
15112,0.0
15113,0.0003832886286545545
15114,0.000958221557084471
15115,0.00019164431432727724
15116,0.002108087297528982
15117,0.0
15118,0.003066309029236436
15119,0.0003832886286545545
15120,0.0
15121,0.0
15122,0.015139900147914886
15123,0.001341510214842856
15124,0.000766577257309109
15125,0.024338826537132263
15126,0.0
15127,0.00019164431432727724
15128,0.0003832886286545545
15129,0.00019164431432727724
15130,0.001149865798652172
15131,0.05615178123116493
15132,0.0
15133,0.004024530295282602
15134,0.0
15135,0.020122652873396873
15136,0.0
15137,0.0003832886286545545
15138,0.000574932899326086
15139,0.006324262358248234
15140,0.0
15141,0.0
15142,0.0
15143,0.0
15144,0.000766577257309109
15145,0.0
15146,0.00019164431432727724
15147,0.0
15148,0.00019164431432727724
15149,0.0
15150,0.00019164431432727724
15151,0.00019164431432727724
15152,0.000766577257309109
15153,0.0003832886286545545
15154,0.002874664729461074
15155,0.000958221557084471
15156,0.0
15157,0.000766577257309109
15158,0.00019164431432727724
15159,0.00019164431432727724
15160,0.0
15161,0.000574932899326086
15162,0.0
15163,0.000574932899326086
15164,0.0
15165,0.0
15166,0.00019164431432727724
15167,0.001149865798652172
15168,0.0
15169,0.0
15170,0.0003832886286545545
15171,0.13664239645004272
15172,0.0
15173,0.0
15174,0.0
15175,0.0
15176,0.000574932899326086
15177,0.01705634407699108
15178,0.0
15179,0.005557685159146786
15180,0.022614028304815292
15181,0.00019164431432727724
15182,0.001533154514618218
15183,0.019739363342523575
15184,0.0
15185,0.000574932899326086
15186,0.0003832886286545545
15187,0.005174396093934774
15188,0.0003832886286545545
15189,0.0
15190,0.013223457150161266
15191,0.0003832886286545545
15192,0.1368340402841568
15193,0.0
15194,0.0
15195,0.00019164431432727724
15196,0.007665772456675768
15197,0.001149865798652172
15198,0.00019164431432727724
15199,0.000766577257309109
15200,0.0
15201,0.0003832886286545545
15202,0.000958221557084471
15203,0.0
15204,0.0
15205,0.00019164431432727724
15206,0.0003832886286545545
15207,0.002683020429685712
15208,0.000574932899326086
15209,0.0003832886286545545
15210,0.002108087297528982
15211,0.00019164431432727724
15212,0.00019164431432727724
15213,0.003832886228337884
15214,0.0
15215,0.08202376216650009
15216,0.0
15217,0.0003832886286545545
15218,0.000766577257309109
15219,0.030279800295829773
15220,0.637408971786499
15221,0.0
15222,0.00019164431432727724
15223,0.0
15224,0.0
15225,0.0
15226,0.000574932899326086
15227,0.000766577257309109
15228,0.0
15229,0.34706783294677734
15230,0.0
15231,0.00019164431432727724
15232,0.0
15233,0.00019164431432727724
15234,0.0
15235,0.0
15236,0.0003832886286545545
15237,0.0
15238,0.000574932899326086
15239,0.032004598528146744
15240,0.0
15241,0.0003832886286545545
15242,0.0
15243,0.02203909493982792
15244,0.004024530295282602
15245,0.0
15246,0.00019164431432727724
15247,0.0
15248,0.001149865798652172
15249,0.000766577257309109
15250,0.0
15251,0.0003832886286545545
15252,0.0
15253,0.00019164431432727724
15254,0.011115370318293571
15255,0.0
15256,0.0003832886286545545
15257,0.009007282555103302
15258,0.0
15259,0.004407818894833326
15260,0.004982751794159412
15261,0.00019164431432727724
15262,0.000574932899326086
15263,0.0
15264,0.00019164431432727724
15265,0.0003832886286545545
15266,0.009390571154654026
15267,0.0003832886286545545
15268,0.00019164431432727724
15269,0.0
15270,0.0
15271,0.0003832886286545545
15272,0.0
15273,0.0
15274,0.001341510214842856
15275,0.002299731597304344
15276,0.000766577257309109
15277,0.00172479881439358
15278,0.0003832886286545545
15279,0.021847451105713844
15280,0.0
15281,0.0
15282,0.000574932899326086
15283,0.0003832886286545545
15284,0.0
15285,0.3790724277496338
15286,0.004216174595057964
15287,0.03775392845273018
15288,0.0003832886286545545
15289,0.03947872668504715
15290,0.0
15291,0.0003832886286545545
15292,0.0
15293,0.0003832886286545545
15294,0.0
15295,0.0003832886286545545
15296,0.0
15297,0.03602913022041321
15298,0.0
15299,0.002299731597304344
15300,0.001149865798652172
15301,0.00019164431432727724
15302,0.002299731597304344
15303,0.00019164431432727724
15304,0.0
15305,0.0
15306,0.0
15307,0.0003832886286545545
15308,0.000958221557084471
15309,0.00019164431432727724
15310,0.0
15311,0.007090839557349682
15312,0.005174396093934774
15313,0.00019164431432727724
15314,0.0003832886286545545
15315,0.001149865798652172
15316,0.0
15317,0.0
15318,0.00019164431432727724
15319,0.0
15320,0.00344959762878716
15321,0.000574932899326086
15322,0.0
15323,0.00019164431432727724
15324,0.0003832886286545545
15325,0.0
15326,0.0
15327,0.003066309029236436
15328,0.06880030781030655
15329,0.001149865798652172
15330,0.00019164431432727724
15331,0.0
15332,0.0003832886286545545
15333,0.000766577257309109
15334,0.000766577257309109
15335,0.0003832886286545545
15336,0.0003832886286545545
15337,0.0003832886286545545
15338,0.000574932899326086
15339,0.0
15340,0.0
15341,0.0
15342,0.000574932899326086
15343,0.00019164431432727724
15344,0.002108087297528982
15345,0.0
15346,0.9279417395591736
15347,0.6966270804405212
15348,0.000958221557084471
15349,0.0
15350,0.010732081718742847
15351,0.00019164431432727724
15352,0.001149865798652172
15353,0.001533154514618218
15354,0.0
15355,0.0003832886286545545
15356,0.001341510214842856
15357,0.18148715794086456
15358,0.0
15359,0.002683020429685712
15360,0.002874664729461074
15361,0.008815637789666653
15362,0.0003832886286545545
15363,0.001341510214842856
15364,0.000766577257309109
15365,0.00019164431432727724
15366,0.0003832886286545545
15367,0.002683020429685712
15368,0.000574932899326086
15369,0.0
15370,0.0
15371,0.0003832886286545545
15372,0.000574932899326086
15373,0.000766577257309109
15374,0.000766577257309109
15375,0.7602529525756836
15376,0.0
15377,0.3668071925640106
15378,0.001149865798652172
15379,0.0
15380,0.000574932899326086
15381,0.2790341079235077
15382,0.000766577257309109
15383,0.0003832886286545545
15384,0.00019164431432727724
15385,0.0
15386,0.0
15387,0.0
15388,0.00019164431432727724
15389,0.0003832886286545545
15390,0.00019164431432727724
15391,0.0
15392,0.0003832886286545545
15393,0.0
15394,0.0
15395,0.001341510214842856
15396,0.003066309029236436
15397,0.0003832886286545545
15398,0.0003832886286545545
15399,0.00019164431432727724
15400,0.000766577257309109
15401,0.00019164431432727724
15402,0.0
15403,0.0504024513065815
15404,0.00019164431432727724
15405,0.000766577257309109
15406,0.00019164431432727724
15407,0.9444231390953064
15408,0.00019164431432727724
15409,0.005174396093934774
15410,0.0
15411,0.000766577257309109
15412,0.012456879951059818
15413,0.07991567999124527
15414,0.0
15415,0.0
15416,0.0
15417,0.001149865798652172
15418,0.0
15419,0.002299731597304344
15420,0.00019164431432727724
15421,0.000958221557084471
15422,0.0
15423,0.0003832886286545545
15424,0.00019164431432727724
15425,0.000766577257309109
15426,0.0
15427,0.016864698380231857
15428,0.000574932899326086
15429,0.0
15430,0.016864698380231857
15431,0.000958221557084471
15432,0.001916443114168942
15433,0.0003832886286545545
15434,0.0
15435,0.000766577257309109
15436,0.0
15437,0.00019164431432727724
15438,0.0
15439,0.0003832886286545545
15440,0.00019164431432727724
15441,0.004599463194608688
15442,0.0
15443,0.5065159201622009
15444,0.0
15445,0.0
15446,0.0
15447,0.000958221557084471
15448,0.0
15449,0.00019164431432727724
15450,0.00019164431432727724
15451,0.0
15452,0.0
15453,0.000574932899326086
15454,0.00019164431432727724
15455,0.0003832886286545545
15456,0.001341510214842856
15457,0.0003832886286545545
15458,0.0
15459,0.0003832886286545545
15460,0.001341510214842856
15461,0.002108087297528982
15462,0.00019164431432727724
15463,0.0
15464,0.013415101915597916
15465,0.0
15466,0.026063626632094383
15467,0.0
15468,0.0
15469,0.0
15470,0.0003832886286545545
15471,0.0
15472,0.0
15473,0.0
15474,0.0
15475,0.00019164431432727724
15476,0.003641241928562522
15477,0.000574932899326086
15478,0.0
15479,0.026063626632094383
15480,0.000958221557084471
15481,0.000766577257309109
15482,0.0
15483,0.0
15484,0.0
15485,0.01609812118113041
15486,0.0003832886286545545
15487,0.000574932899326086
15488,0.000574932899326086
15489,0.17458796501159668
15490,0.0
15491,0.0
15492,0.0003832886286545545
15493,0.00172479881439358
15494,0.000766577257309109
15495,0.004024530295282602
15496,0.13932541012763977
15497,0.0
15498,0.002299731597304344
15499,0.001533154514618218
15500,0.0
15501,0.001149865798652172
15502,0.0003832886286545545
15503,0.10214641690254211
15504,0.0
15505,0.0003832886286545545
15506,0.003066309029236436
15507,0.000574932899326086
15508,0.0003832886286545545
15509,0.0
15510,0.0
15511,0.01571483351290226
15512,0.014948256313800812
15513,0.0003832886286545545
15514,0.0
15515,0.006132618058472872
15516,0.00019164431432727724
15517,0.007474128156900406
15518,0.0003832886286545545
15519,0.00019164431432727724
15520,0.00019164431432727724
15521,0.000766577257309109
15522,0.000766577257309109
15523,0.0
15524,0.0
15525,0.000574932899326086
15526,0.0
15527,0.0003832886286545545
15528,0.00019164431432727724
15529,0.004599463194608688
15530,0.023955538868904114
15531,0.0
15532,0.0003832886286545545
15533,0.003066309029236436
15534,0.0003832886286545545
15535,0.003257953329011798
15536,0.000766577257309109
15537,0.000574932899326086
15538,0.000958221557084471
15539,0.000766577257309109
15540,0.03947872668504715
15541,0.000766577257309109
15542,0.008815637789666653
15543,0.0
15544,0.0
15545,0.003832886228337884
15546,0.0
15547,0.0003832886286545545
15548,0.003066309029236436
15549,0.0
15550,0.00019164431432727724
15551,0.0
15552,0.0
15553,0.001533154514618218
15554,0.0003832886286545545
15555,0.006132618058472872
15556,0.005749329458922148
15557,0.0003832886286545545
15558,0.9292832612991333
15559,0.0
15560,0.00019164431432727724
15561,0.0
15562,0.0
15563,0.0
15564,0.00019164431432727724
15565,0.0
15566,0.0
15567,0.001149865798652172
15568,0.000574932899326086
15569,0.0
15570,0.0
15571,0.0
15572,0.000766577257309109
15573,0.0
15574,0.0
15575,0.001533154514618218
15576,0.00019164431432727724
15577,0.0
15578,0.0
15579,0.004024530295282602
15580,0.0
15581,0.0
15582,0.009390571154654026
15583,0.002299731597304344
15584,0.0
15585,0.0
15586,0.0
15587,0.00019164431432727724
15588,0.0
15589,0.0
15590,0.0
15591,0.000958221557084471
15592,0.0003832886286545545
15593,0.0
15594,0.000574932899326086
15595,0.002683020429685712
15596,0.006324262358248234
15597,0.0
15598,0.001341510214842856
15599,0.0
15600,0.002108087297528982
15601,0.0003832886286545545
15602,0.0003832886286545545
15603,0.0
15604,0.0003832886286545545
15605,0.001533154514618218
15606,0.0
15607,0.0
15608,0.02088923007249832
15609,0.0
15610,0.00019164431432727724
15611,0.002108087297528982
15612,0.000766577257309109
15613,0.00019164431432727724
15614,0.0871981605887413
15615,0.009965503588318825
15616,0.00019164431432727724
15617,0.0
15618,0.012648524716496468
15619,0.0003832886286545545
15620,0.000958221557084471
15621,0.0003832886286545545
15622,0.0003832886286545545
15623,0.000766577257309109
15624,0.0003832886286545545
15625,0.00019164431432727724
15626,0.06132617965340614
15627,0.0
15628,0.00019164431432727724
15629,0.0
15630,0.003066309029236436
15631,0.0668838620185852
15632,0.00019164431432727724
15633,0.00019164431432727724
15634,0.0003832886286545545
15635,0.0
15636,0.033346109092235565
15637,0.000766577257309109
15638,0.0
15639,0.12591031193733215
15640,0.0
15641,0.6571483612060547
15642,0.0
15643,0.0
15644,0.001149865798652172
15645,0.0003832886286545545
15646,0.0003832886286545545
15647,0.0
15648,0.0
15649,0.0
15650,0.0003832886286545545
15651,0.0003832886286545545
15652,0.00019164431432727724
15653,0.0003832886286545545
15654,0.004599463194608688
15655,0.001149865798652172
15656,0.000958221557084471
15657,0.0
15658,0.002874664729461074
15659,0.18225373327732086
15660,0.0
15661,0.00019164431432727724
15662,0.0
15663,0.001149865798652172
15664,0.0
15665,0.0003832886286545545
15666,0.00019164431432727724
15667,0.2993484139442444
15668,0.0
15669,0.0
15670,0.006324262358248234
15671,0.0
15672,0.018589498475193977
15673,0.0003832886286545545
15674,0.0
15675,0.0
15676,0.000574932899326086
15677,0.0
15678,0.0
15679,0.0
15680,0.000958221557084471
15681,0.0
15682,0.00019164431432727724
15683,0.0
15684,0.000574932899326086
15685,0.0
15686,0.24089689552783966
15687,0.0
15688,0.002874664729461074
15689,0.00019164431432727724
15690,0.0
15691,0.0
15692,0.002874664729461074
15693,0.0
15694,0.0003832886286545545
15695,0.0
15696,0.00019164431432727724
15697,0.0
15698,0.0003832886286545545
15699,0.002299731597304344
15700,0.000574932899326086
15701,0.0
15702,0.002491375897079706
15703,0.0
15704,0.0
15705,0.0
15706,0.0
15707,0.00019164431432727724
15708,0.0003832886286545545
15709,0.006515906658023596
15710,0.0003832886286545545
15711,0.0
15712,0.001916443114168942
15713,0.0003832886286545545
15714,0.00479110749438405
15715,0.00019164431432727724
15716,0.00019164431432727724
15717,0.0003832886286545545
15718,0.00689919525757432
15719,0.0003832886286545545
15720,0.0
15721,0.013031813316047192
15722,0.001149865798652172
15723,0.0
15724,0.0003832886286545545
15725,0.000958221557084471
15726,0.000574932899326086
15727,0.0003832886286545545
15728,0.00689919525757432
15729,0.0
15730,0.001149865798652172
15731,0.0003832886286545545
15732,0.0
15733,0.01552318874746561
15734,0.002491375897079706
15735,0.020697584375739098
15736,0.0
15737,0.07416635006666183
15738,0.0003832886286545545
15739,0.0003832886286545545
15740,0.1481410562992096
15741,0.0
15742,0.0
15743,0.0
15744,0.03238788992166519
15745,0.00019164431432727724
15746,0.001149865798652172
15747,0.001341510214842856
15748,0.00019164431432727724
15749,0.0
15750,0.014373322948813438
15751,0.0
15752,0.0
15753,0.0
15754,0.0003832886286545545
15755,0.0
15756,0.00019164431432727724
15757,0.00172479881439358
15758,0.0
15759,0.029896512627601624
15760,0.001341510214842856
15761,0.002108087297528982
15762,0.012840168550610542
15763,0.0
15764,0.00019164431432727724
15765,0.000958221557084471
15766,0.0
15767,0.18148715794086456
15768,0.000958221557084471
15769,0.003832886228337884
15770,0.0
15771,0.00019164431432727724
15772,0.0003832886286545545
15773,0.000574932899326086
15774,0.000766577257309109
15775,0.0
15776,0.0003832886286545545
15777,0.00019164431432727724
15778,0.001916443114168942
15779,0.00019164431432727724
15780,0.00019164431432727724
15781,0.0003832886286545545
15782,0.0
15783,0.0
15784,0.000574932899326086
15785,0.0
15786,0.0
15787,0.0003832886286545545
15788,0.0
15789,0.0003832886286545545
15790,0.0
15791,0.0
15792,0.0
15793,0.0003832886286545545
15794,0.00019164431432727724
15795,0.0
15796,0.0
15797,0.0
15798,0.0003832886286545545
15799,0.001149865798652172
15800,0.0003832886286545545
15801,0.000958221557084471
15802,0.3602913022041321
15803,0.0
15804,0.000958221557084471
15805,0.08681487292051315
15806,0.000574932899326086
15807,0.0003832886286545545
15808,0.0
15809,0.0003832886286545545
15810,0.0003832886286545545
15811,0.0003832886286545545
15812,0.000958221557084471
15813,0.000574932899326086
15814,0.0
15815,0.0
15816,0.00019164431432727724
15817,0.00019164431432727724
15818,0.00019164431432727724
15819,0.0
15820,0.00019164431432727724
15821,0.0
15822,0.0
15823,0.00019164431432727724
15824,0.0003832886286545545
15825,0.000766577257309109
15826,0.0
15827,0.0003832886286545545
15828,0.000766577257309109
15829,0.0003832886286545545
15830,0.0
15831,0.0
15832,0.00172479881439358
15833,0.0
15834,0.0
15835,0.014564967714250088
15836,0.000766577257309109
15837,0.0
15838,0.00019164431432727724
15839,0.02127251774072647
15840,0.0
15841,0.0
15842,0.000574932899326086
15843,0.0
15844,0.0
15845,0.5850901007652283
15846,0.0003832886286545545
15847,0.00479110749438405
15848,0.03315446525812149
15849,0.0
15850,0.001149865798652172
15851,0.0
15852,0.0003832886286545545
15853,0.0
15854,0.001341510214842856
15855,0.000574932899326086
15856,0.00019164431432727724
15857,0.013415101915597916
15858,0.0
15859,0.0
15860,0.0
15861,0.00019164431432727724
15862,0.0003832886286545545
15863,0.0
15864,0.0003832886286545545
15865,0.00172479881439358
15866,0.0
15867,0.0
15868,0.0003832886286545545
15869,0.000958221557084471
15870,0.0
15871,0.00019164431432727724
15872,0.00019164431432727724
15873,0.0
15874,0.002108087297528982
15875,0.000574932899326086
15876,0.00479110749438405
15877,0.025297049432992935
15878,0.004599463194608688
15879,0.0
15880,0.029129935428500175
15881,0.001149865798652172
15882,0.0
15883,0.00019164431432727724
15884,0.0
15885,0.0003832886286545545
15886,0.00019164431432727724
15887,0.0003832886286545545
15888,0.001533154514618218
15889,0.0
15890,0.0
15891,0.008432349190115929
15892,0.022230740636587143
15893,0.0
15894,0.0
15895,0.0
15896,0.00019164431432727724
15897,0.0
15898,0.000958221557084471
15899,0.015331544913351536
15900,0.22652357816696167
15901,0.00019164431432727724
15902,0.0
15903,0.000574932899326086
15904,0.000574932899326086
15905,0.0
15906,0.0003832886286545545
15907,0.057493291795253754
15908,0.0003832886286545545
15909,0.0003832886286545545
15910,0.03142966702580452
15911,0.000766577257309109
15912,0.003832886228337884
15913,0.000766577257309109
15914,0.0003832886286545545
15915,0.002108087297528982
15916,0.001149865798652172
15917,0.0003832886286545545
15918,0.0003832886286545545
15919,0.0
15920,0.0
15921,0.001916443114168942
15922,0.0003832886286545545
15923,0.000574932899326086
15924,0.000574932899326086
15925,0.003257953329011798
15926,0.001916443114168942
15927,0.0003832886286545545
15928,0.0
15929,0.000958221557084471
15930,0.016864698380231857
15931,0.0
15932,0.001341510214842856
15933,0.0
15934,0.0
15935,0.0
15936,0.0
15937,0.0
15938,0.0
15939,0.000958221557084471
15940,0.0
15941,0.0
15942,0.0003832886286545545
15943,0.000574932899326086
15944,0.00019164431432727724
15945,0.001341510214842856
15946,0.0
15947,0.00019164431432727724
15948,0.000766577257309109
15949,0.00019164431432727724
15950,0.0
15951,0.00019164431432727724
15952,0.0
15953,0.04676121100783348
15954,0.0
15955,0.0003832886286545545
15956,0.0003832886286545545
15957,0.00019164431432727724
15958,0.000574932899326086
15959,0.0
15960,0.0
15961,0.0
15962,0.001916443114168942
15963,0.07780759036540985
15964,0.000958221557084471
15965,0.00019164431432727724
15966,0.0
15967,0.0
15968,0.003641241928562522
15969,0.004599463194608688
15970,0.0003832886286545545
15971,0.0003832886286545545
15972,0.005366040859371424
15973,0.000574932899326086
15974,0.0
15975,0.0
15976,0.0
15977,0.00019164431432727724
15978,0.024722116068005562
15979,0.0
15980,0.00019164431432727724
15981,0.0003832886286545545
15982,0.020122652873396873
15983,0.000574932899326086
15984,0.0
15985,0.0
15986,0.0
15987,0.03947872668504715
15988,0.0003832886286545545
15989,0.0
15990,0.0
15991,0.030471444129943848
15992,0.044844768941402435
15993,0.08930625021457672
15994,0.0
15995,0.021464163437485695
15996,0.00019164431432727724
15997,0.0
15998,0.000574932899326086
15999,0.0003832886286545545
16000,0.6835952401161194
16001,0.17688769102096558
16002,0.0
16003,0.0
16004,0.000958221557084471
16005,0.0
16006,0.039287082850933075
16007,0.10866232216358185
16008,0.00019164431432727724
16009,0.000574932899326086
16010,0.0
16011,0.000574932899326086
16012,0.0003832886286545545
16013,0.0003832886286545545
16014,0.0
16015,0.1527405083179474
16016,0.0
16017,0.00019164431432727724
16018,0.00172479881439358
16019,0.00019164431432727724
16020,0.00019164431432727724
16021,0.009965503588318825
16022,0.002683020429685712
16023,0.0003832886286545545
16024,0.000574932899326086
16025,0.0398620143532753
16026,0.001149865798652172
16027,0.0003832886286545545
16028,0.13261786103248596
16029,0.001149865798652172
16030,0.015139900147914886
16031,0.001149865798652172
16032,0.05615178123116493
16033,0.0003832886286545545
16034,0.0
16035,0.0003832886286545545
16036,0.00019164431432727724
16037,0.0
16038,0.0003832886286545545
16039,0.0
16040,0.0003832886286545545
16041,0.0
16042,0.001341510214842856
16043,0.0
16044,0.001916443114168942
16045,0.0
16046,0.00019164431432727724
16047,0.0
16048,0.000574932899326086
16049,0.000766577257309109
16050,0.0
16051,0.001533154514618218
16052,0.0
16053,0.000574932899326086
16054,0.000958221557084471
16055,0.0
16056,0.000574932899326086
16057,0.000766577257309109
16058,0.0
16059,0.0003832886286545545
16060,0.0003832886286545545
16061,0.005557685159146786
16062,0.0
16063,0.0
16064,0.0
16065,0.0003832886286545545
16066,0.001149865798652172
16067,0.015331544913351536
16068,0.0
16069,0.000574932899326086
16070,0.00479110749438405
16071,0.0
16072,0.0
16073,0.000766577257309109
16074,0.0
16075,0.00019164431432727724
16076,0.001149865798652172
16077,0.0
16078,0.0
16079,0.006132618058472872
16080,0.0
16081,0.01169030275195837
16082,0.0003832886286545545
16083,0.0
16084,0.0
16085,0.0003832886286545545
16086,0.000574932899326086
16087,0.00019164431432727724
16088,0.04599463567137718
16089,0.00019164431432727724
16090,0.000574932899326086
16091,0.001916443114168942
16092,0.000766577257309109
16093,0.0
16094,0.0
16095,0.0003832886286545545
16096,0.0003832886286545545
16097,0.0
16098,0.0
16099,0.027021847665309906
16100,0.01379839051514864
16101,0.0003832886286545545
16102,0.00019164431432727724
16103,0.001533154514618218
16104,0.00172479881439358
16105,0.0
16106,0.00019164431432727724
16107,0.0
16108,0.0003832886286545545
16109,0.0
16110,0.5371789932250977
16111,0.0
16112,0.11747796088457108
16113,0.0
16114,0.0003832886286545545
16115,0.0
16116,0.0003832886286545545
16117,0.0003832886286545545
16118,0.0
16119,0.00019164431432727724
16120,0.0
16121,0.002683020429685712
16122,0.000958221557084471
16123,0.0003832886286545545
16124,0.0
16125,0.0
16126,0.0
16127,0.0
16128,0.0003832886286545545
16129,0.0003832886286545545
16130,0.0
16131,0.0
16132,0.000766577257309109
16133,0.007090839557349682
16134,0.0
16135,0.0003832886286545545
16136,0.14526638388633728
16137,0.004407818894833326
16138,0.001341510214842856
16139,0.24377155303955078
16140,0.00172479881439358
16141,0.0
16142,0.01360674574971199
16143,0.0003832886286545545
16144,0.0003832886286545545
16145,0.0
16146,0.01705634407699108
16147,0.0003832886286545545
16148,0.003832886228337884
16149,0.005366040859371424
16150,0.04235339164733887
16151,0.0
16152,0.000766577257309109
16153,0.0003832886286545545
16154,0.0
16155,0.0
16156,0.0003832886286545545
16157,0.001149865798652172
16158,0.00019164431432727724
16159,0.0
16160,0.000766577257309109
16161,0.0
16162,0.0003832886286545545
16163,0.00019164431432727724
16164,0.014373322948813438
16165,0.0003832886286545545
16166,0.0
16167,0.000574932899326086
16168,0.0
16169,0.04273667931556702
16170,0.0
16171,0.0
16172,0.0
16173,0.004024530295282602
16174,0.0
16175,0.0003832886286545545
16176,0.0003832886286545545
16177,0.0
16178,0.000574932899326086
16179,0.000574932899326086
16180,0.000766577257309109
16181,0.0
16182,0.0
16183,0.00019164431432727724
16184,0.00019164431432727724
16185,0.0
16186,0.001149865798652172
16187,0.000574932899326086
16188,0.00019164431432727724
16189,0.0
16190,0.000766577257309109
16191,0.009198926389217377
16192,0.001149865798652172
16193,0.0
16194,0.00019164431432727724
16195,0.0
16196,0.0
16197,0.0003832886286545545
16198,0.0
16199,0.001916443114168942
16200,0.001916443114168942
16201,0.000766577257309109
16202,0.0
16203,0.0003832886286545545
16204,0.0
16205,0.0003832886286545545
16206,0.0003832886286545545
16207,0.0003832886286545545
16208,0.000766577257309109
16209,0.0
16210,0.0003832886286545545
16211,0.0
16212,0.01743963174521923
16213,0.0003832886286545545
16214,0.02414718270301819
16215,0.024913759902119637
16216,0.001341510214842856
16217,0.010157148353755474
16218,0.0003832886286545545
16219,0.013223457150161266
16220,0.0
16221,0.0
16222,0.00019164431432727724
16223,0.0
16224,0.0
16225,0.000958221557084471
16226,0.0003832886286545545
16227,0.0
16228,0.0496358759701252
16229,0.0
16230,0.0
16231,0.013223457150161266
16232,0.0
16233,0.0003832886286545545
16234,0.002108087297528982
16235,0.18148715794086456
16236,0.0003832886286545545
16237,0.00019164431432727724
16238,0.0
16239,0.00019164431432727724
16240,0.000766577257309109
16241,0.0003832886286545545
16242,0.000766577257309109
16243,0.0003832886286545545
16244,0.0003832886286545545
16245,0.05059409886598587
16246,0.000766577257309109
16247,0.06209275498986244
16248,0.03947872668504715
16249,0.0
16250,0.00019164431432727724
16251,0.000574932899326086
16252,0.000574932899326086
16253,0.00019164431432727724
16254,0.00019164431432727724
16255,0.00019164431432727724
16256,0.000766577257309109
16257,0.00019164431432727724
16258,0.0
16259,0.0
16260,0.0
16261,0.00977385975420475
16262,0.0
16263,0.004216174595057964
16264,0.00019164431432727724
16265,0.000574932899326086
16266,0.002299731597304344
16267,0.000574932899326086
16268,0.002299731597304344
16269,0.00019164431432727724
16270,0.000574932899326086
16271,0.1692219227552414
16272,0.001916443114168942
16273,0.00019164431432727724
16274,0.005557685159146786
16275,0.000958221557084471
16276,0.0
16277,0.0
16278,0.0
16279,0.0
16280,0.002299731597304344
16281,0.0
16282,0.0
16283,0.0
16284,0.0
16285,0.000958221557084471
16286,0.1676887720823288
16287,0.0
16288,0.000574932899326086
16289,0.00019164431432727724
16290,0.012840168550610542
16291,0.003832886228337884
16292,0.0
16293,0.0003832886286545545
16294,0.0003832886286545545
16295,0.000574932899326086
16296,0.00019164431432727724
16297,0.008623993955552578
16298,0.0
16299,0.001341510214842856
16300,0.0
16301,0.00019164431432727724
16302,0.0003832886286545545
16303,0.0003832886286545545
16304,0.0
16305,0.001149865798652172
16306,0.0
16307,0.00019164431432727724
16308,0.000766577257309109
16309,0.001533154514618218
16310,0.0
16311,0.015331544913351536
16312,0.0
16313,0.0
16314,0.00019164431432727724
16315,0.000766577257309109
16316,0.2753928601741791
16317,0.005174396093934774
16318,0.0
16319,0.0
16320,0.0
16321,0.001533154514618218
16322,0.0
16323,0.0003832886286545545
16324,0.0
16325,0.0
16326,0.0
16327,0.0
16328,0.011498658917844296
16329,0.0
16330,0.000574932899326086
16331,0.00019164431432727724
16332,0.014756611548364162
16333,0.0003832886286545545
16334,0.0003832886286545545
16335,0.0
16336,0.0
16337,0.000766577257309109
16338,0.001341510214842856
16339,0.0003832886286545545
16340,0.12035262584686279
16341,0.0
16342,0.000958221557084471
16343,0.000574932899326086
16344,0.00019164431432727724
16345,0.00019164431432727724
16346,0.000766577257309109
16347,0.0003832886286545545
16348,0.0003832886286545545
16349,0.005557685159146786
16350,0.00019164431432727724
16351,0.002491375897079706
16352,0.06860866397619247
16353,0.0
16354,0.0
16355,0.0
16356,0.000574932899326086
16357,0.0003832886286545545
16358,0.0
16359,0.0003832886286545545
16360,0.0
16361,0.0
16362,0.000574932899326086
16363,0.00479110749438405
16364,0.0
16365,0.000574932899326086
16366,0.0003832886286545545
16367,0.0
16368,0.0003832886286545545
16369,0.006707550957798958
16370,0.0003832886286545545
16371,0.000574932899326086
16372,0.00019164431432727724
16373,0.009390571154654026
16374,0.0003832886286545545
16375,0.0
16376,0.004407818894833326
16377,0.0003832886286545545
16378,0.001149865798652172
16379,0.002491375897079706
16380,0.0003832886286545545
16381,0.0
16382,0.0
16383,0.048677653074264526
