basis_id,is_operational_kept,max_user_weight,rank,sign,feature_id,alignment,cosine_alignment,mean_abs_activation,activation_frequency,mean_abs_contribution
0,0,9.079538898504325e-09,0,positive,2260,200.61697387695312,0.12304899096488953,0.8268778324127197,0.7238405346870422,165.88572692871094
0,0,9.079538898504325e-09,1,positive,4017,36.12908172607422,0.02215992659330368,1.9327313899993896,0.5093905925750732,69.82781219482422
0,0,9.079538898504325e-09,2,positive,3034,26.107460021972656,0.016013115644454956,1.9960211515426636,0.9302414655685425,52.11104202270508
0,0,9.079538898504325e-09,3,positive,14665,18.316604614257812,0.011234553530812263,2.4935708045959473,0.9532387852668762,45.67375183105469
0,0,9.079538898504325e-09,4,positive,5802,29.092992782592773,0.017844339832663536,1.2910199165344238,0.8257953524589539,37.55963134765625
0,0,9.079538898504325e-09,5,positive,7909,27.681970596313477,0.016978850588202477,1.2207328081130981,0.5193560719490051,33.79228973388672
0,0,9.079538898504325e-09,6,positive,387,18.842880249023438,0.011557385325431824,1.7332069873809814,0.5728248357772827,32.65861129760742
0,0,9.079538898504325e-09,7,positive,3065,35.78072738647461,0.021946273744106293,0.887001097202301,0.7397470474243164,31.737545013427734
0,0,9.079538898504325e-09,8,positive,14525,16.876127243041992,0.010351022705435753,1.7266929149627686,0.8815638422966003,29.139888763427734
0,0,9.079538898504325e-09,9,positive,5422,14.350571632385254,0.008801975287497044,1.8780075311660767,0.9296665191650391,26.950481414794922
0,0,9.079538898504325e-09,10,positive,14550,10.177210807800293,0.006242216564714909,2.3827693462371826,0.9193177223205566,24.24994659423828
0,0,9.079538898504325e-09,11,positive,8542,15.785929679870605,0.009682352654635906,1.463138461112976,0.8924875259399414,23.097000122070312
0,0,9.079538898504325e-09,12,positive,15375,18.10317611694336,0.011103649623692036,1.2712128162384033,0.7602529525756836,23.012989044189453
0,0,9.079538898504325e-09,13,positive,1027,19.26909065246582,0.011818762868642807,1.1888507604599,0.8901877999305725,22.90807342529297
0,0,9.079538898504325e-09,14,positive,6881,13.214044570922852,0.008104867301881313,1.7117338180541992,0.8752395510673523,22.618927001953125
0,0,9.079538898504325e-09,15,positive,5138,29.354740142822266,0.01800488866865635,0.7374635934829712,0.5534687638282776,21.648052215576172
0,0,9.079538898504325e-09,16,positive,7546,7.996164798736572,0.004904484376311302,2.540210485458374,0.9494059085845947,20.311941146850586
0,0,9.079538898504325e-09,17,positive,4168,25.344141006469727,0.015544968657195568,0.7925502061843872,0.7324645519256592,20.086503982543945
0,0,9.079538898504325e-09,18,positive,7818,28.638811111450195,0.017565704882144928,0.696956992149353,0.7395553588867188,19.960020065307617
0,0,9.079538898504325e-09,19,positive,9222,42.340576171875,0.025969814509153366,0.450920432806015,0.48696818947792053,19.09223175048828
0,0,9.079538898504325e-09,20,positive,995,44.90742492675781,0.027544070035219193,0.40120792388916016,0.5538520216941833,18.017213821411133
0,0,9.079538898504325e-09,21,positive,12368,13.266018867492676,0.008136775344610214,1.3316537141799927,0.727290153503418,17.665742874145508
0,0,9.079538898504325e-09,22,positive,160,27.654802322387695,0.016962211579084396,0.6343713998794556,0.5981218814849854,17.543415069580078
0,0,9.079538898504325e-09,23,positive,4366,21.508840560913086,0.013192538172006607,0.7978999614715576,0.6232272982597351,17.161903381347656
0,0,9.079538898504325e-09,24,positive,2687,19.091981887817383,0.01171016599982977,0.8093263506889343,0.683020293712616,15.451643943786621
0,0,9.079538898504325e-09,25,positive,3638,13.95936393737793,0.00856200885027647,1.0698692798614502,0.8095055818557739,14.934694290161133
0,0,9.079538898504325e-09,26,positive,6675,18.37158966064453,0.011268316768109798,0.812118649482727,0.47087007761001587,14.919910430908203
0,0,9.079538898504325e-09,27,positive,12793,36.8524169921875,0.022603563964366913,0.3727973401546478,0.4518972933292389,13.738483428955078
0,0,9.079538898504325e-09,28,positive,9276,12.782647132873535,0.007840272970497608,1.0369350910186768,0.7397470474243164,13.254775047302246
0,0,9.079538898504325e-09,29,positive,1733,54.5924072265625,0.033484503626823425,0.23735611140727997,0.3524338901042938,12.957841873168945
0,0,9.079538898504325e-09,30,positive,3259,35.80784606933594,0.021962866187095642,0.3606801927089691,0.42506706714630127,12.915181159973145
0,0,9.079538898504325e-09,31,positive,8577,22.56760597229004,0.013841922394931316,0.5650776028633118,0.4722115695476532,12.752449035644531
0,0,9.079538898504325e-09,32,positive,15443,23.636032104492188,0.014497237280011177,0.5071892738342285,0.5065159201622009,11.98794174194336
0,0,9.079538898504325e-09,33,positive,3047,11.346369743347168,0.0069593340158462524,1.0488731861114502,0.45362207293510437,11.90090274810791
0,0,9.079538898504325e-09,34,positive,209,8.670738220214844,0.0053182365372776985,1.219117522239685,0.8838635683059692,10.570649147033691
0,0,9.079538898504325e-09,35,positive,4241,13.238450050354004,0.008119842037558556,0.7698273062705994,0.5835568904876709,10.191320419311523
0,0,9.079538898504325e-09,36,positive,4841,9.304903030395508,0.005707208067178726,0.9922705888748169,0.8229206800460815,9.23298168182373
0,0,9.079538898504325e-09,37,positive,11447,10.420405387878418,0.006391395814716816,0.8826926350593567,0.7244154810905457,9.198015213012695
0,0,9.079538898504325e-09,38,positive,14975,18.299827575683594,0.011224254965782166,0.49980732798576355,0.5825986862182617,9.146388053894043
0,0,9.079538898504325e-09,39,positive,6693,7.655264854431152,0.004695384297519922,1.1766691207885742,0.8574166297912598,9.007713317871094
0,0,9.079538898504325e-09,40,positive,10620,21.493432998657227,0.013183088973164558,0.41908857226371765,0.5143733024597168,9.007652282714844
0,0,9.079538898504325e-09,41,positive,5744,17.95553970336914,0.011013091541826725,0.48347583413124084,0.18167880177497864,8.681069374084473
0,0,9.079538898504325e-09,42,positive,821,38.48200225830078,0.023603076115250587,0.22462797164916992,0.26638558506965637,8.644134521484375
0,0,9.079538898504325e-09,43,positive,1857,35.75053405761719,0.02192774973809719,0.24134774506092072,0.30203142762184143,8.628311157226562
0,0,9.079538898504325e-09,44,positive,11881,11.339106559753418,0.006954903714358807,0.752007007598877,0.7786508202552795,8.527087211608887
0,0,9.079538898504325e-09,45,positive,6575,11.315179824829102,0.006940211169421673,0.7533309459686279,0.693560779094696,8.524075508117676
0,0,9.079538898504325e-09,46,positive,13323,6.992488384246826,0.004288860131055117,1.2182011604309082,0.5051743984222412,8.518257141113281
0,0,9.079538898504325e-09,47,positive,2264,53.24986267089844,0.03266102075576782,0.1552862823009491,0.14775776863098145,8.268973350524902
0,0,9.079538898504325e-09,48,positive,7537,29.54240608215332,0.018119942396879196,0.2794245779514313,0.3623993992805481,8.254874229431152
0,0,9.079538898504325e-09,49,positive,9349,12.514450073242188,0.007675808388739824,0.6429637670516968,0.6128785014152527,8.046338081359863
0,0,9.079538898504325e-09,0,negative,15558,-30.681711196899414,-0.018818696960806847,1.8998169898986816,0.9292832612991333,58.289634704589844
0,0,9.079538898504325e-09,1,negative,8938,-20.62870216369629,-0.012652706354856491,2.47702956199646,0.611536979675293,51.097904205322266
0,0,9.079538898504325e-09,2,negative,7066,-33.78016662597656,-0.020719176158308983,1.4874598979949951,0.4457646608352661,50.24664306640625
0,0,9.079538898504325e-09,3,negative,15346,-25.53940200805664,-0.01566469483077526,1.6166316270828247,0.9279417395591736,41.287803649902344
0,0,9.079538898504325e-09,4,negative,14840,-27.271465301513672,-0.01672705076634884,1.4831875562667847,0.8871214985847473,40.44869613647461
0,0,9.079538898504325e-09,5,negative,7528,-36.68634796142578,-0.02250172384083271,1.078221082687378,0.5373706221580505,39.555992126464844
0,0,9.079538898504325e-09,6,negative,240,-22.70553970336914,-0.013926506042480469,1.7393468618392944,0.806439220905304,39.4928092956543
0,0,9.079538898504325e-09,7,negative,9393,-33.083194732666016,-0.02029171586036682,1.1279864311218262,0.816979706287384,37.3173942565918
0,0,9.079538898504325e-09,8,negative,6582,-26.996450424194336,-0.016558412462472916,1.3664917945861816,0.6004216074943542,36.89042663574219
0,0,9.079538898504325e-09,9,negative,14278,-28.97353172302246,-0.01777104288339615,1.154139518737793,0.42065924406051636,33.43949890136719
0,0,9.079538898504325e-09,10,negative,10179,-17.722518920898438,-0.010870181024074554,1.8288897275924683,0.8261786103248596,32.412532806396484
0,0,9.079538898504325e-09,11,negative,14020,-42.90501403808594,-0.026315921917557716,0.5916831493377686,0.5153315663337708,25.386173248291016
0,0,9.079538898504325e-09,12,negative,7061,-24.094388961791992,-0.014778407290577888,0.9771179556846619,0.7129168510437012,23.543060302734375
0,0,9.079538898504325e-09,13,negative,13761,-16.346614837646484,-0.010026264004409313,1.4322808980941772,0.38463011384010315,23.412944793701172
0,0,9.079538898504325e-09,14,negative,6568,-14.95925235748291,-0.009175318293273449,1.5351643562316895,0.5795323848724365,22.96491050720215
0,0,9.079538898504325e-09,15,negative,9022,-16.56081771850586,-0.010157585144042969,1.302530288696289,0.49425068497657776,21.570966720581055
0,0,9.079538898504325e-09,16,negative,1520,-26.356420516967773,-0.016165822744369507,0.8168410062789917,0.4336910545825958,21.52900505065918
0,0,9.079538898504325e-09,17,negative,13795,-23.30594253540039,-0.014294737949967384,0.8895290493965149,0.6525488495826721,20.731313705444336
0,0,9.079538898504325e-09,18,negative,5144,-35.3070068359375,-0.021655704826116562,0.5864472389221191,0.5262552499771118,20.70569610595703
0,0,9.079538898504325e-09,19,negative,9226,-36.75274658203125,-0.02254246175289154,0.5559351444244385,0.5459946393966675,20.432144165039062
0,0,9.079538898504325e-09,20,negative,15407,-9.091296195983887,-0.005576163996011019,2.1339662075042725,0.9444231390953064,19.4005184173584
0,0,9.079538898504325e-09,21,negative,9652,-8.232425689697266,-0.00504939304664731,2.225372076034546,0.9517056345939636,18.320209503173828
0,0,9.079538898504325e-09,22,negative,4629,-13.188986778259277,-0.00808953121304512,1.3654478788375854,0.9028363227844238,18.008874893188477
0,0,9.079538898504325e-09,23,negative,1080,-38.25724792480469,-0.023465175181627274,0.44566377997398376,0.5469528436660767,17.049869537353516
0,0,9.079538898504325e-09,24,negative,14489,-23.884550094604492,-0.014649678021669388,0.6908827424049377,0.6088539958000183,16.501422882080078
0,0,9.079538898504325e-09,25,negative,9221,-12.437338829040527,-0.007628507912158966,1.306720495223999,0.7970486879348755,16.252124786376953
0,0,9.079538898504325e-09,26,negative,1147,-14.763673782348633,-0.009055368602275848,1.0843666791915894,0.6887696385383606,16.009235382080078
0,0,9.079538898504325e-09,27,negative,10441,-35.13686752319336,-0.021551338955760002,0.45200783014297485,0.5429283380508423,15.882139205932617
0,0,9.079538898504325e-09,28,negative,6250,-21.031639099121094,-0.012899843044579029,0.7544091939926147,0.5904561281204224,15.866461753845215
0,0,9.079538898504325e-09,29,negative,11192,-24.904361724853516,-0.015275172889232635,0.6244332790374756,0.5917976498603821,15.551112174987793
0,0,9.079538898504325e-09,30,negative,12946,-10.980881690979004,-0.00673516932874918,1.349367618560791,0.8597163558006287,14.817246437072754
0,0,9.079538898504325e-09,31,negative,4622,-23.34794044494629,-0.0143205551430583,0.6307747960090637,0.6021463871002197,14.72729206085205
0,0,9.079538898504325e-09,32,negative,12919,-19.26987075805664,-0.01181925181299448,0.684361457824707,0.741280198097229,13.187557220458984
0,0,9.079538898504325e-09,33,negative,6626,-21.685653686523438,-0.013300950638949871,0.602241039276123,0.40705251693725586,13.059990882873535
0,0,9.079538898504325e-09,34,negative,8221,-38.82706832885742,-0.023814773187041283,0.3329603374004364,0.3608662188053131,12.927873611450195
0,0,9.079538898504325e-09,35,negative,9649,-26.490219116210938,-0.01624791882932186,0.4778445065021515,0.4405902624130249,12.65820598602295
0,0,9.079538898504325e-09,36,negative,1440,-40.16642761230469,-0.02463628351688385,0.3138290047645569,0.34246838092803955,12.605389595031738
0,0,9.079538898504325e-09,37,negative,4404,-22.394058227539062,-0.013735503889620304,0.5600482225418091,0.4518972933292389,12.541752815246582
0,0,9.079538898504325e-09,38,negative,1797,-11.578721046447754,-0.007101858966052532,1.0654749870300293,0.5350708961486816,12.336837768554688
0,0,9.079538898504325e-09,39,negative,3336,-13.970075607299805,-0.008568604476749897,0.8667944669723511,0.4336910545825958,12.109184265136719
0,0,9.079538898504325e-09,40,negative,15013,-17.266298294067383,-0.010590358637273312,0.6564664840698242,0.6146032810211182,11.334746360778809
0,0,9.079538898504325e-09,41,negative,11744,-27.28123664855957,-0.0167330764234066,0.4108767509460449,0.3129551410675049,11.20922565460205
0,0,9.079538898504325e-09,42,negative,8990,-31.771394729614258,-0.01948711648583412,0.34864580631256104,0.3760061264038086,11.076963424682617
0,0,9.079538898504325e-09,43,negative,12190,-23.655609130859375,-0.014509303495287895,0.46097224950790405,0.5860483050346375,10.904579162597656
0,0,9.079538898504325e-09,44,negative,15109,-28.754056930541992,-0.01763639785349369,0.36728745698928833,0.3758144974708557,10.561004638671875
0,0,9.079538898504325e-09,45,negative,6514,-10.535943031311035,-0.006462277844548225,0.9527480006217957,0.6720966100692749,10.038098335266113
0,0,9.079538898504325e-09,46,negative,1075,-11.592903137207031,-0.00711055425927043,0.853397786617279,0.5711000561714172,9.89335823059082
0,0,9.079538898504325e-09,47,negative,3893,-20.88529396057129,-0.01281001977622509,0.4631562829017639,0.5712916851043701,9.673154830932617
0,0,9.079538898504325e-09,48,negative,4614,-5.775388240814209,-0.0035423538647592068,1.672223448753357,0.8915293216705322,9.657739639282227
0,0,9.079538898504325e-09,49,negative,899,-11.8601655960083,-0.007274467032402754,0.7996498942375183,0.6653890609741211,9.483980178833008
1,1,1.0,0,positive,2260,104.37617492675781,0.12331169843673706,0.8268778324127197,0.7238405346870422,86.30634307861328
1,1,1.0,1,positive,4017,16.75409507751465,0.01979363150894642,1.9327313899993896,0.5093905925750732,32.38116455078125
1,1,1.0,2,positive,14665,11.259429931640625,0.013302099891006947,2.4935708045959473,0.9532387852668762,28.07618522644043
1,1,1.0,3,positive,3034,13.994894027709961,0.016533827409148216,1.9960211515426636,0.9302414655685425,27.934104919433594
1,1,1.0,4,positive,5802,15.49726676940918,0.018308792263269424,1.2910199165344238,0.8257953524589539,20.007280349731445
1,1,1.0,5,positive,7909,14.724111557006836,0.01739533245563507,1.2207328081130981,0.5193560719490051,17.974206924438477
1,1,1.0,6,positive,14550,6.978185176849365,0.008244151249527931,2.3827693462371826,0.9193177223205566,16.627405166625977
1,1,1.0,7,positive,3065,18.742061614990234,0.02214229665696621,0.887001097202301,0.7397470474243164,16.624229431152344
1,1,1.0,8,positive,5422,8.541336059570312,0.010090886615216732,1.8780075311660767,0.9296665191650391,16.040693283081055
1,1,1.0,9,positive,14525,8.951496124267578,0.01057545468211174,1.7266929149627686,0.8815638422966003,15.4564847946167
1,1,1.0,10,positive,7546,5.310044765472412,0.006273349281400442,2.540210485458374,0.9494059085845947,13.488631248474121
1,1,1.0,11,positive,6881,7.509305000305176,0.008871680125594139,1.7117338180541992,0.8752395510673523,12.853931427001953
1,1,1.0,12,positive,15375,9.96995735168457,0.011778684332966805,1.2712128162384033,0.7602529525756836,12.673937797546387
1,1,1.0,13,positive,387,7.296773433685303,0.008620536886155605,1.7332069873809814,0.5728248357772827,12.646819114685059
1,1,1.0,14,positive,1027,10.495636940002441,0.012399704195559025,1.1888507604599,0.8901877999305725,12.47774600982666
1,1,1.0,15,positive,5138,16.029909133911133,0.01893802545964718,0.7374635934829712,0.5534687638282776,11.821474075317383
1,1,1.0,16,positive,8542,7.926782608032227,0.00936485081911087,1.463138461112976,0.8924875259399414,11.597980499267578
1,1,1.0,17,positive,4168,14.117877960205078,0.0166790708899498,0.7925502061843872,0.7324645519256592,11.189126968383789
1,1,1.0,18,positive,4366,13.138500213623047,0.015522027388215065,0.7978999614715576,0.6232272982597351,10.483208656311035
1,1,1.0,19,positive,7818,14.903605461120605,0.01760738529264927,0.696956992149353,0.7395553588867188,10.387171745300293
1,1,1.0,20,positive,9222,21.510665893554688,0.025413060560822487,0.450920432806015,0.48696818947792053,9.69959831237793
1,1,1.0,21,positive,2687,11.435564994812012,0.013510184362530708,0.8093263506889343,0.683020293712616,9.255104064941406
1,1,1.0,22,positive,12368,6.819007873535156,0.008056100457906723,1.3316537141799927,0.727290153503418,9.080556869506836
1,1,1.0,23,positive,995,22.329788208007812,0.026380782946944237,0.40120792388916016,0.5538520216941833,8.958888053894043
1,1,1.0,24,positive,160,13.788433074951172,0.016289912164211273,0.6343713998794556,0.5981218814849854,8.746987342834473
1,1,1.0,25,positive,3638,7.367979526519775,0.008704643696546555,1.0698692798614502,0.8095055818557739,7.882774829864502
1,1,1.0,26,positive,12793,19.56167984008789,0.023110555484890938,0.3727973401546478,0.4518972933292389,7.292541980743408
1,1,1.0,27,positive,8577,12.0718412399292,0.01426189485937357,0.5650776028633118,0.4722115695476532,6.821527004241943
1,1,1.0,28,positive,1733,28.688764572143555,0.0338934101164341,0.23735611140727997,0.3524338901042938,6.80945348739624
1,1,1.0,29,positive,6675,8.275444984436035,0.00977677758783102,0.812118649482727,0.47087007761001587,6.720643043518066
1,1,1.0,30,positive,3259,18.159223556518555,0.02145363949239254,0.3606801927089691,0.42506706714630127,6.5496721267700195
1,1,1.0,31,positive,6693,5.299525737762451,0.006260954309254885,1.1766691207885742,0.8574166297912598,6.235788345336914
1,1,1.0,32,positive,12225,2.5717411041259766,0.003038309281691909,2.4110288619995117,0.9555385112762451,6.200541973114014
1,1,1.0,33,positive,209,4.7529449462890625,0.005615237168967724,1.219117522239685,0.8838635683059692,5.794398307800293
1,1,1.0,34,positive,11447,6.131019592285156,0.00724329799413681,0.8826926350593567,0.7244154810905457,5.411805629730225
1,1,1.0,35,positive,15443,10.507073402404785,0.012413295917212963,0.5071892738342285,0.5065159201622009,5.329074859619141
1,1,1.0,36,positive,6575,7.025973320007324,0.008300603367388248,0.7533309459686279,0.693560779094696,5.292882919311523
1,1,1.0,37,positive,4841,5.302940845489502,0.006264989264309406,0.9922705888748169,0.8229206800460815,5.2619524002075195
1,1,1.0,38,positive,11881,6.995426654815674,0.008264527656137943,0.752007007598877,0.7786508202552795,5.260610103607178
1,1,1.0,39,positive,4858,3.037280321121216,0.0035882412921637297,1.6464416980743408,0.8763894438743591,5.000704765319824
1,1,1.0,40,positive,9349,7.7268877029418945,0.009128703735768795,0.6429637670516968,0.6128785014152527,4.968108654022217
1,1,1.0,41,positive,14975,9.600797653198242,0.011342527344822884,0.49980732798576355,0.5825986862182617,4.798549175262451
1,1,1.0,42,positive,10620,11.196534156799316,0.013227839022874832,0.41908857226371765,0.5143733024597168,4.6923394203186035
1,1,1.0,43,positive,821,20.423595428466797,0.024128837510943413,0.22462797164916992,0.26638558506965637,4.587710857391357
1,1,1.0,44,positive,7537,15.98724365234375,0.018887650221586227,0.2794245779514313,0.3623993992805481,4.467228889465332
1,1,1.0,45,positive,5744,9.186028480529785,0.010852568782866001,0.48347583413124084,0.18167880177497864,4.441222667694092
1,1,1.0,46,positive,1857,18.047096252441406,0.021321140229701996,0.24134774506092072,0.30203142762184143,4.355626106262207
1,1,1.0,47,positive,2264,27.774791717529297,0.032813601195812225,0.1552862823009491,0.14775776863098145,4.31304407119751
1,1,1.0,48,positive,7815,3.054133415222168,0.003608223982155323,1.396457552909851,0.440398633480072,4.264967441558838
1,1,1.0,49,positive,5145,4.143391132354736,0.004895091522485018,1.0280920267105103,0.6582981944084167,4.259787559509277
1,1,1.0,0,negative,8938,-17.524328231811523,-0.02070355974137783,2.47702956199646,0.611536979675293,43.40827941894531
1,1,1.0,1,negative,15558,-16.448848724365234,-0.019432978704571724,1.8998169898986816,0.9292832612991333,31.249801635742188
1,1,1.0,2,negative,6582,-18.885229110717773,-0.022311419248580933,1.3664917945861816,0.6004216074943542,25.80651092529297
1,1,1.0,3,negative,7066,-15.021099090576172,-0.01774616912007332,1.4874598979949951,0.4457646608352661,22.34328269958496
1,1,1.0,4,negative,240,-12.263585090637207,-0.01448842789977789,1.7393468618392944,0.806439220905304,21.33062744140625
1,1,1.0,5,negative,6568,-13.791423797607422,-0.016293436288833618,1.5351643562316895,0.5795323848724365,21.172101974487305
1,1,1.0,6,negative,14840,-14.128150939941406,-0.01669125445187092,1.4831875562667847,0.8871214985847473,20.95469856262207
1,1,1.0,7,negative,7528,-18.24773597717285,-0.021558217704296112,1.078221082687378,0.5373706221580505,19.675092697143555
1,1,1.0,8,negative,9393,-16.70937728881836,-0.019740760326385498,1.1279864311218262,0.816979706287384,18.847949981689453
1,1,1.0,9,negative,15346,-11.556572914123535,-0.013653149828314781,1.6166316270828247,0.9279417395591736,18.682722091674805
1,1,1.0,10,negative,14278,-15.230976104736328,-0.017994163557887077,1.154139518737793,0.42065924406051636,17.578670501708984
1,1,1.0,11,negative,5806,-8.072576522827148,-0.00953707005828619,2.1654741764068604,0.8259869813919067,17.480955123901367
1,1,1.0,12,negative,10179,-8.558428764343262,-0.010111076757311821,1.8288897275924683,0.8261786103248596,15.652422904968262
1,1,1.0,13,negative,1527,-7.304368495941162,-0.008629539050161839,2.124565839767456,0.5091989040374756,15.518611907958984
1,1,1.0,14,negative,14020,-22.156129837036133,-0.026175634935498238,0.5916831493377686,0.5153315663337708,13.109408378601074
1,1,1.0,15,negative,7061,-12.25989818572998,-0.014484056271612644,0.9771179556846619,0.7129168510437012,11.979366302490234
1,1,1.0,16,negative,15407,-5.066455841064453,-0.005985642783343792,2.1339662075042725,0.9444231390953064,10.8116455078125
1,1,1.0,17,negative,9226,-18.771343231201172,-0.022176820784807205,0.5559351444244385,0.5459946393966675,10.435649871826172
1,1,1.0,18,negative,10287,-6.6743550300598145,-0.007885240018367767,1.5616180896759033,0.35914143919944763,10.4227933883667
1,1,1.0,19,negative,13795,-11.038195610046387,-0.013040696270763874,0.8895290493965149,0.6525488495826721,9.818795204162598
1,1,1.0,20,negative,1520,-11.913461685180664,-0.014074773527681828,0.8168410062789917,0.4336910545825958,9.731404304504395
1,1,1.0,21,negative,4013,-4.457129955291748,-0.005265733227133751,2.153738260269165,0.945956289768219,9.599491119384766
1,1,1.0,22,negative,5144,-16.339197158813477,-0.019303472712635994,0.5864472389221191,0.5262552499771118,9.582077026367188
1,1,1.0,23,negative,1080,-20.06523323059082,-0.02370540238916874,0.44566377997398376,0.5469528436660767,8.942347526550293
1,1,1.0,24,negative,4629,-6.222555160522461,-0.007351421285420656,1.3654478788375854,0.9028363227844238,8.496574401855469
1,1,1.0,25,negative,4622,-13.300625801086426,-0.015713578090071678,0.6307747960090637,0.6021463871002197,8.389699935913086
1,1,1.0,26,negative,13761,-5.708597660064697,-0.006744230631738901,1.4322808980941772,0.38463011384010315,8.176315307617188
1,1,1.0,27,negative,10441,-17.684608459472656,-0.020892905071377754,0.45200783014297485,0.5429283380508423,7.993581295013428
1,1,1.0,28,negative,11192,-12.736381530761719,-0.015047016553580761,0.6244332790374756,0.5917976498603821,7.9530205726623535
1,1,1.0,29,negative,14489,-11.252347946166992,-0.013293731026351452,0.6908827424049377,0.6088539958000183,7.77405309677124
1,1,1.0,30,negative,6250,-10.229771614074707,-0.012085638009011745,0.7544091939926147,0.5904561281204224,7.717433929443359
1,1,1.0,31,negative,1147,-6.9406208992004395,-0.00819974485784769,1.0843666791915894,0.6887696385383606,7.526177883148193
1,1,1.0,32,negative,9221,-5.550698280334473,-0.006557693239301443,1.306720495223999,0.7970486879348755,7.25321102142334
1,1,1.0,33,negative,12946,-5.317502498626709,-0.006282206624746323,1.349367618560791,0.8597163558006287,7.175265789031982
1,1,1.0,34,negative,4404,-12.179359436035156,-0.014388899318873882,0.5600482225418091,0.4518972933292389,6.821028709411621
1,1,1.0,35,negative,12919,-9.784707069396973,-0.01155984215438366,0.684361457824707,0.741280198097229,6.6962761878967285
1,1,1.0,36,negative,6626,-11.0686616897583,-0.013076703995466232,0.602241039276123,0.40705251693725586,6.66600227355957
1,1,1.0,37,negative,8221,-19.848834991455078,-0.023449750617146492,0.3329603374004364,0.3608662188053131,6.608874797821045
1,1,1.0,38,negative,9652,-2.9278082847595215,-0.0034589723218232393,2.225372076034546,0.9517056345939636,6.515462875366211
1,1,1.0,39,negative,9649,-13.450260162353516,-0.01589035429060459,0.4778445065021515,0.4405902624130249,6.427133083343506
1,1,1.0,40,negative,1440,-20.433794021606445,-0.024140825495123863,0.3138290047645569,0.34246838092803955,6.412717342376709
1,1,1.0,41,negative,12190,-13.574949264526367,-0.01603766717016697,0.46097224950790405,0.5860483050346375,6.257674694061279
1,1,1.0,42,negative,1797,-5.689711093902588,-0.006721933837980032,1.0654749870300293,0.5350708961486816,6.062244892120361
1,1,1.0,43,negative,3336,-6.611098766326904,-0.007810479961335659,0.8667944669723511,0.4336910545825958,5.730463981628418
1,1,1.0,44,negative,15013,-8.541559219360352,-0.010091147385537624,0.6564664840698242,0.6146032810211182,5.607247352600098
1,1,1.0,45,negative,15109,-14.586749076843262,-0.01723308488726616,0.36728745698928833,0.3758144974708557,5.357530117034912
1,1,1.0,46,negative,8990,-15.308756828308105,-0.018086068332195282,0.34864580631256104,0.3760061264038086,5.337333679199219
1,1,1.0,47,negative,9022,-4.0664286613464355,-0.004804149270057678,1.302530288696289,0.49425068497657776,5.296646595001221
1,1,1.0,48,negative,3893,-11.213285446166992,-0.013247583992779255,0.4631562829017639,0.5712916851043701,5.193503379821777
1,1,1.0,49,negative,11744,-12.548219680786133,-0.014824713580310345,0.4108767509460449,0.3129551410675049,5.155771732330322
2,0,1.7388273931828735e-08,0,positive,2260,200.32208251953125,0.12304115295410156,0.8268778324127197,0.7238405346870422,165.6418914794922
2,0,1.7388273931828735e-08,1,positive,4017,36.07452392578125,0.02215755358338356,1.9327313899993896,0.5093905925750732,69.72236633300781
2,0,1.7388273931828735e-08,2,positive,3034,26.033905029296875,0.015990465879440308,1.9960211515426636,0.9302414655685425,51.96422576904297
2,0,1.7388273931828735e-08,3,positive,14665,18.282941818237305,0.01122969388961792,2.4935708045959473,0.9532387852668762,45.58980941772461
2,0,1.7388273931828735e-08,4,positive,5802,29.043685913085938,0.017839042469859123,1.2910199165344238,0.8257953524589539,37.495975494384766
2,0,1.7388273931828735e-08,5,positive,7909,27.676118850708008,0.016999073326587677,1.2207328081130981,0.5193560719490051,33.7851448059082
2,0,1.7388273931828735e-08,6,positive,387,18.861610412597656,0.01158507727086544,1.7332069873809814,0.5728248357772827,32.69107437133789
2,0,1.7388273931828735e-08,7,positive,3065,35.74005889892578,0.02195207215845585,0.887001097202301,0.7397470474243164,31.70147132873535
2,0,1.7388273931828735e-08,8,positive,14525,16.82776641845703,0.010335903614759445,1.7266929149627686,0.8815638422966003,29.056385040283203
2,0,1.7388273931828735e-08,9,positive,5422,14.315499305725098,0.008792812004685402,1.8780075311660767,0.9296665191650391,26.884614944458008
2,0,1.7388273931828735e-08,10,positive,14550,10.189647674560547,0.006258696783334017,2.3827693462371826,0.9193177223205566,24.27958106994629
2,0,1.7388273931828735e-08,11,positive,8542,15.785111427307129,0.009695479646325111,1.463138461112976,0.8924875259399414,23.09580421447754
2,0,1.7388273931828735e-08,12,positive,15375,18.090879440307617,0.011111713945865631,1.2712128162384033,0.7602529525756836,22.997358322143555
2,0,1.7388273931828735e-08,13,positive,1027,19.1994571685791,0.011792573146522045,1.1888507604599,0.8901877999305725,22.825288772583008
2,0,1.7388273931828735e-08,14,positive,6881,13.187067031860352,0.008099636994302273,1.7117338180541992,0.8752395510673523,22.5727481842041
2,0,1.7388273931828735e-08,15,positive,5138,29.324214935302734,0.018011393025517464,0.7374635934829712,0.5534687638282776,21.62554168701172
2,0,1.7388273931828735e-08,16,positive,7546,7.964064598083496,0.004891643300652504,2.540210485458374,0.9494059085845947,20.23040008544922
2,0,1.7388273931828735e-08,17,positive,4168,25.331172943115234,0.015558860264718533,0.7925502061843872,0.7324645519256592,20.07622718811035
2,0,1.7388273931828735e-08,18,positive,7818,28.60999870300293,0.01757272332906723,0.696956992149353,0.7395553588867188,19.939939498901367
2,0,1.7388273931828735e-08,19,positive,9222,42.289886474609375,0.025975195690989494,0.450920432806015,0.48696818947792053,19.069374084472656
2,0,1.7388273931828735e-08,20,positive,995,44.88522720336914,0.02756926603615284,0.40120792388916016,0.5538520216941833,18.00830841064453
2,0,1.7388273931828735e-08,21,positive,12368,13.235529899597168,0.008129473775625229,1.3316537141799927,0.727290153503418,17.62514305114746
2,0,1.7388273931828735e-08,22,positive,160,27.607032775878906,0.016956670209765434,0.6343713998794556,0.5981218814849854,17.513111114501953
2,0,1.7388273931828735e-08,23,positive,4366,21.495948791503906,0.013203104957938194,0.7978999614715576,0.6232272982597351,17.1516170501709
2,0,1.7388273931828735e-08,24,positive,2687,19.05492401123047,0.01170382834970951,0.8093263506889343,0.683020293712616,15.421651840209961
2,0,1.7388273931828735e-08,25,positive,3638,13.951998710632324,0.008569533936679363,1.0698692798614502,0.8095055818557739,14.926815032958984
2,0,1.7388273931828735e-08,26,positive,6675,18.343639373779297,0.01126695517450571,0.812118649482727,0.47087007761001587,14.897212028503418
2,0,1.7388273931828735e-08,27,positive,12793,36.794761657714844,0.022599875926971436,0.3727973401546478,0.4518972933292389,13.716989517211914
2,0,1.7388273931828735e-08,28,positive,9276,12.796613693237305,0.00785984005779028,1.0369350910186768,0.7397470474243164,13.269257545471191
2,0,1.7388273931828735e-08,29,positive,1733,54.50923538208008,0.0334804430603981,0.23735611140727997,0.3524338901042938,12.93809986114502
2,0,1.7388273931828735e-08,30,positive,3259,35.753395080566406,0.021960286423563957,0.3606801927089691,0.42506706714630127,12.895541191101074
2,0,1.7388273931828735e-08,31,positive,8577,22.563188552856445,0.013858702965080738,0.5650776028633118,0.4722115695476532,12.74995231628418
2,0,1.7388273931828735e-08,32,positive,15443,23.597431182861328,0.014493954367935658,0.5071892738342285,0.5065159201622009,11.968363761901855
2,0,1.7388273931828735e-08,33,positive,3047,11.34807300567627,0.006970175541937351,1.0488731861114502,0.45362207293510437,11.902689933776855
2,0,1.7388273931828735e-08,34,positive,209,8.669206619262695,0.005324746947735548,1.219117522239685,0.8838635683059692,10.568781852722168
2,0,1.7388273931828735e-08,35,positive,4241,13.197650909423828,0.00810622051358223,0.7698273062705994,0.5835568904876709,10.159912109375
2,0,1.7388273931828735e-08,36,positive,4841,9.311551094055176,0.005719307344406843,0.9922705888748169,0.8229206800460815,9.239578247070312
2,0,1.7388273931828735e-08,37,positive,11447,10.381929397583008,0.006376718170940876,0.8826926350593567,0.7244154810905457,9.164052963256836
2,0,1.7388273931828735e-08,38,positive,14975,18.25412940979004,0.011211946606636047,0.49980732798576355,0.5825986862182617,9.123547554016113
2,0,1.7388273931828735e-08,39,positive,6693,7.649546146392822,0.004698472563177347,1.1766691207885742,0.8574166297912598,9.000985145568848
2,0,1.7388273931828735e-08,40,positive,10620,21.448638916015625,0.01317411009222269,0.41908857226371765,0.5143733024597168,8.988879203796387
2,0,1.7388273931828735e-08,41,positive,5744,17.94394302368164,0.011021468788385391,0.48347583413124084,0.18167880177497864,8.67546272277832
2,0,1.7388273931828735e-08,42,positive,821,38.41946029663086,0.02359788864850998,0.22462797164916992,0.26638558506965637,8.630084991455078
2,0,1.7388273931828735e-08,43,positive,1857,35.703460693359375,0.021929603070020676,0.24134774506092072,0.30203142762184143,8.616950035095215
2,0,1.7388273931828735e-08,44,positive,11881,11.343331336975098,0.006967243272811174,0.752007007598877,0.7786508202552795,8.530264854431152
2,0,1.7388273931828735e-08,45,positive,13323,6.9941816329956055,0.004295931663364172,1.2182011604309082,0.5051743984222412,8.520319938659668
2,0,1.7388273931828735e-08,46,positive,6575,11.29514217376709,0.006937639322131872,0.7533309459686279,0.693560779094696,8.508979797363281
2,0,1.7388273931828735e-08,47,positive,2264,53.18439483642578,0.03266671672463417,0.1552862823009491,0.14775776863098145,8.258807182312012
2,0,1.7388273931828735e-08,48,positive,7537,29.50914192199707,0.018124975264072418,0.2794245779514313,0.3623993992805481,8.245579719543457
2,0,1.7388273931828735e-08,49,positive,9349,12.489293098449707,0.007671151775866747,0.6429637670516968,0.6128785014152527,8.030162811279297
2,0,1.7388273931828735e-08,0,negative,15558,-30.636600494384766,-0.018817484378814697,1.8998169898986816,0.9292832612991333,58.20393371582031
2,0,1.7388273931828735e-08,1,negative,8938,-20.63065528869629,-0.012671692296862602,2.47702956199646,0.611536979675293,51.10274124145508
2,0,1.7388273931828735e-08,2,negative,7066,-33.7347412109375,-0.020720357075333595,1.4874598979949951,0.4457646608352661,50.179073333740234
2,0,1.7388273931828735e-08,3,negative,15346,-25.511985778808594,-0.015669865533709526,1.6166316270828247,0.9279417395591736,41.24348449707031
2,0,1.7388273931828735e-08,4,negative,14840,-27.22075080871582,-0.01671941578388214,1.4831875562667847,0.8871214985847473,40.373477935791016
2,0,1.7388273931828735e-08,5,negative,7528,-36.63823699951172,-0.02250375971198082,1.078221082687378,0.5373706221580505,39.504119873046875
2,0,1.7388273931828735e-08,6,negative,240,-22.674131393432617,-0.013926801271736622,1.7393468618392944,0.806439220905304,39.43817901611328
2,0,1.7388273931828735e-08,7,negative,9393,-33.037723541259766,-0.020292330533266068,1.1279864311218262,0.816979706287384,37.26610565185547
2,0,1.7388273931828735e-08,8,negative,6582,-26.967744827270508,-0.0165640227496624,1.3664917945861816,0.6004216074943542,36.85120391845703
2,0,1.7388273931828735e-08,9,negative,14278,-28.963268280029297,-0.017789717763662338,1.154139518737793,0.42065924406051636,33.42765426635742
2,0,1.7388273931828735e-08,10,negative,10179,-17.693387985229492,-0.010867548175156116,1.8288897275924683,0.8261786103248596,32.359256744384766
2,0,1.7388273931828735e-08,11,negative,14020,-42.840721130371094,-0.026313478127121925,0.5916831493377686,0.5153315663337708,25.348133087158203
2,0,1.7388273931828735e-08,12,negative,7061,-24.038352966308594,-0.014764728955924511,0.9771179556846619,0.7129168510437012,23.488306045532227
2,0,1.7388273931828735e-08,13,negative,13761,-16.372163772583008,-0.010056058876216412,1.4322808980941772,0.38463011384010315,23.44953727722168
2,0,1.7388273931828735e-08,14,negative,6568,-14.916275978088379,-0.009161816909909248,1.5351643562316895,0.5795323848724365,22.898935317993164
2,0,1.7388273931828735e-08,15,negative,9022,-16.550212860107422,-0.010165410116314888,1.302530288696289,0.49425068497657776,21.557153701782227
2,0,1.7388273931828735e-08,16,negative,1520,-26.319040298461914,-0.016165586188435555,0.8168410062789917,0.4336910545825958,21.498472213745117
2,0,1.7388273931828735e-08,17,negative,5144,-35.284847259521484,-0.02167249657213688,0.5864472389221191,0.5262552499771118,20.69270133972168
2,0,1.7388273931828735e-08,18,negative,13795,-23.249055862426758,-0.01427997462451458,0.8895290493965149,0.6525488495826721,20.680709838867188
2,0,1.7388273931828735e-08,19,negative,9226,-36.69981384277344,-0.022541582584381104,0.5559351444244385,0.5459946393966675,20.4027156829834
2,0,1.7388273931828735e-08,20,negative,15407,-9.102875709533691,-0.005591140128672123,2.1339662075042725,0.9444231390953064,19.425230026245117
2,0,1.7388273931828735e-08,21,negative,9652,-8.229467391967773,-0.005054660141468048,2.225372076034546,0.9517056345939636,18.313627243041992
2,0,1.7388273931828735e-08,22,negative,4629,-13.194985389709473,-0.008104571141302586,1.3654478788375854,0.9028363227844238,18.017065048217773
2,0,1.7388273931828735e-08,23,negative,1080,-38.2217903137207,-0.023476431146264076,0.44566377997398376,0.5469528436660767,17.034067153930664
2,0,1.7388273931828735e-08,24,negative,14489,-23.865528106689453,-0.014658589847385883,0.6908827424049377,0.6088539958000183,16.48828125
2,0,1.7388273931828735e-08,25,negative,9221,-12.403396606445312,-0.007618353236466646,1.306720495223999,0.7970486879348755,16.207773208618164
2,0,1.7388273931828735e-08,26,negative,1147,-14.77314567565918,-0.009073871187865734,1.0843666791915894,0.6887696385383606,16.019506454467773
2,0,1.7388273931828735e-08,27,negative,10441,-35.07970428466797,-0.021546510979533195,0.45200783014297485,0.5429283380508423,15.856301307678223
2,0,1.7388273931828735e-08,28,negative,6250,-20.987548828125,-0.012890898622572422,0.7544091939926147,0.5904561281204224,15.833199501037598
2,0,1.7388273931828735e-08,29,negative,11192,-24.865177154541016,-0.015272599644958973,0.6244332790374756,0.5917976498603821,15.526643753051758
2,0,1.7388273931828735e-08,30,negative,12946,-10.99159049987793,-0.0067512053065001965,1.349367618560791,0.8597163558006287,14.831696510314941
2,0,1.7388273931828735e-08,31,negative,4622,-23.308481216430664,-0.014316419139504433,0.6307747960090637,0.6021463871002197,14.702402114868164
2,0,1.7388273931828735e-08,32,negative,12919,-19.224079132080078,-0.011807733215391636,0.684361457824707,0.741280198097229,13.156218528747559
2,0,1.7388273931828735e-08,33,negative,6626,-21.66031837463379,-0.013304117135703564,0.602241039276123,0.40705251693725586,13.044733047485352
2,0,1.7388273931828735e-08,34,negative,8221,-38.739776611328125,-0.023794561624526978,0.3329603374004364,0.3608662188053131,12.898809432983398
2,0,1.7388273931828735e-08,35,negative,9649,-26.44658660888672,-0.016243869438767433,0.4778445065021515,0.4405902624130249,12.63735580444336
2,0,1.7388273931828735e-08,36,negative,1440,-40.12164306640625,-0.024643411859869957,0.3138290047645569,0.34246838092803955,12.59133529663086
2,0,1.7388273931828735e-08,37,negative,4404,-22.362836837768555,-0.01373567059636116,0.5600482225418091,0.4518972933292389,12.524267196655273
2,0,1.7388273931828735e-08,38,negative,1797,-11.554641723632812,-0.007097045425325632,1.0654749870300293,0.5350708961486816,12.311182022094727
2,0,1.7388273931828735e-08,39,negative,3336,-13.963386535644531,-0.008576524443924427,0.8667944669723511,0.4336910545825958,12.103385925292969
2,0,1.7388273931828735e-08,40,negative,15013,-17.242311477661133,-0.010590508580207825,0.6564664840698242,0.6146032810211182,11.318999290466309
2,0,1.7388273931828735e-08,41,negative,11744,-27.253015518188477,-0.016739221289753914,0.4108767509460449,0.3129551410675049,11.197630882263184
2,0,1.7388273931828735e-08,42,negative,8990,-31.74824333190918,-0.01950027607381344,0.34864580631256104,0.3760061264038086,11.068891525268555
2,0,1.7388273931828735e-08,43,negative,12190,-23.595823287963867,-0.014492899179458618,0.46097224950790405,0.5860483050346375,10.877019882202148
2,0,1.7388273931828735e-08,44,negative,15109,-28.723590850830078,-0.017642490565776825,0.36728745698928833,0.3758144974708557,10.549814224243164
2,0,1.7388273931828735e-08,45,negative,6514,-10.52796745300293,-0.00646643852815032,0.9527480006217957,0.6720966100692749,10.030500411987305
2,0,1.7388273931828735e-08,46,negative,1075,-11.58957576751709,-0.007118524517863989,0.853397786617279,0.5711000561714172,9.890518188476562
2,0,1.7388273931828735e-08,47,negative,4614,-5.81659460067749,-0.00357265118509531,1.672223448753357,0.8915293216705322,9.726645469665527
2,0,1.7388273931828735e-08,48,negative,3893,-20.855867385864258,-0.012809929437935352,0.4631562829017639,0.5712916851043701,9.659525871276855
2,0,1.7388273931828735e-08,49,negative,899,-11.859920501708984,-0.007284588646143675,0.7996498942375183,0.6653890609741211,9.483783721923828
3,1,1.0,0,positive,2260,195.85667419433594,0.12303637713193893,0.8268778324127197,0.7238405346870422,161.9495391845703
3,1,1.0,1,positive,4017,35.27048873901367,0.02215682715177536,1.9327313899993896,0.5093905925750732,68.16838073730469
3,1,1.0,2,positive,3034,25.469131469726562,0.01599961519241333,1.9960211515426636,0.9302414655685425,50.8369255065918
3,1,1.0,3,positive,14665,17.872446060180664,0.011227396316826344,2.4935708045959473,0.9532387852668762,44.56620788574219
3,1,1.0,4,positive,5802,28.43484115600586,0.017862657085061073,1.2910199165344238,0.8257953524589539,36.70994567871094
3,1,1.0,5,positive,7909,27.038114547729492,0.016985218971967697,1.2207328081130981,0.5193560719490051,33.00631332397461
3,1,1.0,6,positive,387,18.407033920288086,0.011563251726329327,1.7332069873809814,0.5728248357772827,31.903200149536133
3,1,1.0,7,positive,3065,34.956241607666016,0.021959438920021057,0.887001097202301,0.7397470474243164,31.0062255859375
3,1,1.0,8,positive,14525,16.458370208740234,0.010339082218706608,1.7266929149627686,0.8815638422966003,28.418550491333008
3,1,1.0,9,positive,5422,13.98767375946045,0.008787007071077824,1.8780075311660767,0.9296665191650391,26.268957138061523
3,1,1.0,10,positive,14550,9.941558837890625,0.006245249882340431,2.3827693462371826,0.9193177223205566,23.68844223022461
3,1,1.0,11,positive,8542,15.421651840209961,0.009687824174761772,1.463138461112976,0.8924875259399414,22.56401252746582
3,1,1.0,12,positive,15375,17.69155502319336,0.011113782413303852,1.2712128162384033,0.7602529525756836,22.489730834960938
3,1,1.0,13,positive,1027,18.7889404296875,0.011803120374679565,1.1888507604599,0.8901877999305725,22.33724594116211
3,1,1.0,14,positive,6881,12.905001640319824,0.008106887340545654,1.7117338180541992,0.8752395510673523,22.089927673339844
3,1,1.0,15,positive,5138,28.681819915771484,0.018017839640378952,0.7374635934829712,0.5534687638282776,21.151798248291016
3,1,1.0,16,positive,7546,7.810965061187744,0.004906815011054277,2.540210485458374,0.9494059085845947,19.841495513916016
3,1,1.0,17,positive,4168,24.759267807006836,0.015553663484752178,0.7925502061843872,0.7324645519256592,19.622962951660156
3,1,1.0,18,positive,7818,27.975894927978516,0.0175743717700243,0.696956992149353,0.7395553588867188,19.497995376586914
3,1,1.0,19,positive,9222,41.37448501586914,0.02599126473069191,0.450920432806015,0.48696818947792053,18.656600952148438
3,1,1.0,20,positive,995,43.87294006347656,0.027560826390981674,0.40120792388916016,0.5538520216941833,17.602170944213867
3,1,1.0,21,positive,12368,12.927891731262207,0.008121262304484844,1.3316537141799927,0.727290153503418,17.21547508239746
3,1,1.0,22,positive,160,26.99870491027832,0.016960492357611656,0.6343713998794556,0.5981218814849854,17.127206802368164
3,1,1.0,23,positive,4366,21.018815994262695,0.013203943148255348,0.7978999614715576,0.6232272982597351,16.770912170410156
3,1,1.0,24,positive,2687,18.62649917602539,0.011701072566211224,0.8093263506889343,0.683020293712616,15.07491683959961
3,1,1.0,25,positive,3638,13.631131172180176,0.00856301374733448,1.0698692798614502,0.8095055818557739,14.583528518676758
3,1,1.0,26,positive,6675,17.94683265686035,0.011274177581071854,0.812118649482727,0.47087007761001587,14.574957847595215
3,1,1.0,27,positive,12793,35.961639404296875,0.022590985521674156,0.3727973401546478,0.4518972933292389,13.406403541564941
3,1,1.0,28,positive,9276,12.501561164855957,0.007853442803025246,1.0369350910186768,0.7397470474243164,12.96330738067627
3,1,1.0,29,positive,1733,53.31378936767578,0.03349154070019722,0.23735611140727997,0.3524338901042938,12.654354095458984
3,1,1.0,30,positive,3259,34.96699905395508,0.021966105327010155,0.3606801927089691,0.42506706714630127,12.61190414428711
3,1,1.0,31,positive,8577,22.08036231994629,0.013870819471776485,0.5650776028633118,0.4722115695476532,12.477118492126465
3,1,1.0,32,positive,15443,23.050886154174805,0.014480482786893845,0.5071892738342285,0.5065159201622009,11.691162109375
3,1,1.0,33,positive,3047,11.090176582336426,0.006966832093894482,1.0488731861114502,0.45362207293510437,11.63218879699707
3,1,1.0,34,positive,209,8.471829414367676,0.005321959499269724,1.219117522239685,0.8838635683059692,10.328155517578125
3,1,1.0,35,positive,4241,12.883723258972168,0.008093521930277348,0.7698273062705994,0.5835568904876709,9.918241500854492
3,1,1.0,36,positive,4841,9.114764213562012,0.0057258568704128265,0.9922705888748169,0.8229206800460815,9.044312477111816
3,1,1.0,37,positive,11447,10.152363777160645,0.006377647630870342,0.8826926350593567,0.7244154810905457,8.961417198181152
3,1,1.0,38,positive,14975,17.854936599731445,0.011216409504413605,0.49980732798576355,0.5825986862182617,8.924028396606445
3,1,1.0,39,positive,6693,7.500082015991211,0.00471150828525424,1.1766691207885742,0.8574166297912598,8.825115203857422
3,1,1.0,40,positive,10620,20.977996826171875,0.013178289867937565,0.41908857226371765,0.5143733024597168,8.791638374328613
3,1,1.0,41,positive,5744,17.52089500427246,0.011006595566868782,0.48347583413124084,0.18167880177497864,8.470929145812988
3,1,1.0,42,positive,821,37.548797607421875,0.02358805574476719,0.22462797164916992,0.26638558506965637,8.434510231018066
3,1,1.0,43,positive,1857,34.89942169189453,0.021923761814832687,0.24134774506092072,0.30203142762184143,8.422896385192871
3,1,1.0,44,positive,11881,11.095917701721191,0.0069704134948551655,0.752007007598877,0.7786508202552795,8.344207763671875
3,1,1.0,45,positive,13323,6.846796035766602,0.004301136359572411,1.2182011604309082,0.5051743984222412,8.340774536132812
3,1,1.0,46,positive,6575,11.06769847869873,0.006952696014195681,0.7533309459686279,0.693560779094696,8.337639808654785
3,1,1.0,47,positive,2264,52.000587463378906,0.03266659006476402,0.1552862823009491,0.14775776863098145,8.07497787475586
3,1,1.0,48,positive,7537,28.8370304107666,0.018115295097231865,0.2794245779514313,0.3623993992805481,8.057775497436523
3,1,1.0,49,positive,9349,12.224326133728027,0.007679274771362543,0.6429637670516968,0.6128785014152527,7.859798908233643
3,1,1.0,0,negative,15558,-29.943389892578125,-0.018810294568538666,1.8998169898986816,0.9292832612991333,56.886959075927734
3,1,1.0,1,negative,8938,-20.176250457763672,-0.012674628756940365,2.47702956199646,0.611536979675293,49.977169036865234
3,1,1.0,2,negative,7066,-32.9807014465332,-0.020718352869153023,1.4874598979949951,0.4457646608352661,49.057472229003906
3,1,1.0,3,negative,15346,-24.926149368286133,-0.015658492222428322,1.6166316270828247,0.9279417395591736,40.29640197753906
3,1,1.0,4,negative,14840,-26.61074447631836,-0.016716744750738144,1.4831875562667847,0.8871214985847473,39.46872329711914
3,1,1.0,5,negative,7528,-35.836021423339844,-0.022512078285217285,1.078221082687378,0.5373706221580505,38.63915252685547
3,1,1.0,6,negative,240,-22.157344818115234,-0.013919182121753693,1.7393468618392944,0.806439220905304,38.539306640625
3,1,1.0,7,negative,9393,-32.29182815551758,-0.020285572856664658,1.1279864311218262,0.816979706287384,36.42474365234375
3,1,1.0,8,negative,6582,-26.39959716796875,-0.016584156081080437,1.3664917945861816,0.6004216074943542,36.074832916259766
3,1,1.0,9,negative,14278,-28.29283332824707,-0.017773466184735298,1.154139518737793,0.42065924406051636,32.65387725830078
3,1,1.0,10,negative,10179,-17.30746841430664,-0.010872496291995049,1.8288897275924683,0.8261786103248596,31.653451919555664
3,1,1.0,11,negative,14020,-41.89046096801758,-0.026315445080399513,0.5916831493377686,0.5153315663337708,24.785879135131836
3,1,1.0,12,negative,7061,-23.512672424316406,-0.01477055810391903,0.9771179556846619,0.7129168510437012,22.974655151367188
3,1,1.0,13,negative,13761,-15.967848777770996,-0.01003094483166933,1.4322808980941772,0.38463011384010315,22.870445251464844
3,1,1.0,14,negative,6568,-14.614855766296387,-0.009181003086268902,1.5351643562316895,0.5795323848724365,22.43620491027832
3,1,1.0,15,negative,9022,-16.178571701049805,-0.010163324885070324,1.302530288696289,0.49425068497657776,21.07308006286621
3,1,1.0,16,negative,1520,-25.749298095703125,-0.016175651922822,0.8168410062789917,0.4336910545825958,21.033082962036133
3,1,1.0,17,negative,13795,-22.734481811523438,-0.01428170595318079,0.8895290493965149,0.6525488495826721,20.22298240661621
3,1,1.0,18,negative,5144,-34.47871017456055,-0.02165938913822174,0.5864472389221191,0.5262552499771118,20.21994400024414
3,1,1.0,19,negative,9226,-35.88782501220703,-0.022544655948877335,0.5559351444244385,0.5459946393966675,19.951303482055664
3,1,1.0,20,negative,15407,-8.904808044433594,-0.005594000220298767,2.1339662075042725,0.9444231390953064,19.002559661865234
3,1,1.0,21,negative,9652,-8.05798053741455,-0.005061984062194824,2.225372076034546,0.9517056345939636,17.932004928588867
3,1,1.0,22,negative,4629,-12.885746955871582,-0.008094790391623974,1.3654478788375854,0.9028363227844238,17.594816207885742
3,1,1.0,23,negative,1080,-37.36353302001953,-0.02347159944474697,0.44566377997398376,0.5469528436660767,16.651573181152344
3,1,1.0,24,negative,14489,-23.312522888183594,-0.014644838869571686,0.6908827424049377,0.6088539958000183,16.106220245361328
3,1,1.0,25,negative,9221,-12.132959365844727,-0.007621921133249998,1.306720495223999,0.7970486879348755,15.854386329650879
3,1,1.0,26,negative,1147,-14.426456451416016,-0.00906266737729311,1.0843666791915894,0.6887696385383606,15.643568992614746
3,1,1.0,27,negative,10441,-34.31257247924805,-0.021555062383413315,0.45200783014297485,0.5429283380508423,15.509551048278809
3,1,1.0,28,negative,6250,-20.54120445251465,-0.012903946451842785,0.7544091939926147,0.5904561281204224,15.49647331237793
3,1,1.0,29,negative,11192,-24.301841735839844,-0.015266370959579945,0.6244332790374756,0.5917976498603821,15.17487907409668
3,1,1.0,30,negative,12946,-10.72983169555664,-0.006740448530763388,1.349367618560791,0.8597163558006287,14.478487014770508
3,1,1.0,31,negative,4622,-22.81636619567871,-0.014333144761621952,0.6307747960090637,0.6021463871002197,14.391988754272461
3,1,1.0,32,negative,12919,-18.816993713378906,-0.011820768006145954,0.684361457824707,0.741280198097229,12.877625465393066
3,1,1.0,33,negative,6626,-21.175962448120117,-0.013302658684551716,0.602241039276123,0.40705251693725586,12.753033638000488
3,1,1.0,34,negative,8221,-37.878543853759766,-0.023795166984200478,0.3329603374004364,0.3608662188053131,12.612052917480469
3,1,1.0,35,negative,9649,-25.830135345458984,-0.016226427629590034,0.4778445065021515,0.4405902624130249,12.342788696289062
3,1,1.0,36,negative,1440,-39.221771240234375,-0.024638963863253593,0.3138290047645569,0.34246838092803955,12.308929443359375
3,1,1.0,37,negative,4404,-21.87898063659668,-0.013744249939918518,0.5600482225418091,0.4518972933292389,12.253284454345703
3,1,1.0,38,negative,1797,-11.32480239868164,-0.007114205975085497,1.0654749870300293,0.5350708961486816,12.066293716430664
3,1,1.0,39,negative,3336,-13.66491413116455,-0.008584254421293736,0.8667944669723511,0.4336910545825958,11.844672203063965
3,1,1.0,40,negative,15013,-16.854938507080078,-0.01058821938931942,0.6564664840698242,0.6146032810211182,11.064702033996582
3,1,1.0,41,negative,11744,-26.62213706970215,-0.016723930835723877,0.4108767509460449,0.3129551410675049,10.938417434692383
3,1,1.0,42,negative,8990,-31.033273696899414,-0.019495006650686264,0.34864580631256104,0.3760061264038086,10.819621086120605
3,1,1.0,43,negative,12190,-23.105079650878906,-0.014514539390802383,0.46097224950790405,0.5860483050346375,10.650800704956055
3,1,1.0,44,negative,15109,-28.076902389526367,-0.017637819051742554,0.36728745698928833,0.3758144974708557,10.312294006347656
3,1,1.0,45,negative,6514,-10.274173736572266,-0.006454202346503735,0.9527480006217957,0.6720966100692749,9.788698196411133
3,1,1.0,46,negative,1075,-11.315978050231934,-0.007108672056347132,0.853397786617279,0.5711000561714172,9.657031059265137
3,1,1.0,47,negative,3893,-20.410966873168945,-0.012822093442082405,0.4631562829017639,0.5712916851043701,9.45346736907959
3,1,1.0,48,negative,4614,-5.64894437789917,-0.003548649838194251,1.672223448753357,0.8915293216705322,9.446297645568848
3,1,1.0,49,negative,899,-11.616990089416504,-0.007297777570784092,0.7996498942375183,0.6653890609741211,9.289525032043457
4,0,4.646866447188813e-09,0,positive,2260,195.9845428466797,0.12304738163948059,0.8268778324127197,0.7238405346870422,162.05526733398438
4,0,4.646866447188813e-09,1,positive,4017,35.2972412109375,0.022161105647683144,1.9327313899993896,0.5093905925750732,68.22008514404297
4,0,4.646866447188813e-09,2,positive,3034,25.480924606323242,0.01599799282848835,1.9960211515426636,0.9302414655685425,50.86046600341797
4,0,4.646866447188813e-09,3,positive,14665,17.886947631835938,0.01123019028455019,2.4935708045959473,0.9532387852668762,44.60237121582031
4,0,4.646866447188813e-09,4,positive,5802,28.429645538330078,0.0178493894636631,1.2910199165344238,0.8257953524589539,36.70323944091797
4,0,4.646866447188813e-09,5,positive,7909,27.050582885742188,0.01698353886604309,1.2207328081130981,0.5193560719490051,33.02153396606445
4,0,4.646866447188813e-09,6,positive,387,18.4263858795166,0.01156888622790575,1.7332069873809814,0.5728248357772827,31.93674087524414
4,0,4.646866447188813e-09,7,positive,3065,34.950435638427734,0.021943390369415283,0.887001097202301,0.7397470474243164,31.001073837280273
4,0,4.646866447188813e-09,8,positive,14525,16.478992462158203,0.010346201248466969,1.7266929149627686,0.8815638422966003,28.454158782958984
4,0,4.646866447188813e-09,9,positive,5422,14.000431060791016,0.00879008136689663,1.8780075311660767,0.9296665191650391,26.29291534423828
4,0,4.646866447188813e-09,10,positive,14550,9.916803359985352,0.006226192228496075,2.3827693462371826,0.9193177223205566,23.62945556640625
4,0,4.646866447188813e-09,11,positive,8542,15.415576934814453,0.009678573347628117,1.463138461112976,0.8924875259399414,22.555124282836914
4,0,4.646866447188813e-09,12,positive,15375,17.682138442993164,0.011101608164608479,1.2712128162384033,0.7602529525756836,22.477760314941406
4,0,4.646866447188813e-09,13,positive,1027,18.78801727294922,0.011795875616371632,1.1888507604599,0.8901877999305725,22.336149215698242
4,0,4.646866447188813e-09,14,positive,6881,12.893101692199707,0.008094828575849533,1.7117338180541992,0.8752395510673523,22.06955909729004
4,0,4.646866447188813e-09,15,positive,5138,28.701519012451172,0.0180200282484293,0.7374635934829712,0.5534687638282776,21.166324615478516
4,0,4.646866447188813e-09,16,positive,7546,7.821564197540283,0.004910680465400219,2.540210485458374,0.9494059085845947,19.868419647216797
4,0,4.646866447188813e-09,17,positive,4168,24.763452529907227,0.015547540038824081,0.7925502061843872,0.7324645519256592,19.626279830932617
4,0,4.646866447188813e-09,18,positive,7818,27.986825942993164,0.017571328207850456,0.696956992149353,0.7395553588867188,19.505613327026367
4,0,4.646866447188813e-09,19,positive,9222,41.361053466796875,0.02596818096935749,0.450920432806015,0.48696818947792053,18.650543212890625
4,0,4.646866447188813e-09,20,positive,995,43.897647857666016,0.027560830116271973,0.40120792388916016,0.5538520216941833,17.612083435058594
4,0,4.646866447188813e-09,21,positive,12368,12.939132690429688,0.008123709820210934,1.3316537141799927,0.727290153503418,17.230443954467773
4,0,4.646866447188813e-09,22,positive,160,27.026193618774414,0.016968239098787308,0.6343713998794556,0.5981218814849854,17.144643783569336
4,0,4.646866447188813e-09,23,positive,4366,21.01395034790039,0.01319345273077488,0.7978999614715576,0.6232272982597351,16.767030715942383
4,0,4.646866447188813e-09,24,positive,2687,18.62403678894043,0.011692976579070091,0.8093263506889343,0.683020293712616,15.07292366027832
4,0,4.646866447188813e-09,25,positive,6675,17.96267318725586,0.011277786456048489,0.812118649482727,0.47087007761001587,14.587821960449219
4,0,4.646866447188813e-09,26,positive,3638,13.631396293640137,0.008558347821235657,1.0698692798614502,0.8095055818557739,14.58381175994873
4,0,4.646866447188813e-09,27,positive,12793,35.97467041015625,0.022586382925510406,0.3727973401546478,0.4518972933292389,13.411261558532715
4,0,4.646866447188813e-09,28,positive,9276,12.529385566711426,0.007866499945521355,1.0369350910186768,0.7397470474243164,12.992159843444824
4,0,4.646866447188813e-09,29,positive,1733,53.34056091308594,0.033489469438791275,0.23735611140727997,0.3524338901042938,12.6607084274292
4,0,4.646866447188813e-09,30,positive,3259,34.98505401611328,0.02196510322391987,0.3606801927089691,0.42506706714630127,12.618415832519531
4,0,4.646866447188813e-09,31,positive,8577,22.062864303588867,0.013852027244865894,0.5650776028633118,0.4722115695476532,12.467230796813965
4,0,4.646866447188813e-09,32,positive,15443,23.08153533935547,0.014491518959403038,0.5071892738342285,0.5065159201622009,11.706707000732422
4,0,4.646866447188813e-09,33,positive,3047,11.104195594787598,0.006971655413508415,1.0488731861114502,0.45362207293510437,11.646892547607422
4,0,4.646866447188813e-09,34,positive,209,8.461203575134277,0.0053122928366065025,1.219117522239685,0.8838635683059692,10.315201759338379
4,0,4.646866447188813e-09,35,positive,4241,12.903254508972168,0.008101219311356544,0.7698273062705994,0.5835568904876709,9.93327808380127
4,0,4.646866447188813e-09,36,positive,4841,9.095792770385742,0.00571071682497859,0.9922705888748169,0.8229206800460815,9.025487899780273
4,0,4.646866447188813e-09,37,positive,11447,10.161445617675781,0.0063797831535339355,0.8826926350593567,0.7244154810905457,8.969432830810547
4,0,4.646866447188813e-09,38,positive,14975,17.852598190307617,0.011208645068109035,0.49980732798576355,0.5825986862182617,8.922859191894531
4,0,4.646866447188813e-09,39,positive,10620,20.98166275024414,0.013173162005841732,0.41908857226371765,0.5143733024597168,8.793174743652344
4,0,4.646866447188813e-09,40,positive,6693,7.4705023765563965,0.004690305329859257,1.1766691207885742,0.8574166297912598,8.79030990600586
4,0,4.646866447188813e-09,41,positive,5744,17.52630043029785,0.011003777384757996,0.48347583413124084,0.18167880177497864,8.473543167114258
4,0,4.646866447188813e-09,42,positive,821,37.58513259887695,0.02359754405915737,0.22462797164916992,0.26638558506965637,8.442671775817871
4,0,4.646866447188813e-09,43,positive,1857,34.92033386230469,0.021924419328570366,0.24134774506092072,0.30203142762184143,8.42794418334961
4,0,4.646866447188813e-09,44,positive,13323,6.843908309936523,0.004296897444874048,1.2182011604309082,0.5051743984222412,8.337257385253906
4,0,4.646866447188813e-09,45,positive,11881,11.076183319091797,0.006954100448638201,0.752007007598877,0.7786508202552795,8.329367637634277
4,0,4.646866447188813e-09,46,positive,6575,11.038873672485352,0.006930679548531771,0.7533309459686279,0.693560779094696,8.315925598144531
4,0,4.646866447188813e-09,47,positive,2264,51.989990234375,0.03264148160815239,0.1552862823009491,0.14775776863098145,8.073331832885742
4,0,4.646866447188813e-09,48,positive,7537,28.85017204284668,0.01811336725950241,0.2794245779514313,0.3623993992805481,8.061447143554688
4,0,4.646866447188813e-09,49,positive,9349,12.220272064208984,0.0076723890379071236,0.6429637670516968,0.6128785014152527,7.857192039489746
4,0,4.646866447188813e-09,0,negative,15558,-29.96436309814453,-0.018812905997037888,1.8998169898986816,0.9292832612991333,56.92680740356445
4,0,4.646866447188813e-09,1,negative,8938,-20.1585636138916,-0.01265638042241335,2.47702956199646,0.611536979675293,49.93335723876953
4,0,4.646866447188813e-09,2,negative,7066,-33.004737854003906,-0.02072175405919552,1.4874598979949951,0.4457646608352661,49.093223571777344
4,0,4.646866447188813e-09,3,negative,15346,-24.937292098999023,-0.015656698495149612,1.6166316270828247,0.9279417395591736,40.314414978027344
4,0,4.646866447188813e-09,4,negative,14840,-26.63568687438965,-0.016723008826375008,1.4831875562667847,0.8871214985847473,39.50571823120117
4,0,4.646866447188813e-09,5,negative,7528,-35.8238525390625,-0.02249176800251007,1.078221082687378,0.5373706221580505,38.626033782958984
4,0,4.646866447188813e-09,6,negative,240,-22.163198471069336,-0.01391501072794199,1.7393468618392944,0.806439220905304,38.54948806762695
4,0,4.646866447188813e-09,7,negative,9393,-32.319854736328125,-0.02029179036617279,1.1279864311218262,0.816979706287384,36.456356048583984
4,0,4.646866447188813e-09,8,negative,6582,-26.39344596862793,-0.016570938751101494,1.3664917945861816,0.6004216074943542,36.066429138183594
4,0,4.646866447188813e-09,9,negative,14278,-28.303571701049805,-0.017770199105143547,1.154139518737793,0.42065924406051636,32.6662712097168
4,0,4.646866447188813e-09,10,negative,10179,-17.311189651489258,-0.010868703946471214,1.8288897275924683,0.8261786103248596,31.66025733947754
4,0,4.646866447188813e-09,11,negative,14020,-41.891693115234375,-0.0263013057410717,0.5916831493377686,0.5153315663337708,24.786609649658203
4,0,4.646866447188813e-09,12,negative,7061,-23.51127052307129,-0.014761367812752724,0.9771179556846619,0.7129168510437012,22.973283767700195
4,0,4.646866447188813e-09,13,negative,13761,-15.988759994506836,-0.010038400068879128,1.4322808980941772,0.38463011384010315,22.9003963470459
4,0,4.646866447188813e-09,14,negative,6568,-14.613577842712402,-0.00917500164359808,1.5351643562316895,0.5795323848724365,22.43424415588379
4,0,4.646866447188813e-09,15,negative,9022,-16.193832397460938,-0.010167170315980911,1.302530288696289,0.49425068497657776,21.09295654296875
4,0,4.646866447188813e-09,16,negative,1520,-25.7537841796875,-0.016169346868991852,0.8168410062789917,0.4336910545825958,21.036746978759766
4,0,4.646866447188813e-09,17,negative,5144,-34.54832077026367,-0.021690893918275833,0.5864472389221191,0.5262552499771118,20.260766983032227
4,0,4.646866447188813e-09,18,negative,13795,-22.77198028564453,-0.014297218061983585,0.8895290493965149,0.6525488495826721,20.256338119506836
4,0,4.646866447188813e-09,19,negative,9226,-35.91725158691406,-0.022550394758582115,0.5559351444244385,0.5459946393966675,19.967662811279297
4,0,4.646866447188813e-09,20,negative,15407,-8.914041519165039,-0.005596633534878492,2.1339662075042725,0.9444231390953064,19.022262573242188
4,0,4.646866447188813e-09,21,negative,9652,-8.046154022216797,-0.0050517055206000805,2.225372076034546,0.9517056345939636,17.90568733215332
4,0,4.646866447188813e-09,22,negative,4629,-12.888713836669922,-0.00809209980070591,1.3654478788375854,0.9028363227844238,17.598867416381836
4,0,4.646866447188813e-09,23,negative,1080,-37.39127731323242,-0.023475810885429382,0.44566377997398376,0.5469528436660767,16.663938522338867
4,0,4.646866447188813e-09,24,negative,14489,-23.33894157409668,-0.0146531593054533,0.6908827424049377,0.6088539958000183,16.12447166442871
4,0,4.646866447188813e-09,25,negative,9221,-12.141926765441895,-0.007623209152370691,1.306720495223999,0.7970486879348755,15.866104125976562
4,0,4.646866447188813e-09,26,negative,1147,-14.426108360290527,-0.009057336486876011,1.0843666791915894,0.6887696385383606,15.64319133758545
4,0,4.646866447188813e-09,27,negative,10441,-34.330474853515625,-0.021554121747612953,0.45200783014297485,0.5429283380508423,15.517642974853516
4,0,4.646866447188813e-09,28,negative,6250,-20.547330856323242,-0.012900515459477901,0.7544091939926147,0.5904561281204224,15.50109577178955
4,0,4.646866447188813e-09,29,negative,11192,-24.320781707763672,-0.015269611962139606,0.6244332790374756,0.5917976498603821,15.186705589294434
4,0,4.646866447188813e-09,30,negative,12946,-10.729901313781738,-0.006736678071320057,1.349367618560791,0.8597163558006287,14.478581428527832
4,0,4.646866447188813e-09,31,negative,4622,-22.80948829650879,-0.01432078331708908,0.6307747960090637,0.6021463871002197,14.387650489807129
4,0,4.646866447188813e-09,32,negative,12919,-18.808734893798828,-0.011808951385319233,0.684361457824707,0.741280198097229,12.871973037719727
4,0,4.646866447188813e-09,33,negative,6626,-21.184412002563477,-0.013300471939146519,0.602241039276123,0.40705251693725586,12.758122444152832
4,0,4.646866447188813e-09,34,negative,8221,-37.91313552856445,-0.023803483694791794,0.3329603374004364,0.3608662188053131,12.623570442199707
4,0,4.646866447188813e-09,35,negative,9649,-25.863601684570312,-0.016238275915384293,0.4778445065021515,0.4405902624130249,12.358779907226562
4,0,4.646866447188813e-09,36,negative,1440,-39.25791931152344,-0.024647796526551247,0.3138290047645569,0.34246838092803955,12.320273399353027
4,0,4.646866447188813e-09,37,negative,4404,-21.86432647705078,-0.013727335259318352,0.5600482225418091,0.4518972933292389,12.245077133178711
4,0,4.646866447188813e-09,38,negative,1797,-11.310720443725586,-0.00710134906694293,1.0654749870300293,0.5350708961486816,12.051289558410645
4,0,4.646866447188813e-09,39,negative,3336,-13.66475772857666,-0.008579312823712826,0.8667944669723511,0.4336910545825958,11.844536781311035
4,0,4.646866447188813e-09,40,negative,15013,-16.919296264648438,-0.010622656904160976,0.6564664840698242,0.6146032810211182,11.106950759887695
4,0,4.646866447188813e-09,41,negative,11744,-26.65707015991211,-0.01673642173409462,0.4108767509460449,0.3129551410675049,10.952770233154297
4,0,4.646866447188813e-09,42,negative,8990,-31.044361114501953,-0.01949094794690609,0.34864580631256104,0.3760061264038086,10.823486328125
4,0,4.646866447188813e-09,43,negative,12190,-23.10777473449707,-0.014508041553199291,0.46097224950790405,0.5860483050346375,10.652043342590332
4,0,4.646866447188813e-09,44,negative,15109,-28.09026336669922,-0.017636295408010483,0.36728745698928833,0.3758144974708557,10.317201614379883
4,0,4.646866447188813e-09,45,negative,6514,-10.307644844055176,-0.006471587345004082,0.9527480006217957,0.6720966100692749,9.820588111877441
4,0,4.646866447188813e-09,46,negative,1075,-11.321066856384277,-0.007107843179255724,0.853397786617279,0.5711000561714172,9.661373138427734
4,0,4.646866447188813e-09,47,negative,3893,-20.397560119628906,-0.012806511484086514,0.4631562829017639,0.5712916851043701,9.447257995605469
4,0,4.646866447188813e-09,48,negative,4614,-5.648933410644531,-0.003546643303707242,1.672223448753357,0.8915293216705322,9.44627857208252
4,0,4.646866447188813e-09,49,negative,899,-11.6203031539917,-0.007295710034668446,0.7996498942375183,0.6653890609741211,9.292174339294434
5,0,7.665421186686672e-09,0,positive,2260,201.11866760253906,0.12304333597421646,0.8268778324127197,0.7238405346870422,166.30056762695312
5,0,7.665421186686672e-09,1,positive,4017,36.216102600097656,0.02215682901442051,1.9327313899993896,0.5093905925750732,69.9959945678711
5,0,7.665421186686672e-09,2,positive,3034,26.151716232299805,0.015999453142285347,1.9960211515426636,0.9302414655685425,52.199378967285156
5,0,7.665421186686672e-09,3,positive,14665,18.39767074584961,0.011255578137934208,2.4935708045959473,0.9532387852668762,45.87589645385742
5,0,7.665421186686672e-09,4,positive,5802,29.181415557861328,0.017853016033768654,1.2910199165344238,0.8257953524589539,37.673789978027344
5,0,7.665421186686672e-09,5,positive,7909,27.778200149536133,0.01699456386268139,1.2207328081130981,0.5193560719490051,33.909759521484375
5,0,7.665421186686672e-09,6,positive,387,18.910171508789062,0.011569129303097725,1.7332069873809814,0.5728248357772827,32.77524185180664
5,0,7.665421186686672e-09,7,positive,3065,35.894039154052734,0.021959681063890457,0.887001097202301,0.7397470474243164,31.83805274963379
5,0,7.665421186686672e-09,8,positive,14525,16.914840698242188,0.0103484271094203,1.7266929149627686,0.8815638422966003,29.206735610961914
5,0,7.665421186686672e-09,9,positive,5422,14.352766036987305,0.008780937641859055,1.8780075311660767,0.9296665191650391,26.95460319519043
5,0,7.665421186686672e-09,10,positive,14550,10.191458702087402,0.006235082633793354,2.3827693462371826,0.9193177223205566,24.28389549255371
5,0,7.665421186686672e-09,11,positive,8542,15.843533515930176,0.009692979976534843,1.463138461112976,0.8924875259399414,23.181283950805664
5,0,7.665421186686672e-09,12,positive,15375,18.16094207763672,0.011110756546258926,1.2712128162384033,0.7602529525756836,23.086421966552734
5,0,7.665421186686672e-09,13,positive,1027,19.29811668395996,0.011806500144302845,1.1888507604599,0.8901877999305725,22.942581176757812
5,0,7.665421186686672e-09,14,positive,6881,13.22449016571045,0.008090712130069733,1.7117338180541992,0.8752395510673523,22.63680648803711
5,0,7.665421186686672e-09,15,positive,5138,29.460878372192383,0.01802399381995201,0.7374635934829712,0.5534687638282776,21.72632598876953
5,0,7.665421186686672e-09,16,positive,7546,8.012145042419434,0.00490177609026432,2.540210485458374,0.9494059085845947,20.352535247802734
5,0,7.665421186686672e-09,17,positive,4168,25.432741165161133,0.01555960439145565,0.7925502061843872,0.7324645519256592,20.15672492980957
5,0,7.665421186686672e-09,18,positive,7818,28.742033004760742,0.017584213986992836,0.696956992149353,0.7395553588867188,20.03196144104004
5,0,7.665421186686672e-09,19,positive,9222,42.46299362182617,0.02597866579890251,0.450920432806015,0.48696818947792053,19.147432327270508
5,0,7.665421186686672e-09,20,positive,995,45.042659759521484,0.02755686268210411,0.40120792388916016,0.5538520216941833,18.07147216796875
5,0,7.665421186686672e-09,21,positive,12368,13.271964073181152,0.008119766600430012,1.3316537141799927,0.727290153503418,17.673660278320312
5,0,7.665421186686672e-09,22,positive,160,27.737247467041016,0.016969511285424232,0.6343713998794556,0.5981218814849854,17.59571647644043
5,0,7.665421186686672e-09,23,positive,4366,21.56320571899414,0.013192304410040379,0.7978999614715576,0.6232272982597351,17.205280303955078
5,0,7.665421186686672e-09,24,positive,2687,19.140769958496094,0.011710228398442268,0.8093263506889343,0.683020293712616,15.491129875183105
5,0,7.665421186686672e-09,25,positive,3638,13.995675086975098,0.008562500588595867,1.0698692798614502,0.8095055818557739,14.973543167114258
5,0,7.665421186686672e-09,26,positive,6675,18.434009552001953,0.011277817189693451,0.812118649482727,0.47087007761001587,14.970602989196777
5,0,7.665421186686672e-09,27,positive,12793,36.91598129272461,0.022585026919841766,0.3727973401546478,0.4518972933292389,13.762179374694824
5,0,7.665421186686672e-09,28,positive,9276,12.857702255249023,0.00786631740629673,1.0369350910186768,0.7397470474243164,13.332602500915527
5,0,7.665421186686672e-09,29,positive,1733,54.718048095703125,0.03347623348236084,0.23735611140727997,0.3524338901042938,12.987663269042969
5,0,7.665421186686672e-09,30,positive,3259,35.8848876953125,0.021954132243990898,0.3606801927089691,0.42506706714630127,12.942968368530273
5,0,7.665421186686672e-09,31,positive,8577,22.646018981933594,0.013854722492396832,0.5650776028633118,0.4722115695476532,12.796757698059082
5,0,7.665421186686672e-09,32,positive,15443,23.675752639770508,0.014484686776995659,0.5071892738342285,0.5065159201622009,12.008088111877441
5,0,7.665421186686672e-09,33,positive,3047,11.382523536682129,0.006963762454688549,1.0488731861114502,0.45362207293510437,11.938823699951172
5,0,7.665421186686672e-09,34,positive,209,8.70671558380127,0.005326717626303434,1.219117522239685,0.8838635683059692,10.614509582519531
5,0,7.665421186686672e-09,35,positive,4241,13.238059997558594,0.008098953403532505,0.7698273062705994,0.5835568904876709,10.191020011901855
5,0,7.665421186686672e-09,36,positive,4841,9.338436126708984,0.005713197402656078,0.9922705888748169,0.8229206800460815,9.266255378723145
5,0,7.665421186686672e-09,37,positive,11447,10.437333106994629,0.006385490298271179,0.8826926350593567,0.7244154810905457,9.212957382202148
5,0,7.665421186686672e-09,38,positive,14975,18.335250854492188,0.011217433027923107,0.49980732798576355,0.5825986862182617,9.164093017578125
5,0,7.665421186686672e-09,39,positive,6693,7.687137126922607,0.004702950362116098,1.1766691207885742,0.8574166297912598,9.04521656036377
5,0,7.665421186686672e-09,40,positive,10620,21.54547882080078,0.01318140234798193,0.41908857226371765,0.5143733024597168,9.029463768005371
5,0,7.665421186686672e-09,41,positive,5744,17.99936294555664,0.011011923663318157,0.48347583413124084,0.18167880177497864,8.70225715637207
5,0,7.665421186686672e-09,42,positive,821,38.54996109008789,0.023584676906466484,0.22462797164916992,0.26638558506965637,8.65939998626709
5,0,7.665421186686672e-09,43,positive,1857,35.8395881652832,0.02192642353475094,0.24134774506092072,0.30203142762184143,8.64980411529541
5,0,7.665421186686672e-09,44,positive,13323,7.0196990966796875,0.004294614307582378,1.2182011604309082,0.5051743984222412,8.551405906677246
5,0,7.665421186686672e-09,45,positive,11881,11.363062858581543,0.006951877847313881,0.752007007598877,0.7786508202552795,8.545103073120117
5,0,7.665421186686672e-09,46,positive,6575,11.341667175292969,0.006938769016414881,0.7533309459686279,0.693560779094696,8.544029235839844
5,0,7.665421186686672e-09,47,positive,2264,53.386600494384766,0.03266161307692528,0.1552862823009491,0.14775776863098145,8.290206909179688
5,0,7.665421186686672e-09,48,positive,7537,29.613004684448242,0.018117079511284828,0.2794245779514313,0.3623993992805481,8.274600982666016
5,0,7.665421186686672e-09,49,positive,9349,12.557360649108887,0.007682492956519127,0.6429637670516968,0.6128785014152527,8.073927879333496
5,0,7.665421186686672e-09,0,negative,15558,-30.76857566833496,-0.01882404275238514,1.8998169898986816,0.9292832612991333,58.45466232299805
5,0,7.665421186686672e-09,1,negative,8938,-20.710973739624023,-0.012670802883803844,2.47702956199646,0.611536979675293,51.301692962646484
5,0,7.665421186686672e-09,2,negative,7066,-33.86737060546875,-0.020719867199659348,1.4874598979949951,0.4457646608352661,50.3763542175293
5,0,7.665421186686672e-09,3,negative,15346,-25.597198486328125,-0.015660224482417107,1.6166316270828247,0.9279417395591736,41.38124084472656
5,0,7.665421186686672e-09,4,negative,14840,-27.309200286865234,-0.016707604750990868,1.4831875562667847,0.8871214985847473,40.50466537475586
5,0,7.665421186686672e-09,5,negative,7528,-36.78364944458008,-0.022504078224301338,1.078221082687378,0.5373706221580505,39.66090774536133
5,0,7.665421186686672e-09,6,negative,240,-22.761289596557617,-0.01392519660294056,1.7393468618392944,0.806439220905304,39.589778900146484
5,0,7.665421186686672e-09,7,negative,9393,-33.1733512878418,-0.02029522694647312,1.1279864311218262,0.816979706287384,37.419090270996094
5,0,7.665421186686672e-09,8,negative,6582,-27.089754104614258,-0.016573376953601837,1.3664917945861816,0.6004216074943542,37.01792526245117
5,0,7.665421186686672e-09,9,negative,14278,-29.070432662963867,-0.017785154283046722,1.154139518737793,0.42065924406051636,33.551334381103516
5,0,7.665421186686672e-09,10,negative,10179,-17.77903175354004,-0.0108770951628685,1.8288897275924683,0.8261786103248596,32.51588821411133
5,0,7.665421186686672e-09,11,negative,14020,-42.993343353271484,-0.026303092017769814,0.5916831493377686,0.5153315663337708,25.43843650817871
5,0,7.665421186686672e-09,12,negative,7061,-24.12701416015625,-0.014760800637304783,0.9771179556846619,0.7129168510437012,23.57493782043457
5,0,7.665421186686672e-09,13,negative,13761,-16.411624908447266,-0.010040577501058578,1.4322808980941772,0.38463011384010315,23.506057739257812
5,0,7.665421186686672e-09,14,negative,6568,-14.982900619506836,-0.009166468866169453,1.5351643562316895,0.5795323848724365,23.0012149810791
5,0,7.665421186686672e-09,15,negative,9022,-16.603673934936523,-0.010158038698136806,1.302530288696289,0.49425068497657776,21.626789093017578
5,0,7.665421186686672e-09,16,negative,1520,-26.42340850830078,-0.01616569794714451,0.8168410062789917,0.4336910545825958,21.583723068237305
5,0,7.665421186686672e-09,17,negative,5144,-35.40943908691406,-0.02166321687400341,0.5864472389221191,0.5262552499771118,20.76576805114746
5,0,7.665421186686672e-09,18,negative,13795,-23.34031867980957,-0.014279470779001713,0.8895290493965149,0.6525488495826721,20.761892318725586
5,0,7.665421186686672e-09,19,negative,9226,-36.85909652709961,-0.022550230845808983,0.5559351444244385,0.5459946393966675,20.49126625061035
5,0,7.665421186686672e-09,20,negative,15407,-9.112113952636719,-0.005574743263423443,2.1339662075042725,0.9444231390953064,19.444942474365234
5,0,7.665421186686672e-09,21,negative,9652,-8.2639741897583,-0.005055841524153948,2.225372076034546,0.9517056345939636,18.390417098999023
5,0,7.665421186686672e-09,22,negative,4629,-13.230733871459961,-0.008094475604593754,1.3654478788375854,0.9028363227844238,18.06587791442871
5,0,7.665421186686672e-09,23,negative,1080,-38.402889251708984,-0.02349471114575863,0.44566377997398376,0.5469528436660767,17.114776611328125
5,0,7.665421186686672e-09,24,negative,14489,-23.934606552124023,-0.014643057249486446,0.6908827424049377,0.6088539958000183,16.536006927490234
5,0,7.665421186686672e-09,25,negative,9221,-12.450037002563477,-0.00761687196791172,1.306720495223999,0.7970486879348755,16.268718719482422
5,0,7.665421186686672e-09,26,negative,1147,-14.830629348754883,-0.009073306806385517,1.0843666791915894,0.6887696385383606,16.08184051513672
5,0,7.665421186686672e-09,27,negative,10441,-35.23491668701172,-0.021556537598371506,0.45200783014297485,0.5429283380508423,15.926458358764648
5,0,7.665421186686672e-09,28,negative,6250,-21.09198760986328,-0.012903979979455471,0.7544091939926147,0.5904561281204224,15.911989212036133
5,0,7.665421186686672e-09,29,negative,11192,-24.94127082824707,-0.01525893621146679,0.6244332790374756,0.5917976498603821,15.574159622192383
5,0,7.665421186686672e-09,30,negative,12946,-11.052225112915039,-0.006761699914932251,1.349367618560791,0.8597163558006287,14.913515090942383
5,0,7.665421186686672e-09,31,negative,4622,-23.425745010375977,-0.014331730082631111,0.6307747960090637,0.6021463871002197,14.776369094848633
5,0,7.665421186686672e-09,32,negative,12919,-19.306447982788086,-0.011811571195721626,0.684361457824707,0.741280198097229,13.212589263916016
5,0,7.665421186686672e-09,33,negative,6626,-21.742145538330078,-0.013301695697009563,0.602241039276123,0.40705251693725586,13.094012260437012
5,0,7.665421186686672e-09,34,negative,8221,-38.916542053222656,-0.023808887228369713,0.3329603374004364,0.3608662188053131,12.95766544342041
5,0,7.665421186686672e-09,35,negative,9649,-26.527219772338867,-0.01622919738292694,0.4778445065021515,0.4405902624130249,12.675886154174805
5,0,7.665421186686672e-09,36,negative,1440,-40.27634048461914,-0.024640819057822227,0.3138290047645569,0.34246838092803955,12.639883995056152
5,0,7.665421186686672e-09,37,negative,4404,-22.421497344970703,-0.01371739525347948,0.5600482225418091,0.4518972933292389,12.557119369506836
5,0,7.665421186686672e-09,38,negative,1797,-11.610913276672363,-0.007103509735316038,1.0654749870300293,0.5350708961486816,12.371137619018555
5,0,7.665421186686672e-09,39,negative,3336,-14.015678405761719,-0.008574717678129673,0.8667944669723511,0.4336910545825958,12.148712158203125
5,0,7.665421186686672e-09,40,negative,15013,-17.33421516418457,-0.010604963637888432,0.6564664840698242,0.6146032810211182,11.379331588745117
5,0,7.665421186686672e-09,41,negative,11744,-27.365142822265625,-0.016741856932640076,0.4108767509460449,0.3129551410675049,11.243700981140137
5,0,7.665421186686672e-09,42,negative,8990,-31.85028648376465,-0.019485823810100555,0.34864580631256104,0.3760061264038086,11.10446834564209
5,0,7.665421186686672e-09,43,negative,12190,-23.726428985595703,-0.014515724964439869,0.46097224950790405,0.5860483050346375,10.937225341796875
5,0,7.665421186686672e-09,44,negative,15109,-28.818191528320312,-0.017630845308303833,0.36728745698928833,0.3758144974708557,10.58456039428711
5,0,7.665421186686672e-09,45,negative,6514,-10.569499969482422,-0.006466343067586422,0.9527480006217957,0.6720966100692749,10.070070266723633
5,0,7.665421186686672e-09,46,negative,1075,-11.64491081237793,-0.007124277763068676,0.853397786617279,0.5711000561714172,9.93774127960205
5,0,7.665421186686672e-09,47,negative,4614,-5.802366256713867,-0.00354986684396863,1.672223448753357,0.8915293216705322,9.702853202819824
5,0,7.665421186686672e-09,48,negative,3893,-20.919879913330078,-0.01279870793223381,0.4631562829017639,0.5712916851043701,9.689173698425293
5,0,7.665421186686672e-09,49,negative,899,-11.937041282653809,-0.007303010206669569,0.7996498942375183,0.6653890609741211,9.545454025268555
6,0,7.719812344930688e-09,0,positive,2260,198.54690551757812,0.12305108457803726,0.8268778324127197,0.7238405346870422,164.17404174804688
6,0,7.719812344930688e-09,1,positive,4017,35.76149368286133,0.022163422778248787,1.9327313899993896,0.5093905925750732,69.11736297607422
6,0,7.719812344930688e-09,2,positive,3034,25.829017639160156,0.016007719561457634,1.9960211515426636,0.9302414655685425,51.555267333984375
6,0,7.719812344930688e-09,3,positive,14665,18.125608444213867,0.011233465746045113,2.4935708045959473,0.9532387852668762,45.197486877441406
6,0,7.719812344930688e-09,4,positive,5802,28.817676544189453,0.017860008403658867,1.2910199165344238,0.8257953524589539,37.204193115234375
6,0,7.719812344930688e-09,5,positive,7909,27.405506134033203,0.01698477193713188,1.2207328081130981,0.5193560719490051,33.45479965209961
6,0,7.719812344930688e-09,6,positive,387,18.652952194213867,0.01156030222773552,1.7332069873809814,0.5728248357772827,32.32942581176758
6,0,7.719812344930688e-09,7,positive,3065,35.418521881103516,0.021950872614979744,0.887001097202301,0.7397470474243164,31.41626739501953
6,0,7.719812344930688e-09,8,positive,14525,16.70755386352539,0.010354643687605858,1.7266929149627686,0.8815638422966003,28.848814010620117
6,0,7.719812344930688e-09,9,positive,5422,14.209854125976562,0.008806651458144188,1.8780075311660767,0.9296665191650391,26.68621253967285
6,0,7.719812344930688e-09,10,positive,14550,10.067014694213867,0.0062391189858317375,2.3827693462371826,0.9193177223205566,23.98737335205078
6,0,7.719812344930688e-09,11,positive,8542,15.613446235656738,0.009676551446318626,1.463138461112976,0.8924875259399414,22.844633102416992
6,0,7.719812344930688e-09,12,positive,15375,17.892011642456055,0.011088724248111248,1.2712128162384033,0.7602529525756836,22.74455451965332
6,0,7.719812344930688e-09,13,positive,1027,19.04051399230957,0.011800500564277172,1.1888507604599,0.8901877999305725,22.636329650878906
6,0,7.719812344930688e-09,14,positive,6881,13.069700241088867,0.008100029081106186,1.7117338180541992,0.8752395510673523,22.37184715270996
6,0,7.719812344930688e-09,15,positive,5138,29.062196731567383,0.018011467531323433,0.7374635934829712,0.5534687638282776,21.43231201171875
6,0,7.719812344930688e-09,16,positive,7546,7.913430690765381,0.004904444329440594,2.540210485458374,0.9494059085845947,20.10177993774414
6,0,7.719812344930688e-09,17,positive,4168,25.095443725585938,0.015553047880530357,0.7925502061843872,0.7324645519256592,19.8893985748291
6,0,7.719812344930688e-09,18,positive,7818,28.372474670410156,0.017584078013896942,0.696956992149353,0.7395553588867188,19.774394989013672
6,0,7.719812344930688e-09,19,positive,9222,41.92038345336914,0.025980480015277863,0.450920432806015,0.48696818947792053,18.90275764465332
6,0,7.719812344930688e-09,20,positive,995,44.46855545043945,0.027559684589505196,0.40120792388916016,0.5538520216941833,17.841136932373047
6,0,7.719812344930688e-09,21,positive,12368,13.120305061340332,0.008131418377161026,1.3316537141799927,0.727290153503418,17.471702575683594
6,0,7.719812344930688e-09,22,positive,160,27.351716995239258,0.016951419413089752,0.6343713998794556,0.5981218814849854,17.351146697998047
6,0,7.719812344930688e-09,23,positive,4366,21.2918643951416,0.013195796869695187,0.7978999614715576,0.6232272982597351,16.98877716064453
6,0,7.719812344930688e-09,24,positive,2687,18.904647827148438,0.011716288514435291,0.8093263506889343,0.683020293712616,15.300029754638672
6,0,7.719812344930688e-09,25,positive,6675,18.188945770263672,0.011272717267274857,0.812118649482727,0.47087007761001587,14.771581649780273
6,0,7.719812344930688e-09,26,positive,3638,13.795856475830078,0.008550056256353855,1.0698692798614502,0.8095055818557739,14.75976276397705
6,0,7.719812344930688e-09,27,positive,12793,36.46294021606445,0.02259811945259571,0.3727973401546478,0.4518972933292389,13.593287467956543
6,0,7.719812344930688e-09,28,positive,9276,12.680203437805176,0.007858616299927235,1.0369350910186768,0.7397470474243164,13.148548126220703
6,0,7.719812344930688e-09,29,positive,1733,53.98408889770508,0.03345707803964615,0.23735611140727997,0.3524338901042938,12.813453674316406
6,0,7.719812344930688e-09,30,positive,3259,35.431007385253906,0.02195863239467144,0.3606801927089691,0.42506706714630127,12.77926254272461
6,0,7.719812344930688e-09,31,positive,8577,22.368125915527344,0.013862771913409233,0.5650776028633118,0.4722115695476532,12.639726638793945
6,0,7.719812344930688e-09,32,positive,15443,23.381393432617188,0.01449079904705286,0.5071892738342285,0.5065159201622009,11.858792304992676
6,0,7.719812344930688e-09,33,positive,3047,11.223359107971191,0.006955744698643684,1.0488731861114502,0.45362207293510437,11.771880149841309
6,0,7.719812344930688e-09,34,positive,209,8.587194442749023,0.00532201211899519,1.219117522239685,0.8838635683059692,10.468799591064453
6,0,7.719812344930688e-09,35,positive,4241,13.076125144958496,0.008104009553790092,0.7698273062705994,0.5835568904876709,10.06635856628418
6,0,7.719812344930688e-09,36,positive,4841,9.216008186340332,0.005711724516004324,0.9922705888748169,0.8229206800460815,9.144773483276367
6,0,7.719812344930688e-09,37,positive,11447,10.303194046020508,0.0063855005428195,0.8826926350593567,0.7244154810905457,9.09455394744873
6,0,7.719812344930688e-09,38,positive,14975,18.094528198242188,0.011214197613298893,0.49980732798576355,0.5825986862182617,9.043777465820312
6,0,7.719812344930688e-09,39,positive,6693,7.567412376403809,0.004689953755587339,1.1766691207885742,0.8574166297912598,8.904340744018555
6,0,7.719812344930688e-09,40,positive,10620,21.23433494567871,0.013160118833184242,0.41908857226371765,0.5143733024597168,8.899066925048828
6,0,7.719812344930688e-09,41,positive,5744,17.76434898376465,0.011009596288204193,0.48347583413124084,0.18167880177497864,8.58863353729248
6,0,7.719812344930688e-09,42,positive,821,38.10101318359375,0.02361338771879673,0.22462797164916992,0.26638558506965637,8.558553695678711
6,0,7.719812344930688e-09,43,positive,1857,35.39259338378906,0.021934760734438896,0.24134774506092072,0.30203142762184143,8.541922569274902
6,0,7.719812344930688e-09,44,positive,13323,6.93311882019043,0.004296851344406605,1.2182011604309082,0.5051743984222412,8.44593334197998
6,0,7.719812344930688e-09,45,positive,11881,11.22816276550293,0.006958741694688797,0.752007007598877,0.7786508202552795,8.443656921386719
6,0,7.719812344930688e-09,46,positive,6575,11.190120697021484,0.006935170851647854,0.7533309459686279,0.693560779094696,8.429863929748535
6,0,7.719812344930688e-09,47,positive,2264,52.69485092163086,0.032657984644174576,0.1552862823009491,0.14775776863098145,8.182787895202637
6,0,7.719812344930688e-09,48,positive,7537,29.23138999938965,0.018116364255547523,0.2794245779514313,0.3623993992805481,8.16796875
6,0,7.719812344930688e-09,49,positive,9349,12.398627281188965,0.007684161886572838,0.6429637670516968,0.6128785014152527,7.97186803817749
6,0,7.719812344930688e-09,0,negative,15558,-30.361934661865234,-0.018817035481333733,1.8998169898986816,0.9292832612991333,57.6821174621582
6,0,7.719812344930688e-09,1,negative,8938,-20.431703567504883,-0.012662740424275398,2.47702956199646,0.611536979675293,50.60993194580078
6,0,7.719812344930688e-09,2,negative,7066,-33.43610382080078,-0.02072226069867611,1.4874598979949951,0.4457646608352661,49.73486328125
6,0,7.719812344930688e-09,3,negative,15346,-25.273515701293945,-0.01566345803439617,1.6166316270828247,0.9279417395591736,40.85796356201172
6,0,7.719812344930688e-09,4,negative,14840,-26.9757022857666,-0.016718342900276184,1.4831875562667847,0.8871214985847473,40.01002502441406
6,0,7.719812344930688e-09,5,negative,7528,-36.33196258544922,-0.022516988217830658,1.078221082687378,0.5373706221580505,39.17388916015625
6,0,7.719812344930688e-09,6,negative,240,-22.453393936157227,-0.0139156524091959,1.7393468618392944,0.806439220905304,39.05424118041992
6,0,7.719812344930688e-09,7,negative,9393,-32.761024475097656,-0.020303921774029732,1.1279864311218262,0.816979706287384,36.9539909362793
6,0,7.719812344930688e-09,8,negative,6582,-26.729440689086914,-0.016565782949328423,1.3664917945861816,0.6004216074943542,36.52556228637695
6,0,7.719812344930688e-09,9,negative,14278,-28.67363739013672,-0.01777069829404354,1.154139518737793,0.42065924406051636,33.09337615966797
6,0,7.719812344930688e-09,10,negative,10179,-17.542057037353516,-0.01087181642651558,1.8288897275924683,0.8261786103248596,32.082489013671875
6,0,7.719812344930688e-09,11,negative,14020,-42.43708801269531,-0.026300685480237007,0.5916831493377686,0.5153315663337708,25.109310150146484
6,0,7.719812344930688e-09,12,negative,7061,-23.811594009399414,-0.014757421799004078,0.9771179556846619,0.7129168510437012,23.26673698425293
6,0,7.719812344930688e-09,13,negative,13761,-16.1827449798584,-0.01002937275916338,1.4322808980941772,0.38463011384010315,23.17823600769043
6,0,7.719812344930688e-09,14,negative,6568,-14.781408309936523,-0.009160897694528103,1.5351643562316895,0.5795323848724365,22.691890716552734
6,0,7.719812344930688e-09,15,negative,9022,-16.38211441040039,-0.010152952745556831,1.302530288696289,0.49425068497657776,21.338199615478516
6,0,7.719812344930688e-09,16,negative,1520,-26.08275032043457,-0.016164975240826607,0.8168410062789917,0.4336910545825958,21.30545997619629
6,0,7.719812344930688e-09,17,negative,13795,-23.063636779785156,-0.014293947257101536,0.8895290493965149,0.6525488495826721,20.515775680541992
6,0,7.719812344930688e-09,18,negative,5144,-34.9799690246582,-0.02167910896241665,0.5864472389221191,0.5262552499771118,20.513906478881836
6,0,7.719812344930688e-09,19,negative,9226,-36.378662109375,-0.022545931860804558,0.5559351444244385,0.5459946393966675,20.22417640686035
6,0,7.719812344930688e-09,20,negative,15407,-9.021360397338867,-0.005591049790382385,2.1339662075042725,0.9444231390953064,19.251277923583984
6,0,7.719812344930688e-09,21,negative,9652,-8.169851303100586,-0.005063341930508614,2.225372076034546,0.9517056345939636,18.180959701538086
6,0,7.719812344930688e-09,22,negative,4629,-13.07265853881836,-0.0081018703058362,1.3654478788375854,0.9028363227844238,17.850034713745117
6,0,7.719812344930688e-09,23,negative,1080,-37.88236618041992,-0.023477930575609207,0.44566377997398376,0.5469528436660767,16.88279914855957
6,0,7.719812344930688e-09,24,negative,14489,-23.62704849243164,-0.01464302558451891,0.6908827424049377,0.6088539958000183,16.32352066040039
6,0,7.719812344930688e-09,25,negative,9221,-12.309106826782227,-0.00762865599244833,1.306720495223999,0.7970486879348755,16.084562301635742
6,0,7.719812344930688e-09,26,negative,1147,-14.608154296875,-0.009053514339029789,1.0843666791915894,0.6887696385383606,15.840596199035645
6,0,7.719812344930688e-09,27,negative,10441,-34.746971130371094,-0.021534716710448265,0.45200783014297485,0.5429283380508423,15.705903053283691
6,0,7.719812344930688e-09,28,negative,6250,-20.809032440185547,-0.01289657037705183,0.7544091939926147,0.5904561281204224,15.698525428771973
6,0,7.719812344930688e-09,29,negative,11192,-24.631343841552734,-0.015265470370650291,0.6244332790374756,0.5917976498603821,15.380630493164062
6,0,7.719812344930688e-09,30,negative,12946,-10.881531715393066,-0.006743890233337879,1.349367618560791,0.8597163558006287,14.683186531066895
6,0,7.719812344930688e-09,31,negative,4622,-23.095895767211914,-0.014313869178295135,0.6307747960090637,0.6021463871002197,14.56830883026123
6,0,7.719812344930688e-09,32,negative,12919,-19.084897994995117,-0.011827999725937843,0.684361457824707,0.741280198097229,13.060968399047852
6,0,7.719812344930688e-09,33,negative,6626,-21.480100631713867,-0.013312442228198051,0.602241039276123,0.40705251693725586,12.936198234558105
6,0,7.719812344930688e-09,34,negative,8221,-38.39753723144531,-0.023797180503606796,0.3329603374004364,0.3608662188053131,12.784856796264648
6,0,7.719812344930688e-09,35,negative,9649,-26.219459533691406,-0.01624971069395542,0.4778445065021515,0.4405902624130249,12.528824806213379
6,0,7.719812344930688e-09,36,negative,1440,-39.785518646240234,-0.02465738169848919,0.3138290047645569,0.34246838092803955,12.485849380493164
6,0,7.719812344930688e-09,37,negative,4404,-22.152441024780273,-0.01372910663485527,0.5600482225418091,0.4518972933292389,12.406435012817383
6,0,7.719812344930688e-09,38,negative,1797,-11.46645450592041,-0.007106415461748838,1.0654749870300293,0.5350708961486816,12.217220306396484
6,0,7.719812344930688e-09,39,negative,3336,-13.84231948852539,-0.008578884415328503,0.8667944669723511,0.4336910545825958,11.998445510864258
6,0,7.719812344930688e-09,40,negative,15013,-17.09886360168457,-0.010597145184874535,0.6564664840698242,0.6146032810211182,11.224830627441406
6,0,7.719812344930688e-09,41,negative,11744,-26.99753761291504,-0.01673191785812378,0.4108767509460449,0.3129551410675049,11.092660903930664
6,0,7.719812344930688e-09,42,negative,8990,-31.46006202697754,-0.019497651606798172,0.34864580631256104,0.3760061264038086,10.968419075012207
6,0,7.719812344930688e-09,43,negative,12190,-23.426977157592773,-0.014519053511321545,0.46097224950790405,0.5860483050346375,10.799186706542969
6,0,7.719812344930688e-09,44,negative,15109,-28.44455337524414,-0.01762872003018856,0.36728745698928833,0.3758144974708557,10.447327613830566
6,0,7.719812344930688e-09,45,negative,6514,-10.432729721069336,-0.006465766578912735,0.9527480006217957,0.6720966100692749,9.939762115478516
6,0,7.719812344930688e-09,46,negative,1075,-11.465286254882812,-0.007105687167495489,0.853397786617279,0.5711000561714172,9.784449577331543
6,0,7.719812344930688e-09,47,negative,3893,-20.672014236450195,-0.012811665423214436,0.4631562829017639,0.5712916851043701,9.574373245239258
6,0,7.719812344930688e-09,48,negative,4614,-5.718552112579346,-0.0035441261716187,1.672223448753357,0.8915293216705322,9.562697410583496
6,0,7.719812344930688e-09,49,negative,899,-11.755937576293945,-0.0072858259081840515,0.7996498942375183,0.6653890609741211,9.400633811950684
7,0,1.1649289533011142e-08,0,positive,2260,197.53585815429688,0.12303956598043442,0.8268778324127197,0.7238405346870422,163.33802795410156
7,0,1.1649289533011142e-08,1,positive,4017,35.56851577758789,0.022154683247208595,1.9327313899993896,0.5093905925750732,68.744384765625
7,0,1.1649289533011142e-08,2,positive,3034,25.699827194213867,0.01600768230855465,1.9960211515426636,0.9302414655685425,51.29739761352539
7,0,1.1649289533011142e-08,3,positive,14665,18.05256462097168,0.011244428344070911,2.4935708045959473,0.9532387852668762,45.01534652709961
7,0,1.1649289533011142e-08,4,positive,5802,28.675966262817383,0.017861412838101387,1.2910199165344238,0.8257953524589539,37.021244049072266
7,0,1.1649289533011142e-08,5,positive,7909,27.28797721862793,0.01699691265821457,1.2207328081130981,0.5193560719490051,33.31132888793945
7,0,1.1649289533011142e-08,6,positive,387,18.57315444946289,0.011568672023713589,1.7332069873809814,0.5728248357772827,32.19112014770508
7,0,1.1649289533011142e-08,7,positive,3065,35.22028350830078,0.021937791258096695,0.887001097202301,0.7397470474243164,31.24043083190918
7,0,1.1649289533011142e-08,8,positive,14525,16.622390747070312,0.01035360712558031,1.7266929149627686,0.8815638422966003,28.701765060424805
7,0,1.1649289533011142e-08,9,positive,5422,14.097541809082031,0.008780968375504017,1.8780075311660767,0.9296665191650391,26.475290298461914
7,0,1.1649289533011142e-08,10,positive,14550,10.024455070495605,0.006243972573429346,2.3827693462371826,0.9193177223205566,23.885963439941406
7,0,1.1649289533011142e-08,11,positive,8542,15.550883293151855,0.009686223231256008,1.463138461112976,0.8924875259399414,22.753095626831055
7,0,1.1649289533011142e-08,12,positive,15375,17.823108673095703,0.01110154576599598,1.2712128162384033,0.7602529525756836,22.656963348388672
7,0,1.1649289533011142e-08,13,positive,1027,18.95622444152832,0.011807328090071678,1.1888507604599,0.8901877999305725,22.536121368408203
7,0,1.1649289533011142e-08,14,positive,6881,13.008406639099121,0.00810263678431511,1.7117338180541992,0.8752395510673523,22.266929626464844
7,0,1.1649289533011142e-08,15,positive,5138,28.897480010986328,0.017999429255723953,0.7374635934829712,0.5534687638282776,21.31083869934082
7,0,1.1649289533011142e-08,16,positive,7546,7.852914810180664,0.004891338292509317,2.540210485458374,0.9494059085845947,19.948057174682617
7,0,1.1649289533011142e-08,17,positive,4168,24.965675354003906,0.015550401993095875,0.7925502061843872,0.7324645519256592,19.786550521850586
7,0,1.1649289533011142e-08,18,positive,7818,28.22835922241211,0.017582619562745094,0.696956992149353,0.7395553588867188,19.673952102661133
7,0,1.1649289533011142e-08,19,positive,9222,41.72011184692383,0.025986311957240105,0.450920432806015,0.48696818947792053,18.812450408935547
7,0,1.1649289533011142e-08,20,positive,995,44.24591827392578,0.027559516951441765,0.40120792388916016,0.5538520216941833,17.751813888549805
7,0,1.1649289533011142e-08,21,positive,12368,13.041872024536133,0.008123436011373997,1.3316537141799927,0.727290153503418,17.367258071899414
7,0,1.1649289533011142e-08,22,positive,160,27.243980407714844,0.01696954295039177,0.6343713998794556,0.5981218814849854,17.28280258178711
7,0,1.1649289533011142e-08,23,positive,4366,21.19058609008789,0.013199040666222572,0.7978999614715576,0.6232272982597351,16.907968521118164
7,0,1.1649289533011142e-08,24,positive,2687,18.804519653320312,0.011712800711393356,0.8093263506889343,0.683020293712616,15.218993186950684
7,0,1.1649289533011142e-08,25,positive,3638,13.753582000732422,0.008566715754568577,1.0698692798614502,0.8095055818557739,14.714534759521484
7,0,1.1649289533011142e-08,26,positive,6675,18.09139633178711,0.011268611997365952,0.812118649482727,0.47087007761001587,14.692359924316406
7,0,1.1649289533011142e-08,27,positive,12793,36.250213623046875,0.022579312324523926,0.3727973401546478,0.4518972933292389,13.513982772827148
7,0,1.1649289533011142e-08,28,positive,9276,12.607368469238281,0.007852776907384396,1.0369350910186768,0.7397470474243164,13.073022842407227
7,0,1.1649289533011142e-08,29,positive,1733,53.74441909790039,0.03347591310739517,0.23735611140727997,0.3524338901042938,12.756566047668457
7,0,1.1649289533011142e-08,30,positive,3259,35.26057815551758,0.021962841972708702,0.3606801927089691,0.42506706714630127,12.717792510986328
7,0,1.1649289533011142e-08,31,positive,8577,22.270706176757812,0.013871784321963787,0.5650776028633118,0.4722115695476532,12.584677696228027
7,0,1.1649289533011142e-08,32,positive,15443,23.264385223388672,0.01449077483266592,0.5071892738342285,0.5065159201622009,11.799447059631348
7,0,1.1649289533011142e-08,33,positive,3047,11.160897254943848,0.006951815448701382,1.0488731861114502,0.45362207293510437,11.706365585327148
7,0,1.1649289533011142e-08,34,positive,209,8.545336723327637,0.005322636105120182,1.219117522239685,0.8838635683059692,10.417769432067871
7,0,1.1649289533011142e-08,35,positive,4241,13.02931022644043,0.008115613833069801,0.7698273062705994,0.5835568904876709,10.030319213867188
7,0,1.1649289533011142e-08,36,positive,4841,9.158904075622559,0.005704828072339296,0.9922705888748169,0.8229206800460815,9.08811092376709
7,0,1.1649289533011142e-08,37,positive,11447,10.23429012298584,0.006374652963131666,0.8826926350593567,0.7244154810905457,9.033732414245605
7,0,1.1649289533011142e-08,38,positive,14975,17.995609283447266,0.011208949610590935,0.49980732798576355,0.5825986862182617,8.99433708190918
7,0,1.1649289533011142e-08,39,positive,6693,7.563790321350098,0.004711284767836332,1.1766691207885742,0.8574166297912598,8.900078773498535
7,0,1.1649289533011142e-08,40,positive,10620,21.132720947265625,0.013162997551262379,0.41908857226371765,0.5143733024597168,8.856481552124023
7,0,1.1649289533011142e-08,41,positive,5744,17.697107315063477,0.011023027822375298,0.48347583413124084,0.18167880177497864,8.556123733520508
7,0,1.1649289533011142e-08,42,positive,821,37.88872146606445,0.023599838837981224,0.22462797164916992,0.26638558506965637,8.51086711883545
7,0,1.1649289533011142e-08,43,positive,1857,35.18956756591797,0.021918563172221184,0.24134774506092072,0.30203142762184143,8.49292278289795
7,0,1.1649289533011142e-08,44,positive,13323,6.897061824798584,0.004295983351767063,1.2182011604309082,0.5051743984222412,8.402009010314941
7,0,1.1649289533011142e-08,45,positive,11881,11.168403625488281,0.006956488825380802,0.752007007598877,0.7786508202552795,8.398717880249023
7,0,1.1649289533011142e-08,46,positive,6575,11.132545471191406,0.006934160366654396,0.7533309459686279,0.693560779094696,8.386490821838379
7,0,1.1649289533011142e-08,47,positive,2264,52.43236541748047,0.032658666372299194,0.1552862823009491,0.14775776863098145,8.142026901245117
7,0,1.1649289533011142e-08,48,positive,7537,29.066463470458984,0.018104640766978264,0.2794245779514313,0.3623993992805481,8.1218843460083
7,0,1.1649289533011142e-08,49,positive,9349,12.304069519042969,0.0076638488098979,0.6429637670516968,0.6128785014152527,7.911070823669434
7,0,1.1649289533011142e-08,0,negative,15558,-30.187082290649414,-0.01880270056426525,1.8998169898986816,0.9292832612991333,57.34993362426758
7,0,1.1649289533011142e-08,1,negative,8938,-20.311935424804688,-0.012651744298636913,2.47702956199646,0.611536979675293,50.313262939453125
7,0,1.1649289533011142e-08,2,negative,7066,-33.260929107666016,-0.020717259496450424,1.4874598979949951,0.4457646608352661,49.47429656982422
7,0,1.1649289533011142e-08,3,negative,15346,-25.14518165588379,-0.015662256628274918,1.6166316270828247,0.9279417395591736,40.65049743652344
7,0,1.1649289533011142e-08,4,negative,14840,-26.85561180114746,-0.016727590933442116,1.4831875562667847,0.8871214985847473,39.8319091796875
7,0,1.1649289533011142e-08,5,negative,7528,-36.14718246459961,-0.0225150715559721,1.078221082687378,0.5373706221580505,38.97465515136719
7,0,1.1649289533011142e-08,6,negative,240,-22.351346969604492,-0.013922044076025486,1.7393468618392944,0.806439220905304,38.87674331665039
7,0,1.1649289533011142e-08,7,negative,9393,-32.56003189086914,-0.020280737429857254,1.1279864311218262,0.816979706287384,36.72727584838867
7,0,1.1649289533011142e-08,8,negative,6582,-26.585060119628906,-0.016559066250920296,1.3664917945861816,0.6004216074943542,36.32826614379883
7,0,1.1649289533011142e-08,9,negative,14278,-28.562686920166016,-0.017790909856557846,1.154139518737793,0.42065924406051636,32.96532440185547
7,0,1.1649289533011142e-08,10,negative,10179,-17.446083068847656,-0.01086669135838747,1.8288897275924683,0.8261786103248596,31.90696144104004
7,0,1.1649289533011142e-08,11,negative,14020,-42.245994567871094,-0.02631385251879692,0.5916831493377686,0.5153315663337708,24.99624252319336
7,0,1.1649289533011142e-08,12,negative,7061,-23.697603225708008,-0.014760567806661129,0.9771179556846619,0.7129168510437012,23.155353546142578
7,0,1.1649289533011142e-08,13,negative,13761,-16.120155334472656,-0.01004078146070242,1.4322808980941772,0.38463011384010315,23.088590621948242
7,0,1.1649289533011142e-08,14,negative,6568,-14.715238571166992,-0.00916571170091629,1.5351643562316895,0.5795323848724365,22.590309143066406
7,0,1.1649289533011142e-08,15,negative,9022,-16.292705535888672,-0.010148256085813046,1.302530288696289,0.49425068497657776,21.221742630004883
7,0,1.1649289533011142e-08,16,negative,1520,-25.955772399902344,-0.016167139634490013,0.8168410062789917,0.4336910545825958,21.201738357543945
7,0,1.1649289533011142e-08,17,negative,5144,-34.79085159301758,-0.021670294925570488,0.5864472389221191,0.5262552499771118,20.402997970581055
7,0,1.1649289533011142e-08,18,negative,13795,-22.918651580810547,-0.01427534967660904,0.8895290493965149,0.6525488495826721,20.38680648803711
7,0,1.1649289533011142e-08,19,negative,9226,-36.20293426513672,-0.022549839690327644,0.5559351444244385,0.5459946393966675,20.126483917236328
7,0,1.1649289533011142e-08,20,negative,15407,-8.954730987548828,-0.005577672738581896,2.1339662075042725,0.9444231390953064,19.109092712402344
7,0,1.1649289533011142e-08,21,negative,9652,-8.11707592010498,-0.005055894143879414,2.225372076034546,0.9517056345939636,18.063514709472656
7,0,1.1649289533011142e-08,22,negative,4629,-13.009927749633789,-0.008103539235889912,1.3654478788375854,0.9028363227844238,17.76437759399414
7,0,1.1649289533011142e-08,23,negative,1080,-37.69538497924805,-0.023479387164115906,0.44566377997398376,0.5469528436660767,16.799467086791992
7,0,1.1649289533011142e-08,24,negative,14489,-23.51862907409668,-0.014649076387286186,0.6908827424049377,0.6088539958000183,16.248615264892578
7,0,1.1649289533011142e-08,25,negative,9221,-12.248071670532227,-0.007628981489688158,1.306720495223999,0.7970486879348755,16.004806518554688
7,0,1.1649289533011142e-08,26,negative,1147,-14.555883407592773,-0.009066441096365452,1.0843666791915894,0.6887696385383606,15.783914566040039
7,0,1.1649289533011142e-08,27,negative,10441,-34.594871520996094,-0.02154817245900631,0.45200783014297485,0.5429283380508423,15.637152671813965
7,0,1.1649289533011142e-08,28,negative,6250,-20.681554794311523,-0.01288196537643671,0.7544091939926147,0.5904561281204224,15.602355003356934
7,0,1.1649289533011142e-08,29,negative,11192,-24.485748291015625,-0.015251516364514828,0.6244332790374756,0.5917976498603821,15.289715766906738
7,0,1.1649289533011142e-08,30,negative,12946,-10.827619552612305,-0.006744234822690487,1.349367618560791,0.8597163558006287,14.61043930053711
7,0,1.1649289533011142e-08,31,negative,4622,-23.018098831176758,-0.014337334781885147,0.6307747960090637,0.6021463871002197,14.51923656463623
7,0,1.1649289533011142e-08,32,negative,12919,-18.93936538696289,-0.01179679948836565,0.684361457824707,0.741280198097229,12.961371421813965
7,0,1.1649289533011142e-08,33,negative,6626,-21.373571395874023,-0.013312984257936478,0.602241039276123,0.40705251693725586,12.872041702270508
7,0,1.1649289533011142e-08,34,negative,8221,-38.216087341308594,-0.023803768679499626,0.3329603374004364,0.3608662188053131,12.724441528320312
7,0,1.1649289533011142e-08,35,negative,9649,-26.047792434692383,-0.016224419698119164,0.4778445065021515,0.4405902624130249,12.446794509887695
7,0,1.1649289533011142e-08,36,negative,1440,-39.584598541259766,-0.024656109511852264,0.3138290047645569,0.34246838092803955,12.422795295715332
7,0,1.1649289533011142e-08,37,negative,4404,-22.051170349121094,-0.013735074549913406,0.5600482225418091,0.4518972933292389,12.349719047546387
7,0,1.1649289533011142e-08,38,negative,1797,-11.403712272644043,-0.007103062234818935,1.0654749870300293,0.5350708961486816,12.150370597839355
7,0,1.1649289533011142e-08,39,negative,3336,-13.773594856262207,-0.008579183369874954,0.8667944669723511,0.4336910545825958,11.938876152038574
7,0,1.1649289533011142e-08,40,negative,15013,-17.036102294921875,-0.010611328296363354,0.6564664840698242,0.6146032810211182,11.183629989624023
7,0,1.1649289533011142e-08,41,negative,11744,-26.89383888244629,-0.016751430928707123,0.4108767509460449,0.3129551410675049,11.050053596496582
7,0,1.1649289533011142e-08,42,negative,8990,-31.306758880615234,-0.0195001307874918,0.34864580631256104,0.3760061264038086,10.914970397949219
7,0,1.1649289533011142e-08,43,negative,12190,-23.2742919921875,-0.014496851712465286,0.46097224950790405,0.5860483050346375,10.728802680969238
7,0,1.1649289533011142e-08,44,negative,15109,-28.328989028930664,-0.01764531247317791,0.36728745698928833,0.3758144974708557,10.404882431030273
7,0,1.1649289533011142e-08,45,negative,6514,-10.392010688781738,-0.006472894921898842,0.9527480006217957,0.6720966100692749,9.900967597961426
7,0,1.1649289533011142e-08,46,negative,1075,-11.427947998046875,-0.0071181547828018665,0.853397786617279,0.5711000561714172,9.752585411071777
7,0,1.1649289533011142e-08,47,negative,3893,-20.580902099609375,-0.012819238938391209,0.4631562829017639,0.5712916851043701,9.532174110412598
7,0,1.1649289533011142e-08,48,negative,4614,-5.677017688751221,-0.0035360525362193584,1.672223448753357,0.8915293216705322,9.493242263793945
7,0,1.1649289533011142e-08,49,negative,899,-11.72095775604248,-0.0073006595484912395,0.7996498942375183,0.6653890609741211,9.372662544250488
8,0,1.2346229816273535e-08,0,positive,2260,201.61489868164062,0.12304214388132095,0.8268778324127197,0.7238405346870422,166.7108917236328
8,0,1.2346229816273535e-08,1,positive,4017,36.32748794555664,0.02216997928917408,1.9327313899993896,0.5093905925750732,70.21127319335938
8,0,1.2346229816273535e-08,2,positive,3034,26.2276668548584,0.016006294637918472,1.9960211515426636,0.9302414655685425,52.35097885131836
8,0,1.2346229816273535e-08,3,positive,14665,18.400428771972656,0.01122945174574852,2.4935708045959473,0.9532387852668762,45.88277053833008
8,0,1.2346229816273535e-08,4,positive,5802,29.266780853271484,0.01786101795732975,1.2910199165344238,0.8257953524589539,37.78399658203125
8,0,1.2346229816273535e-08,5,positive,7909,27.849472045898438,0.016996057704091072,1.2207328081130981,0.5193560719490051,33.99676513671875
8,0,1.2346229816273535e-08,6,positive,387,18.950801849365234,0.01156535279005766,1.7332069873809814,0.5728248357772827,32.84566116333008
8,0,1.2346229816273535e-08,7,positive,3065,35.97386932373047,0.021954236552119255,0.887001097202301,0.7397470474243164,31.90886116027832
8,0,1.2346229816273535e-08,8,positive,14525,16.94799041748047,0.010343055240809917,1.7266929149627686,0.8815638422966003,29.263975143432617
8,0,1.2346229816273535e-08,9,positive,5422,14.423583030700684,0.008802455849945545,1.8780075311660767,0.9296665191650391,27.087596893310547
8,0,1.2346229816273535e-08,10,positive,14550,10.22124195098877,0.006237832363694906,2.3827693462371826,0.9193177223205566,24.354862213134766
8,0,1.2346229816273535e-08,11,positive,8542,15.843572616577148,0.00966907013207674,1.463138461112976,0.8924875259399414,23.18134117126465
8,0,1.2346229816273535e-08,12,positive,15375,18.18635368347168,0.011098779737949371,1.2712128162384033,0.7602529525756836,23.11872673034668
8,0,1.2346229816273535e-08,13,positive,1027,19.358577728271484,0.01181418914347887,1.1888507604599,0.8901877999305725,23.01445960998535
8,0,1.2346229816273535e-08,14,positive,6881,13.249963760375977,0.008086254820227623,1.7117338180541992,0.8752395510673523,22.680410385131836
8,0,1.2346229816273535e-08,15,positive,5138,29.533100128173828,0.018023507669568062,0.7374635934829712,0.5534687638282776,21.779586791992188
8,0,1.2346229816273535e-08,16,positive,7546,8.0385160446167,0.004905788227915764,2.540210485458374,0.9494059085845947,20.419523239135742
8,0,1.2346229816273535e-08,17,positive,4168,25.484405517578125,0.015552650205790997,0.7925502061843872,0.7324645519256592,20.197669982910156
8,0,1.2346229816273535e-08,18,positive,7818,28.82275390625,0.01759001612663269,0.696956992149353,0.7395553588867188,20.088220596313477
8,0,1.2346229816273535e-08,19,positive,9222,42.56315994262695,0.02597554214298725,0.450920432806015,0.48696818947792053,19.192598342895508
8,0,1.2346229816273535e-08,20,positive,995,45.16920852661133,0.02756606414914131,0.40120792388916016,0.5538520216941833,18.122243881225586
8,0,1.2346229816273535e-08,21,positive,12368,13.333910942077637,0.008137491531670094,1.3316537141799927,0.727290153503418,17.75615119934082
8,0,1.2346229816273535e-08,22,positive,160,27.777694702148438,0.016952253878116608,0.6343713998794556,0.5981218814849854,17.621374130249023
8,0,1.2346229816273535e-08,23,positive,4366,21.614103317260742,0.013190659694373608,0.7978999614715576,0.6232272982597351,17.245891571044922
8,0,1.2346229816273535e-08,24,positive,2687,19.197214126586914,0.011715715751051903,0.8093263506889343,0.683020293712616,15.536810874938965
8,0,1.2346229816273535e-08,25,positive,3638,14.041830062866211,0.008569473400712013,1.0698692798614502,0.8095055818557739,15.02292251586914
8,0,1.2346229816273535e-08,26,positive,6675,18.47543716430664,0.011275272816419601,0.812118649482727,0.47087007761001587,15.004246711730957
8,0,1.2346229816273535e-08,27,positive,12793,37.02104949951172,0.022593287751078606,0.3727973401546478,0.4518972933292389,13.801348686218262
8,0,1.2346229816273535e-08,28,positive,9276,12.881458282470703,0.007861303165555,1.0369350910186768,0.7397470474243164,13.3572359085083
8,0,1.2346229816273535e-08,29,positive,1733,54.86029815673828,0.033480267971754074,0.23735611140727997,0.3524338901042938,13.021427154541016
8,0,1.2346229816273535e-08,30,positive,3259,35.98417663574219,0.021960483863949776,0.3606801927089691,0.42506706714630127,12.978779792785645
8,0,1.2346229816273535e-08,31,positive,8577,22.69982147216797,0.013853310607373714,0.5650776028633118,0.4722115695476532,12.827160835266113
8,0,1.2346229816273535e-08,32,positive,15443,23.749652862548828,0.014493961818516254,0.5071892738342285,0.5065159201622009,12.04556941986084
8,0,1.2346229816273535e-08,33,positive,3047,11.404989242553711,0.0069602360017597675,1.0488731861114502,0.45362207293510437,11.962387084960938
8,0,1.2346229816273535e-08,34,positive,209,8.726310729980469,0.005325470119714737,1.219117522239685,0.8838635683059692,10.638398170471191
8,0,1.2346229816273535e-08,35,positive,4241,13.262869834899902,0.00809410959482193,0.7698273062705994,0.5835568904876709,10.210119247436523
8,0,1.2346229816273535e-08,36,positive,4841,9.372671127319336,0.005719966255128384,0.9922705888748169,0.8229206800460815,9.300226211547852
8,0,1.2346229816273535e-08,37,positive,11447,10.448204040527344,0.006376337260007858,0.8826926350593567,0.7244154810905457,9.222552299499512
8,0,1.2346229816273535e-08,38,positive,14975,18.36118507385254,0.011205555871129036,0.49980732798576355,0.5825986862182617,9.177054405212402
8,0,1.2346229816273535e-08,39,positive,6693,7.700125694274902,0.0046992432326078415,1.1766691207885742,0.8574166297912598,9.060500144958496
8,0,1.2346229816273535e-08,40,positive,10620,21.594497680664062,0.013178692199289799,0.41908857226371765,0.5143733024597168,9.050006866455078
8,0,1.2346229816273535e-08,41,positive,5744,18.024240493774414,0.010999869555234909,0.48347583413124084,0.18167880177497864,8.714284896850586
8,0,1.2346229816273535e-08,42,positive,821,38.65952682495117,0.023593224585056305,0.22462797164916992,0.26638558506965637,8.684011459350586
8,0,1.2346229816273535e-08,43,positive,1857,35.95682907104492,0.02194383181631565,0.24134774506092072,0.30203142762184143,8.678099632263184
8,0,1.2346229816273535e-08,44,positive,13323,7.049997329711914,0.004302493296563625,1.2182011604309082,0.5051743984222412,8.5883150100708
8,0,1.2346229816273535e-08,45,positive,11881,11.416139602661133,0.006967071909457445,0.752007007598877,0.7786508202552795,8.585017204284668
8,0,1.2346229816273535e-08,46,positive,6575,11.36454963684082,0.006935585290193558,0.7533309459686279,0.693560779094696,8.561266899108887
8,0,1.2346229816273535e-08,47,positive,2264,53.508548736572266,0.032655298709869385,0.1552862823009491,0.14775776863098145,8.309144020080566
8,0,1.2346229816273535e-08,48,positive,7537,29.67764663696289,0.018111759796738625,0.2794245779514313,0.3623993992805481,8.29266357421875
8,0,1.2346229816273535e-08,49,positive,9349,12.564323425292969,0.007667798548936844,0.6429637670516968,0.6128785014152527,8.078404426574707
8,0,1.2346229816273535e-08,0,negative,15558,-30.82477378845215,-0.018811803311109543,1.8998169898986816,0.9292832612991333,58.56142807006836
8,0,1.2346229816273535e-08,1,negative,8938,-20.73024559020996,-0.01265131589025259,2.47702956199646,0.611536979675293,51.349430084228516
8,0,1.2346229816273535e-08,2,negative,7066,-33.9716796875,-0.020732339471578598,1.4874598979949951,0.4457646608352661,50.53150939941406
8,0,1.2346229816273535e-08,3,negative,15346,-25.672582626342773,-0.015667565166950226,1.6166316270828247,0.9279417395591736,41.503108978271484
8,0,1.2346229816273535e-08,4,negative,14840,-27.39252471923828,-0.016717156395316124,1.4831875562667847,0.8871214985847473,40.62825012207031
8,0,1.2346229816273535e-08,5,negative,7528,-36.90149688720703,-0.022520309314131737,1.078221082687378,0.5373706221580505,39.78797149658203
8,0,1.2346229816273535e-08,6,negative,240,-22.783279418945312,-0.01390423346310854,1.7393468618392944,0.806439220905304,39.62802505493164
8,0,1.2346229816273535e-08,7,negative,9393,-33.229942321777344,-0.020279625430703163,1.1279864311218262,0.816979706287384,37.48292541503906
8,0,1.2346229816273535e-08,8,negative,6582,-27.157468795776367,-0.016573725268244743,1.3664917945861816,0.6004216074943542,37.11045837402344
8,0,1.2346229816273535e-08,9,negative,14278,-29.1392765045166,-0.017783163115382195,1.154139518737793,0.42065924406051636,33.63079071044922
8,0,1.2346229816273535e-08,10,negative,10179,-17.823328018188477,-0.010877281427383423,1.8288897275924683,0.8261786103248596,32.596900939941406
8,0,1.2346229816273535e-08,11,negative,14020,-43.10668182373047,-0.026307249441742897,0.5916831493377686,0.5153315663337708,25.505496978759766
8,0,1.2346229816273535e-08,12,negative,7061,-24.207365036010742,-0.014773317612707615,0.9771179556846619,0.7129168510437012,23.653451919555664
8,0,1.2346229816273535e-08,13,negative,13761,-16.44405746459961,-0.010035512037575245,1.4322808980941772,0.38463011384010315,23.552509307861328
8,0,1.2346229816273535e-08,14,negative,6568,-15.018038749694824,-0.009165225550532341,1.5351643562316895,0.5795323848724365,23.055158615112305
8,0,1.2346229816273535e-08,15,negative,9022,-16.641414642333984,-0.010155961848795414,1.302530288696289,0.49425068497657776,21.675947189331055
8,0,1.2346229816273535e-08,16,negative,1520,-26.497255325317383,-0.016170833259820938,0.8168410062789917,0.4336910545825958,21.644044876098633
8,0,1.2346229816273535e-08,17,negative,13795,-23.42009925842285,-0.014292867854237556,0.8895290493965149,0.6525488495826721,20.83285903930664
8,0,1.2346229816273535e-08,18,negative,5144,-35.5097770690918,-0.021670976653695107,0.5864472389221191,0.5262552499771118,20.82461166381836
8,0,1.2346229816273535e-08,19,negative,9226,-36.96198654174805,-0.022557226940989494,0.5559351444244385,0.5459946393966675,20.5484676361084
8,0,1.2346229816273535e-08,20,negative,15407,-9.150611877441406,-0.005584499798715115,2.1339662075042725,0.9444231390953064,19.527095794677734
8,0,1.2346229816273535e-08,21,negative,9652,-8.301345825195312,-0.0050661624409258366,2.225372076034546,0.9517056345939636,18.473583221435547
8,0,1.2346229816273535e-08,22,negative,4629,-13.26729965209961,-0.008096792735159397,1.3654478788375854,0.9028363227844238,18.115806579589844
8,0,1.2346229816273535e-08,23,negative,1080,-38.451942443847656,-0.02346653677523136,0.44566377997398376,0.5469528436660767,17.136638641357422
8,0,1.2346229816273535e-08,24,negative,14489,-24.011754989624023,-0.014653951860964298,0.6908827424049377,0.6088539958000183,16.58930778503418
8,0,1.2346229816273535e-08,25,negative,9221,-12.488901138305664,-0.007621751632541418,1.306720495223999,0.7970486879348755,16.319503784179688
8,0,1.2346229816273535e-08,26,negative,1147,-14.862530708312988,-0.009070340543985367,1.0843666791915894,0.6887696385383606,16.116432189941406
8,0,1.2346229816273535e-08,27,negative,10441,-35.31127166748047,-0.02154984138906002,0.45200783014297485,0.5429283380508423,15.960970878601074
8,0,1.2346229816273535e-08,28,negative,6250,-21.133047103881836,-0.012897124513983727,0.7544091939926147,0.5904561281204224,15.942965507507324
8,0,1.2346229816273535e-08,29,negative,11192,-25.012489318847656,-0.015264654532074928,0.6244332790374756,0.5917976498603821,15.618630409240723
8,0,1.2346229816273535e-08,30,negative,12946,-11.044527053833008,-0.006740291602909565,1.349367618560791,0.8597163558006287,14.90312671661377
8,0,1.2346229816273535e-08,31,negative,4622,-23.473133087158203,-0.014325246214866638,0.6307747960090637,0.6021463871002197,14.80626106262207
8,0,1.2346229816273535e-08,32,negative,12919,-19.347135543823242,-0.011807234957814217,0.684361457824707,0.741280198097229,13.240433692932129
8,0,1.2346229816273535e-08,33,negative,6626,-21.812410354614258,-0.013311704620718956,0.602241039276123,0.40705251693725586,13.13632869720459
8,0,1.2346229816273535e-08,34,negative,8221,-39.00657272338867,-0.02380501665174961,0.3329603374004364,0.3608662188053131,12.987641334533691
8,0,1.2346229816273535e-08,35,negative,9649,-26.60791778564453,-0.01623830571770668,0.4778445065021515,0.4405902624130249,12.714447021484375
8,0,1.2346229816273535e-08,36,negative,1440,-40.389488220214844,-0.02464906871318817,0.3138290047645569,0.34246838092803955,12.675393104553223
8,0,1.2346229816273535e-08,37,negative,4404,-22.487010955810547,-0.013723444193601608,0.5600482225418091,0.4518972933292389,12.593810081481934
8,0,1.2346229816273535e-08,38,negative,1797,-11.635798454284668,-0.007101130206137896,1.0654749870300293,0.5350708961486816,12.397652626037598
8,0,1.2346229816273535e-08,39,negative,3336,-14.064016342163086,-0.008583031594753265,0.8667944669723511,0.4336910545825958,12.190611839294434
8,0,1.2346229816273535e-08,40,negative,15013,-17.361778259277344,-0.010595591738820076,0.6564664840698242,0.6146032810211182,11.397425651550293
8,0,1.2346229816273535e-08,41,negative,11744,-27.430706024169922,-0.016740458086133003,0.4108767509460449,0.3129551410675049,11.270639419555664
8,0,1.2346229816273535e-08,42,negative,8990,-31.947790145874023,-0.019497165456414223,0.34864580631256104,0.3760061264038086,11.138463020324707
8,0,1.2346229816273535e-08,43,negative,12190,-23.771263122558594,-0.01450719777494669,0.46097224950790405,0.5860483050346375,10.957892417907715
8,0,1.2346229816273535e-08,44,negative,15109,-28.89121437072754,-0.01763179525732994,0.36728745698928833,0.3758144974708557,10.611380577087402
8,0,1.2346229816273535e-08,45,negative,6514,-10.588260650634766,-0.006461815442889929,0.9527480006217957,0.6720966100692749,10.087944030761719
8,0,1.2346229816273535e-08,46,negative,1075,-11.646916389465332,-0.007107919082045555,0.853397786617279,0.5711000561714172,9.939453125
8,0,1.2346229816273535e-08,47,negative,3893,-20.982084274291992,-0.01280495710670948,0.4631562829017639,0.5712916851043701,9.717984199523926
8,0,1.2346229816273535e-08,48,negative,4614,-5.801403045654297,-0.003540496341884136,1.672223448753357,0.8915293216705322,9.701242446899414
8,0,1.2346229816273535e-08,49,negative,899,-11.989079475402832,-0.007316762115806341,0.7996498942375183,0.6653890609741211,9.587065696716309
9,1,1.0,0,positive,2260,116.69964599609375,0.12305000424385071,0.8268778324127197,0.7238405346870422,96.49635314941406
9,1,1.0,1,positive,4017,21.073150634765625,0.02221987023949623,1.9327313899993896,0.5093905925750732,40.72874069213867
9,1,1.0,2,positive,3034,15.188961029052734,0.016015535220503807,1.9960211515426636,0.9302414655685425,30.317487716674805
9,1,1.0,3,positive,14665,10.686564445495605,0.011268102563917637,2.4935708045959473,0.9532387852668762,26.647705078125
9,1,1.0,4,positive,5802,16.971628189086914,0.017895203083753586,1.2910199165344238,0.8257953524589539,21.910709381103516
9,1,1.0,5,positive,7909,16.233139038085938,0.017116503790020943,1.2207328081130981,0.5193560719490051,19.816326141357422
9,1,1.0,6,positive,387,10.997823715209961,0.011596341617405415,1.7332069873809814,0.5728248357772827,19.061504364013672
9,1,1.0,7,positive,3065,20.835494995117188,0.02196931466460228,0.887001097202301,0.7397470474243164,18.481107711791992
9,1,1.0,8,positive,14525,9.81977367401123,0.010354133322834969,1.7266929149627686,0.8815638422966003,16.955734252929688
9,1,1.0,9,positive,5422,8.380751609802246,0.008836822584271431,1.8780075311660767,0.9296665191650391,15.739114761352539
9,1,1.0,10,positive,14550,6.036810874938965,0.0063653071410954,2.3827693462371826,0.9193177223205566,14.38432788848877
9,1,1.0,11,positive,8542,9.186298370361328,0.009686196222901344,1.463138461112976,0.8924875259399414,13.440826416015625
9,1,1.0,12,positive,15375,10.523477554321289,0.011096167378127575,1.2712128162384033,0.7602529525756836,13.377579689025879
9,1,1.0,13,positive,1027,11.22952651977539,0.011840557679533958,1.1888507604599,0.8901877999305725,13.350231170654297
9,1,1.0,14,positive,6881,7.682486534118652,0.008100549690425396,1.7117338180541992,0.8752395510673523,13.150371551513672
9,1,1.0,15,positive,5138,17.192604064941406,0.01812819205224514,0.7374635934829712,0.5534687638282776,12.678919792175293
9,1,1.0,16,positive,7546,4.66782283782959,0.0049218288622796535,2.540210485458374,0.9494059085845947,11.85725212097168
9,1,1.0,17,positive,4168,14.806306838989258,0.015612003393471241,0.7925502061843872,0.7324645519256592,11.7347412109375
9,1,1.0,18,positive,7818,16.67830467224121,0.017585908994078636,0.696956992149353,0.7395553588867188,11.62406063079834
9,1,1.0,19,positive,9222,24.61324691772461,0.02595260925590992,0.450920432806015,0.48696818947792053,11.098615646362305
9,1,1.0,20,positive,995,26.141799926757812,0.027564384043216705,0.40120792388916016,0.5538520216941833,10.488297462463379
9,1,1.0,21,positive,12368,7.718217849731445,0.008138233795762062,1.3316537141799927,0.727290153503418,10.277993202209473
9,1,1.0,22,positive,160,16.061092376708984,0.016935104504227638,0.6343713998794556,0.5981218814849854,10.188697814941406
9,1,1.0,23,positive,4366,12.613487243652344,0.01329988893121481,0.7978999614715576,0.6232272982597351,10.064300537109375
9,1,1.0,24,positive,2687,11.177145004272461,0.011785388924181461,0.8093263506889343,0.683020293712616,9.045957565307617
9,1,1.0,25,positive,6675,10.704329490661621,0.011286835186183453,0.812118649482727,0.47087007761001587,8.693185806274414
9,1,1.0,26,positive,3638,8.107028007507324,0.008548196405172348,1.0698692798614502,0.8095055818557739,8.673460006713867
9,1,1.0,27,positive,12793,21.43560218811035,0.022602124139666557,0.3727973401546478,0.4518972933292389,7.991135597229004
9,1,1.0,28,positive,9276,7.334606647491455,0.007733756676316261,1.0369350910186768,0.7397470474243164,7.60551118850708
9,1,1.0,29,positive,1733,31.768245697021484,0.033497072756290436,0.23735611140727997,0.3524338901042938,7.540387153625488
9,1,1.0,30,positive,3259,20.821941375732422,0.02195507287979126,0.3606801927089691,0.42506706714630127,7.510061740875244
9,1,1.0,31,positive,8577,13.13938045501709,0.013854405842721462,0.5650776028633118,0.4722115695476532,7.424769401550293
9,1,1.0,32,positive,15443,13.721109390258789,0.014467827044427395,0.5071892738342285,0.5065159201622009,6.95919942855835
9,1,1.0,33,positive,3047,6.435808181762695,0.006786048877984285,1.0488731861114502,0.45362207293510437,6.750346660614014
9,1,1.0,34,positive,209,5.06355094909668,0.005339132621884346,1.219117522239685,0.8838635683059692,6.1730637550354
9,1,1.0,35,positive,4241,7.560001373291016,0.00797139760106802,0.7698273062705994,0.5835568904876709,5.819895267486572
9,1,1.0,36,positive,4841,5.4453253746032715,0.0057416255585849285,0.9922705888748169,0.8229206800460815,5.403236389160156
9,1,1.0,37,positive,11447,6.069774627685547,0.006400086916983128,0.8826926350593567,0.7244154810905457,5.357745170593262
9,1,1.0,38,positive,14975,10.64122486114502,0.011220305226743221,0.49980732798576355,0.5825986862182617,5.318562030792236
9,1,1.0,39,positive,6693,4.480198860168457,0.004724001511931419,1.1766691207885742,0.8574166297912598,5.271711826324463
9,1,1.0,40,positive,10620,12.507363319396973,0.013188013806939125,0.41908857226371765,0.5143733024597168,5.241693019866943
9,1,1.0,41,positive,13323,4.1681227684021,0.004394951276481152,1.2182011604309082,0.5051743984222412,5.077611923217773
9,1,1.0,42,positive,5744,10.436095237731934,0.011004016734659672,0.48347583413124084,0.18167880177497864,5.045599937438965
9,1,1.0,43,positive,821,22.4117488861084,0.023631341755390167,0.22462797164916992,0.26638558506965637,5.034305572509766
9,1,1.0,44,positive,1857,20.823287963867188,0.021956490352749825,0.24134774506092072,0.30203142762184143,5.02565336227417
9,1,1.0,45,positive,11881,6.620230674743652,0.006980502512305975,0.752007007598877,0.7786508202552795,4.97845983505249
9,1,1.0,46,positive,6575,6.605708599090576,0.006965166423469782,0.7533309459686279,0.693560779094696,4.976284503936768
9,1,1.0,47,positive,2264,30.963809967041016,0.032648805528879166,0.1552862823009491,0.14775776863098145,4.808254718780518
9,1,1.0,48,positive,7537,17.17713165283203,0.018111852928996086,0.2794245779514313,0.3623993992805481,4.799712657928467
9,1,1.0,49,positive,9349,7.305660247802734,0.0077032241970300674,0.6429637670516968,0.6128785014152527,4.697274684906006
9,1,1.0,0,negative,15558,-17.83708953857422,-0.01880771294236183,1.8998169898986816,0.9292832612991333,33.88720703125
9,1,1.0,1,negative,8938,-12.2228364944458,-0.012887941673398018,2.47702956199646,0.611536979675293,30.27632713317871
9,1,1.0,2,negative,7066,-19.688953399658203,-0.02076038531959057,1.4874598979949951,0.4457646608352661,29.286529541015625
9,1,1.0,3,negative,15346,-14.853960037231445,-0.015662284567952156,1.6166316270828247,0.9279417395591736,24.013381958007812
9,1,1.0,4,negative,14840,-15.861790657043457,-0.016724981367588043,1.4831875562667847,0.8871214985847473,23.526010513305664
9,1,1.0,5,negative,240,-13.228342056274414,-0.013948188163340092,1.7393468618392944,0.806439220905304,23.00867462158203
9,1,1.0,6,negative,7528,-21.314830780029297,-0.022474735975265503,1.078221082687378,0.5373706221580505,22.982099533081055
9,1,1.0,7,negative,6582,-15.904876708984375,-0.016770433634519577,1.3664917945861816,0.6004216074943542,21.733882904052734
9,1,1.0,8,negative,9393,-19.21632957458496,-0.02026207558810711,1.1279864311218262,0.816979706287384,21.675758361816406
9,1,1.0,9,negative,14278,-16.9775447845459,-0.017901422455906868,1.154139518737793,0.42065924406051636,19.59445571899414
9,1,1.0,10,negative,10179,-10.297714233398438,-0.010858102701604366,1.8288897275924683,0.8261786103248596,18.833383560180664
9,1,1.0,11,negative,14020,-24.944379806518555,-0.02630184218287468,0.5916831493377686,0.5153315663337708,14.759169578552246
9,1,1.0,12,negative,7061,-13.991973876953125,-0.014753389172255993,0.9771179556846619,0.7129168510437012,13.671809196472168
9,1,1.0,13,negative,13761,-9.541708946228027,-0.010060933418571949,1.4322808980941772,0.38463011384010315,13.666407585144043
9,1,1.0,14,negative,6568,-8.843260765075684,-0.009324482642114162,1.5351643562316895,0.5795323848724365,13.575859069824219
9,1,1.0,15,negative,1520,-15.326497077941895,-0.016160551458597183,0.8168410062789917,0.4336910545825958,12.51931095123291
9,1,1.0,16,negative,9022,-9.459527015686035,-0.009974237531423569,1.302530288696289,0.49425068497657776,12.321320533752441
9,1,1.0,17,negative,5144,-20.49630355834961,-0.021611711010336876,0.5864472389221191,0.5262552499771118,12.020000457763672
9,1,1.0,18,negative,13795,-13.503881454467773,-0.014238718897104263,0.8895290493965149,0.6525488495826721,12.012094497680664
9,1,1.0,19,negative,9226,-21.389875411987305,-0.02255387045443058,0.5559351444244385,0.5459946393966675,11.891383171081543
9,1,1.0,20,negative,15407,-5.323331832885742,-0.0056129926815629005,2.1339662075042725,0.9444231390953064,11.359809875488281
9,1,1.0,21,negative,9652,-4.749758720397949,-0.005008223932236433,2.225372076034546,0.9517056345939636,10.56998062133789
9,1,1.0,22,negative,4629,-7.669497966766357,-0.008086871355772018,1.3654478788375854,0.9028363227844238,10.472299575805664
9,1,1.0,23,negative,1080,-22.268327713012695,-0.023480160161852837,0.44566377997398376,0.5469528436660767,9.924186706542969
9,1,1.0,24,negative,14489,-13.911428451538086,-0.01466845627874136,0.6908827424049377,0.6088539958000183,9.611166000366211
9,1,1.0,25,negative,9221,-7.232021808624268,-0.007625575643032789,1.306720495223999,0.7970486879348755,9.450231552124023
9,1,1.0,26,negative,1147,-8.591038703918457,-0.00905852485448122,1.0843666791915894,0.6887696385383606,9.315835952758789
9,1,1.0,27,negative,10441,-20.424850463867188,-0.021536344662308693,0.45200783014297485,0.5429283380508423,9.232192039489746
9,1,1.0,28,negative,6250,-12.214813232421875,-0.012879559770226479,0.7544091939926147,0.5904561281204224,9.214967727661133
9,1,1.0,29,negative,11192,-14.495442390441895,-0.01528427004814148,0.6244332790374756,0.5917976498603821,9.051436424255371
9,1,1.0,30,negative,12946,-6.412169933319092,-0.006761126685887575,1.349367618560791,0.8597163558006287,8.652374267578125
9,1,1.0,31,negative,4622,-13.602709770202637,-0.01434289664030075,0.6307747960090637,0.6021463871002197,8.580246925354004
9,1,1.0,32,negative,12919,-11.174372673034668,-0.011782468296587467,0.684361457824707,0.741280198097229,7.64730978012085
9,1,1.0,33,negative,6626,-12.637760162353516,-0.013325517997145653,0.602241039276123,0.40705251693725586,7.610977649688721
9,1,1.0,34,negative,8221,-22.549081802368164,-0.023776108399033546,0.3329603374004364,0.3608662188053131,7.5079498291015625
9,1,1.0,35,negative,9649,-15.41494083404541,-0.016253823414444923,0.4778445065021515,0.4405902624130249,7.365944862365723
9,1,1.0,36,negative,1440,-23.336280822753906,-0.024606196209788322,0.3138290047645569,0.34246838092803955,7.323601722717285
9,1,1.0,37,negative,4404,-13.010568618774414,-0.013718551956117153,0.5600482225418091,0.4518972933292389,7.286545753479004
9,1,1.0,38,negative,1797,-6.737914562225342,-0.007104591000825167,1.0654749870300293,0.5350708961486816,7.179079532623291
9,1,1.0,39,negative,3336,-8.218174934387207,-0.00866539403796196,0.8667944669723511,0.4336910545825958,7.123468399047852
9,1,1.0,40,negative,15013,-10.068537712097168,-0.010616440325975418,0.6564664840698242,0.6146032810211182,6.6096577644348145
9,1,1.0,41,negative,11744,-15.887203216552734,-0.016751758754253387,0.4108767509460449,0.3129551410675049,6.527682304382324
9,1,1.0,42,negative,8990,-18.463991165161133,-0.019468771293759346,0.34864580631256104,0.3760061264038086,6.4373931884765625
9,1,1.0,43,negative,12190,-13.800729751586914,-0.014551742933690548,0.46097224950790405,0.5860483050346375,6.361753463745117
9,1,1.0,44,negative,15109,-16.74817657470703,-0.01765958033502102,0.36728745698928833,0.3758144974708557,6.151395320892334
9,1,1.0,45,negative,6514,-6.0425896644592285,-0.0063714231364429,0.9527480006217957,0.6720966100692749,5.757065296173096
9,1,1.0,46,negative,1075,-6.716390132904053,-0.007081866264343262,0.853397786617279,0.5711000561714172,5.731752395629883
9,1,1.0,47,negative,3893,-12.159065246582031,-0.012820773757994175,0.4631562829017639,0.5712916851043701,5.631547451019287
9,1,1.0,48,negative,4614,-3.344956874847412,-0.0035269944928586483,1.672223448753357,0.8915293216705322,5.593515396118164
9,1,1.0,49,negative,899,-6.901407241821289,-0.007276949472725391,0.7996498942375183,0.6653890609741211,5.518709659576416
